method,ratio,user_id,trip_id,pred_center_id_rerun,pred_center_id_saved,_merge,exact_region_match
grid_full_prefix,0.25,0,20090603064302,0,0,both,True
grid_full_prefix,0.25,0,20090604053730,4,4,both,True
grid_full_prefix,0.25,0,20090605012707,11,11,both,True
grid_full_prefix,0.25,0,20090606060037,4,4,both,True
grid_full_prefix,0.25,0,20090607075255,4,4,both,True
grid_full_prefix,0.25,0,20090607163831,0,0,both,True
grid_full_prefix,0.25,0,20090608060034,4,4,both,True
grid_full_prefix,0.25,0,20090609002030,4,4,both,True
grid_full_prefix,0.25,0,20090610062438,4,4,both,True
grid_full_prefix,0.25,0,20090610223636,11,11,both,True
grid_full_prefix,0.25,0,20090611221204,0,0,both,True
grid_full_prefix,0.25,0,20090612072227,4,4,both,True
grid_full_prefix,0.25,0,20090612220336,4,4,both,True
grid_full_prefix,0.25,0,20090614065303,0,0,both,True
grid_full_prefix,0.25,0,20090615055603,4,4,both,True
grid_full_prefix,0.25,0,20090615183206,0,0,both,True
grid_full_prefix,0.25,0,20090616054128,4,4,both,True
grid_full_prefix,0.25,0,20090618005931,0,0,both,True
grid_full_prefix,0.25,0,20090619004036,4,4,both,True
grid_full_prefix,0.25,0,20090620024527,4,4,both,True
grid_full_prefix,0.25,0,20090621101407,4,4,both,True
grid_full_prefix,0.25,0,20090622095432,11,11,both,True
grid_full_prefix,0.25,0,20090623043635,4,4,both,True
grid_full_prefix,0.25,0,20090623233404,0,0,both,True
grid_full_prefix,0.25,0,20090624070430,4,4,both,True
grid_full_prefix,0.25,0,20090624215736,0,0,both,True
grid_full_prefix,0.25,0,20090625041631,4,4,both,True
grid_full_prefix,0.25,0,20090626101307,4,4,both,True
grid_full_prefix,0.25,0,20090627025208,4,4,both,True
grid_full_prefix,0.25,0,20090627101821,4,4,both,True
grid_full_prefix,0.25,0,20090628005229,16,16,both,True
grid_full_prefix,0.25,0,20090629011630,4,4,both,True
grid_full_prefix,0.25,0,20090629173335,0,0,both,True
grid_full_prefix,0.25,0,20090630045606,4,4,both,True
grid_full_prefix,0.25,0,20090701044033,0,0,both,True
grid_full_prefix,0.25,0,20090701171936,4,4,both,True
grid_full_prefix,0.25,0,20090702022530,4,4,both,True
grid_full_prefix,0.25,0,20090703002800,4,4,both,True
grid_full_prefix,0.25,0,20090704042634,0,0,both,True
grid_full_prefix,0.25,0,20090705025307,4,4,both,True
grid_full_prefix,0.25,16,20081202110923,3,3,both,True
grid_full_prefix,0.25,16,20081203091735,4,4,both,True
grid_full_prefix,0.25,16,20081208003122,0,0,both,True
grid_full_prefix,0.25,16,20081209014205,3,3,both,True
grid_full_prefix,0.25,16,20081210004205,3,3,both,True
grid_full_prefix,0.25,16,20081210102335,0,0,both,True
grid_full_prefix,0.25,16,20081211005204,0,0,both,True
grid_full_prefix,0.25,16,20081212071854,0,0,both,True
grid_full_prefix,0.25,16,20081213085404,3,3,both,True
grid_full_prefix,0.25,16,20081214050759,3,3,both,True
grid_full_prefix,0.25,16,20081215004559,3,3,both,True
grid_full_prefix,0.25,16,20081216010805,3,3,both,True
grid_full_prefix,0.25,17,20090319050008,0,0,both,True
grid_full_prefix,0.25,17,20090319091136,0,0,both,True
grid_full_prefix,0.25,17,20090319124458,0,0,both,True
grid_full_prefix,0.25,17,20090320000946,0,0,both,True
grid_full_prefix,0.25,17,20090320004539,3,3,both,True
grid_full_prefix,0.25,17,20090321050356,0,0,both,True
grid_full_prefix,0.25,17,20090322052036,0,0,both,True
grid_full_prefix,0.25,17,20090323000531,0,0,both,True
grid_full_prefix,0.25,17,20090323145837,0,0,both,True
grid_full_prefix,0.25,17,20090323212145,54,54,both,True
grid_full_prefix,0.25,17,20090325000739,0,0,both,True
grid_full_prefix,0.25,17,20090326000154,0,0,both,True
grid_full_prefix,0.25,17,20090326113406,0,0,both,True
grid_full_prefix,0.25,17,20090327002511,0,0,both,True
grid_full_prefix,0.25,17,20090328041725,1,1,both,True
grid_full_prefix,0.25,17,20090329025818,0,0,both,True
grid_full_prefix,0.25,17,20090329235347,0,0,both,True
grid_full_prefix,0.25,17,20090330112458,3,3,both,True
grid_full_prefix,0.25,17,20090331235635,0,0,both,True
grid_full_prefix,0.25,17,20090401235303,0,0,both,True
grid_full_prefix,0.25,17,20090402235820,0,0,both,True
grid_full_prefix,0.25,17,20090403131503,3,3,both,True
grid_full_prefix,0.25,17,20090404020155,0,0,both,True
grid_full_prefix,0.25,17,20090405053007,0,0,both,True
grid_full_prefix,0.25,17,20090406060347,0,0,both,True
grid_full_prefix,0.25,17,20090406233133,1,1,both,True
grid_full_prefix,0.25,17,20090407122913,0,0,both,True
grid_full_prefix,0.25,17,20090407234410,0,0,both,True
grid_full_prefix,0.25,17,20090408235354,0,0,both,True
grid_full_prefix,0.25,17,20090409234539,0,0,both,True
grid_full_prefix,0.25,17,20090411000325,0,0,both,True
grid_full_prefix,0.25,17,20090412014730,0,0,both,True
grid_full_prefix,0.25,17,20090413000008,0,0,both,True
grid_full_prefix,0.25,17,20090413235216,0,0,both,True
grid_full_prefix,0.25,17,20090415234514,0,0,both,True
grid_full_prefix,0.25,17,20090416234739,0,0,both,True
grid_full_prefix,0.25,17,20090418014515,3,3,both,True
grid_full_prefix,0.25,17,20090419010400,0,0,both,True
grid_full_prefix,0.25,17,20090419130441,1,1,both,True
grid_full_prefix,0.25,17,20090420000026,0,0,both,True
grid_full_prefix,0.25,17,20090420110816,3,3,both,True
grid_full_prefix,0.25,17,20090420235733,0,0,both,True
grid_full_prefix,0.25,17,20090421124855,0,0,both,True
grid_full_prefix,0.25,17,20090421234946,0,0,both,True
grid_full_prefix,0.25,17,20090513094309,0,0,both,True
grid_full_prefix,0.25,17,20090513232947,0,0,both,True
grid_full_prefix,0.25,17,20090514090933,0,0,both,True
grid_full_prefix,0.25,17,20090515020800,0,0,both,True
grid_full_prefix,0.25,17,20090516010239,0,0,both,True
grid_full_prefix,0.25,17,20090517033915,0,0,both,True
grid_full_prefix,0.25,17,20090517054300,3,3,both,True
grid_full_prefix,0.25,17,20090519003045,0,0,both,True
grid_full_prefix,0.25,17,20090520231518,0,0,both,True
grid_full_prefix,0.25,17,20090521234308,0,0,both,True
grid_full_prefix,0.25,17,20090523022436,0,0,both,True
grid_full_prefix,0.25,17,20090524232403,0,0,both,True
grid_full_prefix,0.25,17,20090526051336,0,0,both,True
grid_full_prefix,0.25,17,20090528012914,63,63,both,True
grid_full_prefix,0.25,17,20090530054703,0,0,both,True
grid_full_prefix,0.25,17,20090531001952,0,0,both,True
grid_full_prefix,0.25,17,20090601000744,0,0,both,True
grid_full_prefix,0.25,17,20090601235202,3,3,both,True
grid_full_prefix,0.25,17,20090602131142,0,0,both,True
grid_full_prefix,0.25,17,20090603233338,0,0,both,True
grid_full_prefix,0.25,17,20090604232209,0,0,both,True
grid_full_prefix,0.25,17,20090607021214,0,0,both,True
grid_full_prefix,0.25,17,20090607234645,0,0,both,True
grid_full_prefix,0.25,17,20090608233046,0,0,both,True
grid_full_prefix,0.25,17,20090609233900,0,0,both,True
grid_full_prefix,0.25,17,20090610135201,0,0,both,True
grid_full_prefix,0.25,17,20090610232548,0,0,both,True
grid_full_prefix,0.25,17,20090611234447,0,0,both,True
grid_full_prefix,0.25,17,20090613010507,0,0,both,True
grid_full_prefix,0.25,17,20090613144446,0,0,both,True
grid_full_prefix,0.25,17,20090613231704,0,0,both,True
grid_full_prefix,0.25,17,20090614233331,0,0,both,True
grid_full_prefix,0.25,17,20090615233906,0,0,both,True
grid_full_prefix,0.25,17,20090617131111,3,3,both,True
grid_full_prefix,0.25,17,20090617235133,0,0,both,True
grid_full_prefix,0.25,17,20090618235545,0,0,both,True
grid_full_prefix,0.25,17,20090619234854,3,3,both,True
grid_full_prefix,0.25,17,20090621012524,0,0,both,True
grid_full_prefix,0.25,17,20090621094628,0,0,both,True
grid_full_prefix,0.25,17,20090623000214,3,3,both,True
grid_full_prefix,0.25,17,20090623141709,0,0,both,True
grid_full_prefix,0.25,17,20090624121832,3,3,both,True
grid_full_prefix,0.25,17,20090625014745,0,0,both,True
grid_full_prefix,0.25,17,20090625232715,0,0,both,True
grid_full_prefix,0.25,17,20090627012536,0,0,both,True
grid_full_prefix,0.25,17,20090628013245,0,0,both,True
grid_full_prefix,0.25,17,20090630001301,53,53,both,True
grid_full_prefix,0.25,17,20090702000608,3,3,both,True
grid_full_prefix,0.25,17,20090702094931,0,0,both,True
grid_full_prefix,0.25,17,20090703000110,0,0,both,True
grid_full_prefix,0.25,17,20090704063554,0,0,both,True
grid_full_prefix,0.25,19,20081208063648,4,4,both,True
grid_full_prefix,0.25,19,20081208093749,25,25,both,True
grid_full_prefix,0.25,19,20081208115451,0,0,both,True
grid_full_prefix,0.25,19,20081209002742,4,4,both,True
grid_full_prefix,0.25,19,20081209101839,0,0,both,True
grid_full_prefix,0.25,19,20081209125837,0,0,both,True
grid_full_prefix,0.25,19,20081209150349,0,0,both,True
grid_full_prefix,0.25,19,20081210051634,4,4,both,True
grid_full_prefix,0.25,19,20081210055142,0,0,both,True
grid_full_prefix,0.25,19,20081210062239,0,0,both,True
grid_full_prefix,0.25,19,20081210085203,0,0,both,True
grid_full_prefix,0.25,19,20081210093504,0,0,both,True
grid_full_prefix,0.25,19,20081211001406,0,0,both,True
grid_full_prefix,0.25,19,20081211024057,23,23,both,True
grid_full_prefix,0.25,19,20081211034454,5,5,both,True
grid_full_prefix,0.25,19,20081211044214,0,0,both,True
grid_full_prefix,0.25,19,20081213075114,0,0,both,True
grid_full_prefix,0.25,19,20081214002807,0,0,both,True
grid_full_prefix,0.25,19,20081214092748,6,6,both,True
grid_full_prefix,0.25,20,20111115013237,1,1,both,True
grid_full_prefix,0.25,20,20111116153831,0,0,both,True
grid_full_prefix,0.25,20,20111117020931,1,1,both,True
grid_full_prefix,0.25,20,20111118101629,1,1,both,True
grid_full_prefix,0.25,20,20111119042142,1,1,both,True
grid_full_prefix,0.25,20,20111119155101,0,0,both,True
grid_full_prefix,0.25,20,20111120161356,0,0,both,True
grid_full_prefix,0.25,20,20111121013035,1,1,both,True
grid_full_prefix,0.25,20,20111122014130,1,1,both,True
grid_full_prefix,0.25,20,20111122151957,0,0,both,True
grid_full_prefix,0.25,20,20111123154525,0,0,both,True
grid_full_prefix,0.25,20,20111124020829,1,1,both,True
grid_full_prefix,0.25,20,20111124154938,0,0,both,True
grid_full_prefix,0.25,20,20111125014422,1,1,both,True
grid_full_prefix,0.25,20,20111125152106,0,0,both,True
grid_full_prefix,0.25,20,20111128015322,1,1,both,True
grid_full_prefix,0.25,20,20111128151537,0,0,both,True
grid_full_prefix,0.25,20,20111129015531,1,1,both,True
grid_full_prefix,0.25,20,20111129151955,0,0,both,True
grid_full_prefix,0.25,20,20111130015030,1,1,both,True
grid_full_prefix,0.25,20,20111130151807,0,0,both,True
grid_full_prefix,0.25,20,20111130152335,1,1,both,True
grid_full_prefix,0.25,20,20111201020105,1,1,both,True
grid_full_prefix,0.25,20,20111202020153,1,1,both,True
grid_full_prefix,0.25,20,20111206145735,0,0,both,True
grid_full_prefix,0.25,20,20111209015635,1,1,both,True
grid_full_prefix,0.25,20,20111213143458,0,0,both,True
grid_full_prefix,0.25,20,20111220145401,0,0,both,True
grid_full_prefix,0.25,20,20111221014028,1,1,both,True
grid_full_prefix,0.25,20,20111221150308,0,0,both,True
grid_full_prefix,0.25,20,20111222021305,1,1,both,True
grid_full_prefix,0.25,20,20111223015835,1,1,both,True
grid_full_prefix,0.25,20,20111227051001,0,0,both,True
grid_full_prefix,0.25,24,20090318010336,3,3,both,True
grid_full_prefix,0.25,24,20090319051300,3,3,both,True
grid_full_prefix,0.25,24,20090319232505,3,3,both,True
grid_full_prefix,0.25,24,20090320092600,3,3,both,True
grid_full_prefix,0.25,24,20090321000237,3,3,both,True
grid_full_prefix,0.25,24,20090321235532,3,3,both,True
grid_full_prefix,0.25,24,20090322063047,3,3,both,True
grid_full_prefix,0.25,24,20090323232430,1,1,both,True
grid_full_prefix,0.25,24,20090325001055,3,3,both,True
grid_full_prefix,0.25,24,20090325232230,3,3,both,True
grid_full_prefix,0.25,24,20090512010704,3,3,both,True
grid_full_prefix,0.25,24,20090512231006,3,3,both,True
grid_full_prefix,0.25,24,20090514001608,3,3,both,True
grid_full_prefix,0.25,24,20090515051736,3,3,both,True
grid_full_prefix,0.25,24,20090516000230,3,3,both,True
grid_full_prefix,0.25,24,20090518010033,3,3,both,True
grid_full_prefix,0.25,24,20090519002637,6,6,both,True
grid_full_prefix,0.25,24,20090519231433,3,3,both,True
grid_full_prefix,0.25,24,20090520231037,3,3,both,True
grid_full_prefix,0.25,24,20090522012954,6,6,both,True
grid_full_prefix,0.25,24,20090523001107,3,3,both,True
grid_full_prefix,0.25,24,20090524061723,3,3,both,True
grid_full_prefix,0.25,24,20090525230436,3,3,both,True
grid_full_prefix,0.25,24,20090526104409,3,3,both,True
grid_full_prefix,0.25,25,20090511025404,0,0,both,True
grid_full_prefix,0.25,25,20090511074253,0,0,both,True
grid_full_prefix,0.25,25,20090511120543,0,0,both,True
grid_full_prefix,0.25,25,20090512000606,115,115,both,True
grid_full_prefix,0.25,25,20090512082957,0,0,both,True
grid_full_prefix,0.25,25,20090513013740,0,0,both,True
grid_full_prefix,0.25,25,20090513105350,0,0,both,True
grid_full_prefix,0.25,25,20090514000001,0,0,both,True
grid_full_prefix,0.25,25,20090514015739,0,0,both,True
grid_full_prefix,0.25,25,20090514025341,0,0,both,True
grid_full_prefix,0.25,25,20090514100158,0,0,both,True
grid_full_prefix,0.25,25,20090515000000,40,40,both,True
grid_full_prefix,0.25,25,20090516044805,115,115,both,True
grid_full_prefix,0.25,25,20090516061230,115,115,both,True
grid_full_prefix,0.25,25,20090516105352,115,115,both,True
grid_full_prefix,0.25,25,20090517010002,47,47,both,True
grid_full_prefix,0.25,25,20090517055402,40,40,both,True
grid_full_prefix,0.25,25,20090517092755,40,40,both,True
grid_full_prefix,0.25,25,20090517120000,115,115,both,True
grid_full_prefix,0.25,25,20090518101843,40,40,both,True
grid_full_prefix,0.25,25,20090518121117,40,40,both,True
grid_full_prefix,0.25,25,20090519013040,51,51,both,True
grid_full_prefix,0.25,25,20090519122006,51,51,both,True
grid_full_prefix,0.25,25,20090520000243,38,38,both,True
grid_full_prefix,0.25,25,20090520114811,0,0,both,True
grid_full_prefix,0.25,25,20090520234651,111,111,both,True
grid_full_prefix,0.25,25,20090521042205,0,0,both,True
grid_full_prefix,0.25,25,20090521053513,0,0,both,True
grid_full_prefix,0.25,25,20090521235502,2,2,both,True
grid_full_prefix,0.25,25,20090522042917,0,0,both,True
grid_full_prefix,0.25,25,20090523000115,111,111,both,True
grid_full_prefix,0.25,25,20090523044126,0,0,both,True
grid_full_prefix,0.25,25,20090524000415,111,111,both,True
grid_full_prefix,0.25,25,20090524042347,0,0,both,True
grid_full_prefix,0.25,25,20090524075447,0,0,both,True
grid_full_prefix,0.25,25,20090525000736,0,0,both,True
grid_full_prefix,0.25,25,20090525040854,0,0,both,True
grid_full_prefix,0.25,25,20090525074414,0,0,both,True
grid_full_prefix,0.25,25,20090525081250,93,93,both,True
grid_full_prefix,0.25,25,20090525235606,111,111,both,True
grid_full_prefix,0.25,25,20090526044933,0,0,both,True
grid_full_prefix,0.25,25,20090526084328,0,0,both,True
grid_full_prefix,0.25,25,20090526235709,111,111,both,True
grid_full_prefix,0.25,25,20090527045639,0,0,both,True
grid_full_prefix,0.25,25,20090527092852,0,0,both,True
grid_full_prefix,0.25,25,20090528000132,111,111,both,True
grid_full_prefix,0.25,25,20090528043016,0,0,both,True
grid_full_prefix,0.25,25,20090528074406,0,0,both,True
grid_full_prefix,0.25,25,20090528104309,0,0,both,True
grid_full_prefix,0.25,25,20090528123505,0,0,both,True
grid_full_prefix,0.25,25,20090529021453,0,0,both,True
grid_full_prefix,0.25,25,20090529044013,0,0,both,True
grid_full_prefix,0.25,25,20090529081236,93,93,both,True
grid_full_prefix,0.25,25,20090529100124,0,0,both,True
grid_full_prefix,0.25,25,20090530000803,111,111,both,True
grid_full_prefix,0.25,25,20090530092855,0,0,both,True
grid_full_prefix,0.25,25,20090531000007,2,2,both,True
grid_full_prefix,0.25,25,20090531090700,93,93,both,True
grid_full_prefix,0.25,25,20090601104724,0,0,both,True
grid_full_prefix,0.25,25,20090601113739,0,0,both,True
grid_full_prefix,0.25,25,20090601121555,0,0,both,True
grid_full_prefix,0.25,25,20090602041611,111,111,both,True
grid_full_prefix,0.25,25,20090602101840,93,93,both,True
grid_full_prefix,0.25,25,20090603033735,0,0,both,True
grid_full_prefix,0.25,25,20090603102054,93,93,both,True
grid_full_prefix,0.25,25,20090604040956,111,111,both,True
grid_full_prefix,0.25,25,20090604104645,0,0,both,True
grid_full_prefix,0.25,25,20090605035359,0,0,both,True
grid_full_prefix,0.25,25,20090605094502,0,0,both,True
grid_full_prefix,0.25,25,20090605112034,0,0,both,True
grid_full_prefix,0.25,25,20090606005515,2,2,both,True
grid_full_prefix,0.25,25,20090606093819,0,0,both,True
grid_full_prefix,0.25,25,20090606120215,0,0,both,True
grid_full_prefix,0.25,25,20090606234144,115,115,both,True
grid_full_prefix,0.25,25,20090607113902,38,38,both,True
grid_full_prefix,0.25,25,20090608005335,38,38,both,True
grid_full_prefix,0.25,25,20090609012637,38,38,both,True
grid_full_prefix,0.25,25,20090609090605,38,38,both,True
grid_full_prefix,0.25,25,20090609112946,38,38,both,True
grid_full_prefix,0.25,25,20090610023300,38,38,both,True
grid_full_prefix,0.25,25,20090610095604,38,38,both,True
grid_full_prefix,0.25,25,20090610170259,0,0,both,True
grid_full_prefix,0.25,25,20090611085512,10,10,both,True
grid_full_prefix,0.25,25,20090611113001,0,0,both,True
grid_full_prefix,0.25,25,20090612040740,0,0,both,True
grid_full_prefix,0.25,25,20090612064142,0,0,both,True
grid_full_prefix,0.25,25,20090612130630,0,0,both,True
grid_full_prefix,0.25,25,20090612145033,0,0,both,True
grid_full_prefix,0.25,25,20090614050830,0,0,both,True
grid_full_prefix,0.25,25,20090614085036,98,98,both,True
grid_full_prefix,0.25,25,20090614123454,0,0,both,True
grid_full_prefix,0.25,25,20090615074716,10,10,both,True
grid_full_prefix,0.25,25,20090615132630,0,0,both,True
grid_full_prefix,0.25,25,20090615142743,0,0,both,True
grid_full_prefix,0.25,25,20090616000900,111,111,both,True
grid_full_prefix,0.25,25,20090616093056,0,0,both,True
grid_full_prefix,0.25,25,20090617042939,0,0,both,True
grid_full_prefix,0.25,25,20090617104840,0,0,both,True
grid_full_prefix,0.25,25,20090618010806,2,2,both,True
grid_full_prefix,0.25,25,20090618064236,93,93,both,True
grid_full_prefix,0.25,25,20090619002314,1,1,both,True
grid_full_prefix,0.25,25,20090619023451,13,13,both,True
grid_full_prefix,0.25,25,20090620001440,2,2,both,True
grid_full_prefix,0.25,25,20090620035727,0,0,both,True
grid_full_prefix,0.25,25,20090620092630,93,93,both,True
grid_full_prefix,0.25,25,20090621005632,2,2,both,True
grid_full_prefix,0.25,25,20090621094130,93,93,both,True
grid_full_prefix,0.25,25,20090621130111,0,0,both,True
grid_full_prefix,0.25,25,20090622001245,0,0,both,True
grid_full_prefix,0.25,25,20090622050547,0,0,both,True
grid_full_prefix,0.25,25,20090622092840,0,0,both,True
grid_full_prefix,0.25,25,20090623012719,0,0,both,True
grid_full_prefix,0.25,25,20090623042946,0,0,both,True
grid_full_prefix,0.25,25,20090623085109,0,0,both,True
grid_full_prefix,0.25,25,20090623100934,0,0,both,True
grid_full_prefix,0.25,25,20090623133306,93,93,both,True
grid_full_prefix,0.25,25,20090623153918,74,74,both,True
grid_full_prefix,0.25,25,20090624024641,0,0,both,True
grid_full_prefix,0.25,25,20090624081836,0,0,both,True
grid_full_prefix,0.25,25,20090625000008,74,74,both,True
grid_full_prefix,0.25,25,20090625034002,0,0,both,True
grid_full_prefix,0.25,25,20090626071038,0,0,both,True
grid_full_prefix,0.25,25,20090626115640,0,0,both,True
grid_full_prefix,0.25,25,20090626142016,0,0,both,True
grid_full_prefix,0.25,25,20090627022716,0,0,both,True
grid_full_prefix,0.25,25,20090627065710,0,0,both,True
grid_full_prefix,0.25,25,20090628101336,0,0,both,True
grid_full_prefix,0.25,25,20090629002542,0,0,both,True
grid_full_prefix,0.25,25,20090629013154,10,10,both,True
grid_full_prefix,0.25,25,20090629081014,0,0,both,True
grid_full_prefix,0.25,25,20090630074500,0,0,both,True
grid_full_prefix,0.25,25,20090630110602,0,0,both,True
grid_full_prefix,0.25,25,20090630123834,0,0,both,True
grid_full_prefix,0.25,25,20090701084100,0,0,both,True
grid_full_prefix,0.25,25,20090701091446,0,0,both,True
grid_full_prefix,0.25,25,20090701143746,0,0,both,True
grid_full_prefix,0.25,25,20090701165346,0,0,both,True
grid_full_prefix,0.25,25,20090702025218,0,0,both,True
grid_full_prefix,0.25,25,20090702091404,0,0,both,True
grid_full_prefix,0.25,25,20090702114731,0,0,both,True
grid_full_prefix,0.25,25,20090703013710,0,0,both,True
grid_full_prefix,0.25,25,20090703022251,0,0,both,True
grid_full_prefix,0.25,25,20090703053357,0,0,both,True
grid_full_prefix,0.25,25,20090703093956,0,0,both,True
grid_full_prefix,0.25,25,20090703135348,0,0,both,True
grid_full_prefix,0.25,25,20090704042738,0,0,both,True
grid_full_prefix,0.25,25,20090704101609,0,0,both,True
grid_full_prefix,0.25,25,20090705044519,0,0,both,True
grid_full_prefix,0.25,25,20090705093145,0,0,both,True
grid_full_prefix,0.25,25,20090705142119,0,0,both,True
grid_full_prefix,0.25,25,20090705234132,0,0,both,True
grid_full_prefix,0.25,25,20090706033701,0,0,both,True
grid_full_prefix,0.25,25,20090706042627,0,0,both,True
grid_full_prefix,0.25,25,20090706112513,0,0,both,True
grid_full_prefix,0.25,25,20090706124423,0,0,both,True
grid_full_prefix,0.25,25,20090707072302,0,0,both,True
grid_full_prefix,0.25,25,20090707091545,0,0,both,True
grid_full_prefix,0.25,25,20090708020049,0,0,both,True
grid_full_prefix,0.25,25,20090708032528,0,0,both,True
grid_full_prefix,0.25,25,20090708083822,32,32,both,True
grid_full_prefix,0.25,25,20090708112912,38,38,both,True
grid_full_prefix,0.25,25,20090709001109,40,40,both,True
grid_full_prefix,0.25,25,20090710102416,40,40,both,True
grid_full_prefix,0.25,25,20090710134415,40,40,both,True
grid_full_prefix,0.25,25,20090711073706,51,51,both,True
grid_full_prefix,0.25,25,20090711091028,40,40,both,True
grid_full_prefix,0.25,26,20090321063103,0,0,both,True
grid_full_prefix,0.25,26,20090321235040,0,0,both,True
grid_full_prefix,0.25,26,20090325081528,0,0,both,True
grid_full_prefix,0.25,26,20090405033104,0,0,both,True
grid_full_prefix,0.25,26,20090405164834,0,0,both,True
grid_full_prefix,0.25,26,20090407094503,0,0,both,True
grid_full_prefix,0.25,26,20090408040922,0,0,both,True
grid_full_prefix,0.25,26,20090411011503,0,0,both,True
grid_full_prefix,0.25,26,20090414091952,0,0,both,True
grid_full_prefix,0.25,26,20090415014804,0,0,both,True
grid_full_prefix,0.25,26,20090418032222,0,0,both,True
grid_full_prefix,0.25,28,20090408000034,12,12,both,True
grid_full_prefix,0.25,28,20090408091659,2,2,both,True
grid_full_prefix,0.25,28,20090408234136,12,12,both,True
grid_full_prefix,0.25,28,20090410052703,2,2,both,True
grid_full_prefix,0.25,28,20090413091309,2,2,both,True
grid_full_prefix,0.25,28,20090413222107,3,3,both,True
grid_full_prefix,0.25,28,20090414104608,2,2,both,True
grid_full_prefix,0.25,28,20090414222138,3,3,both,True
grid_full_prefix,0.25,28,20090415080832,2,2,both,True
grid_full_prefix,0.25,28,20090416091157,2,2,both,True
grid_full_prefix,0.25,28,20090416222138,3,3,both,True
grid_full_prefix,0.25,28,20090417073556,2,2,both,True
grid_full_prefix,0.25,28,20090420091753,2,2,both,True
grid_full_prefix,0.25,28,20090420222226,3,3,both,True
grid_full_prefix,0.25,28,20090421093501,2,2,both,True
grid_full_prefix,0.25,28,20090421222226,3,3,both,True
grid_full_prefix,0.25,29,20090310075634,0,0,both,True
grid_full_prefix,0.25,29,20090310230051,1,1,both,True
grid_full_prefix,0.25,29,20090311225433,1,1,both,True
grid_full_prefix,0.25,29,20090312112334,0,0,both,True
grid_full_prefix,0.25,29,20090312231752,1,1,both,True
grid_full_prefix,0.25,29,20090313090729,0,0,both,True
grid_full_prefix,0.25,29,20090315225504,1,1,both,True
grid_full_prefix,0.25,29,20090316090503,0,0,both,True
grid_full_prefix,0.25,29,20090317225758,1,1,both,True
grid_full_prefix,0.25,29,20090318090128,0,0,both,True
grid_full_prefix,0.25,29,20090321022628,0,0,both,True
grid_full_prefix,0.25,35,20090407073512,0,0,both,True
grid_full_prefix,0.25,35,20090407210407,0,0,both,True
grid_full_prefix,0.25,35,20090409210105,0,0,both,True
grid_full_prefix,0.25,35,20090411000535,0,0,both,True
grid_full_prefix,0.25,35,20090412205936,1,1,both,True
grid_full_prefix,0.25,35,20090413063915,0,0,both,True
grid_full_prefix,0.25,35,20090413210306,1,1,both,True
grid_full_prefix,0.25,35,20090414210553,0,0,both,True
grid_full_prefix,0.25,35,20090415210305,0,0,both,True
grid_full_prefix,0.25,35,20090416210531,0,0,both,True
grid_full_prefix,0.25,35,20090418035753,0,0,both,True
grid_full_prefix,0.25,35,20090419210937,0,0,both,True
grid_full_prefix,0.25,35,20090420064050,0,0,both,True
grid_full_prefix,0.25,35,20090420205905,0,0,both,True
grid_full_prefix,0.25,35,20090421205900,0,0,both,True
grid_full_prefix,0.25,35,20090422210636,0,0,both,True
grid_full_prefix,0.25,35,20090426050031,0,0,both,True
grid_full_prefix,0.25,35,20090426132556,0,0,both,True
grid_full_prefix,0.25,35,20090426211055,0,0,both,True
grid_full_prefix,0.25,36,20090407033154,8,8,both,True
grid_full_prefix,0.25,36,20090408094615,8,8,both,True
grid_full_prefix,0.25,36,20090409012524,8,8,both,True
grid_full_prefix,0.25,36,20090410053505,8,8,both,True
grid_full_prefix,0.25,36,20090411021801,8,8,both,True
grid_full_prefix,0.25,36,20090412125703,8,8,both,True
grid_full_prefix,0.25,36,20090413034508,8,8,both,True
grid_full_prefix,0.25,36,20090417083536,8,8,both,True
grid_full_prefix,0.25,36,20090418004038,4,4,both,True
grid_full_prefix,0.25,36,20090419025430,4,4,both,True
grid_full_prefix,0.25,36,20090423102604,8,8,both,True
grid_full_prefix,0.25,36,20090424112604,8,8,both,True
grid_full_prefix,0.25,36,20090426095159,5,5,both,True
grid_full_prefix,0.25,36,20090702005634,9,9,both,True
grid_full_prefix,0.25,36,20090705231822,4,4,both,True
grid_full_prefix,0.25,36,20090707011733,4,4,both,True
grid_full_prefix,0.25,36,20090708012505,4,4,both,True
grid_full_prefix,0.25,36,20090709003722,4,4,both,True
grid_full_prefix,0.25,37,20090412233403,0,0,both,True
grid_full_prefix,0.25,37,20090413051250,0,0,both,True
grid_full_prefix,0.25,37,20090414235037,17,17,both,True
grid_full_prefix,0.25,37,20090415021434,0,0,both,True
grid_full_prefix,0.25,37,20090415053841,0,0,both,True
grid_full_prefix,0.25,37,20090415095346,0,0,both,True
grid_full_prefix,0.25,37,20090416000510,0,0,both,True
grid_full_prefix,0.25,37,20090416015706,0,0,both,True
grid_full_prefix,0.25,37,20090416060054,0,0,both,True
grid_full_prefix,0.25,37,20090416105528,0,0,both,True
grid_full_prefix,0.25,37,20090416231030,0,0,both,True
grid_full_prefix,0.25,37,20090417084221,0,0,both,True
grid_full_prefix,0.25,37,20090418004033,0,0,both,True
grid_full_prefix,0.25,37,20090418025919,0,0,both,True
grid_full_prefix,0.25,37,20090418071235,0,0,both,True
grid_full_prefix,0.25,37,20090418100418,17,17,both,True
grid_full_prefix,0.25,37,20090419123615,17,17,both,True
grid_full_prefix,0.25,37,20090420054955,0,0,both,True
grid_full_prefix,0.25,37,20090421021702,0,0,both,True
grid_full_prefix,0.25,37,20090429121018,17,17,both,True
grid_full_prefix,0.25,37,20090710082418,0,0,both,True
grid_full_prefix,0.25,37,20090711025530,0,0,both,True
grid_full_prefix,0.25,37,20090711074039,0,0,both,True
grid_full_prefix,0.25,37,20090713004736,3,3,both,True
grid_full_prefix,0.25,37,20090713040933,3,3,both,True
grid_full_prefix,0.25,37,20090713232437,0,0,both,True
grid_full_prefix,0.25,37,20090713234910,0,0,both,True
grid_full_prefix,0.25,37,20090714081132,0,0,both,True
grid_full_prefix,0.25,37,20090714081826,0,0,both,True
grid_full_prefix,0.25,37,20090714235210,0,0,both,True
grid_full_prefix,0.25,37,20090715235505,0,0,both,True
grid_full_prefix,0.25,37,20090717064434,0,0,both,True
grid_full_prefix,0.25,37,20090719222647,0,0,both,True
grid_full_prefix,0.25,37,20090720231809,0,0,both,True
grid_full_prefix,0.25,37,20090722000259,0,0,both,True
grid_full_prefix,0.25,37,20090724195433,0,0,both,True
grid_full_prefix,0.25,37,20090730101508,0,0,both,True
grid_full_prefix,0.25,38,20090410124138,4,4,both,True
grid_full_prefix,0.25,38,20090410223116,4,4,both,True
grid_full_prefix,0.25,38,20090412021706,4,4,both,True
grid_full_prefix,0.25,38,20090412125448,4,4,both,True
grid_full_prefix,0.25,38,20090413002310,4,4,both,True
grid_full_prefix,0.25,38,20090414223045,4,4,both,True
grid_full_prefix,0.25,38,20090415091526,4,4,both,True
grid_full_prefix,0.25,38,20090416085408,4,4,both,True
grid_full_prefix,0.25,38,20090417034936,4,4,both,True
grid_full_prefix,0.25,38,20090418002306,4,4,both,True
grid_full_prefix,0.25,38,20090420014909,4,4,both,True
grid_full_prefix,0.25,38,20090422033246,4,4,both,True
grid_full_prefix,0.25,38,20090709081828,4,4,both,True
grid_full_prefix,0.25,38,20090710051732,4,4,both,True
grid_full_prefix,0.25,38,20090711114358,4,4,both,True
grid_full_prefix,0.25,38,20090712094253,4,4,both,True
grid_full_prefix,0.25,38,20090714101239,4,4,both,True
grid_full_prefix,0.25,38,20090714233650,4,4,both,True
grid_full_prefix,0.25,38,20090715231037,4,4,both,True
grid_full_prefix,0.25,38,20090716053929,4,4,both,True
grid_full_prefix,0.25,38,20090717053438,4,4,both,True
grid_full_prefix,0.25,38,20090718043013,4,4,both,True
grid_full_prefix,0.25,38,20090718083524,1,1,both,True
grid_full_prefix,0.25,38,20090719040838,4,4,both,True
grid_full_prefix,0.25,38,20090720080933,0,0,both,True
grid_full_prefix,0.25,38,20090723012633,16,16,both,True
grid_full_prefix,0.25,39,20090611095140,14,14,both,True
grid_full_prefix,0.25,39,20090612000513,1,1,both,True
grid_full_prefix,0.25,39,20090612112705,2,2,both,True
grid_full_prefix,0.25,39,20090613040756,26,26,both,True
grid_full_prefix,0.25,39,20090614114654,1,1,both,True
grid_full_prefix,0.25,39,20090615000438,1,1,both,True
grid_full_prefix,0.25,39,20090615094738,2,2,both,True
grid_full_prefix,0.25,39,20090616000719,1,1,both,True
grid_full_prefix,0.25,39,20090616094433,14,14,both,True
grid_full_prefix,0.25,39,20090617000200,1,1,both,True
grid_full_prefix,0.25,39,20090617095205,2,2,both,True
grid_full_prefix,0.25,39,20090617232821,1,1,both,True
grid_full_prefix,0.25,39,20090618103325,14,14,both,True
grid_full_prefix,0.25,39,20090619094325,14,14,both,True
grid_full_prefix,0.25,39,20090619230550,1,1,both,True
grid_full_prefix,0.25,39,20090620115005,1,1,both,True
grid_full_prefix,0.25,39,20090621070937,1,1,both,True
grid_full_prefix,0.25,39,20090622000238,1,1,both,True
grid_full_prefix,0.25,39,20090622095036,14,14,both,True
grid_full_prefix,0.25,39,20090623095056,2,2,both,True
grid_full_prefix,0.25,39,20090624000338,1,1,both,True
grid_full_prefix,0.25,39,20090624094458,14,14,both,True
grid_full_prefix,0.25,39,20090625000532,1,1,both,True
grid_full_prefix,0.25,39,20090625094635,14,14,both,True
grid_full_prefix,0.25,39,20090626000538,1,1,both,True
grid_full_prefix,0.25,39,20090626110001,14,14,both,True
grid_full_prefix,0.25,39,20090626211826,14,14,both,True
grid_full_prefix,0.25,39,20090628034817,14,14,both,True
grid_full_prefix,0.25,39,20090628234328,1,1,both,True
grid_full_prefix,0.25,39,20090629094605,2,2,both,True
grid_full_prefix,0.25,39,20090630000205,1,1,both,True
grid_full_prefix,0.25,39,20090630094433,14,14,both,True
grid_full_prefix,0.25,39,20090701000224,1,1,both,True
grid_full_prefix,0.25,39,20090701093936,2,2,both,True
grid_full_prefix,0.25,39,20090702000204,1,1,both,True
grid_full_prefix,0.25,39,20090702103027,14,14,both,True
grid_full_prefix,0.25,39,20090703093804,2,2,both,True
grid_full_prefix,0.25,39,20090704024525,2,2,both,True
grid_full_prefix,0.25,39,20090704132701,2,2,both,True
grid_full_prefix,0.25,39,20090705053006,1,1,both,True
grid_full_prefix,0.25,39,20090706111727,14,14,both,True
grid_full_prefix,0.25,39,20090706233342,1,1,both,True
grid_full_prefix,0.25,39,20090707113005,1,1,both,True
grid_full_prefix,0.25,39,20090707235526,1,1,both,True
grid_full_prefix,0.25,39,20090708103301,14,14,both,True
grid_full_prefix,0.25,39,20090708233906,1,1,both,True
grid_full_prefix,0.25,39,20090709102054,14,14,both,True
grid_full_prefix,0.25,39,20090709234004,1,1,both,True
grid_full_prefix,0.25,39,20090710094259,2,2,both,True
grid_full_prefix,0.25,39,20090711043552,26,26,both,True
grid_full_prefix,0.25,39,20090712041628,2,2,both,True
grid_full_prefix,0.25,39,20090712234404,1,1,both,True
grid_full_prefix,0.25,39,20090713113106,1,1,both,True
grid_full_prefix,0.25,39,20090713235707,1,1,both,True
grid_full_prefix,0.25,39,20090714114356,14,14,both,True
grid_full_prefix,0.25,39,20090714233956,1,1,both,True
grid_full_prefix,0.25,51,20080217140611,12,12,both,True
grid_full_prefix,0.25,51,20080218192042,12,12,both,True
grid_full_prefix,0.25,51,20080219123720,12,12,both,True
grid_full_prefix,0.25,51,20080221105029,2,2,both,True
grid_full_prefix,0.25,51,20080222090047,2,2,both,True
grid_full_prefix,0.25,51,20080309120949,2,2,both,True
grid_full_prefix,0.25,51,20080324085807,2,2,both,True
grid_full_prefix,0.25,51,20080326153045,2,2,both,True
grid_full_prefix,0.25,51,20080328085804,2,2,both,True
grid_full_prefix,0.25,51,20080329111039,2,2,both,True
grid_full_prefix,0.25,51,20080430181146,2,2,both,True
grid_full_prefix,0.25,52,20080819232504,0,0,both,True
grid_full_prefix,0.25,52,20080821232859,0,0,both,True
grid_full_prefix,0.25,52,20080822085236,14,14,both,True
grid_full_prefix,0.25,52,20080824233822,0,0,both,True
grid_full_prefix,0.25,52,20080825085006,14,14,both,True
grid_full_prefix,0.25,52,20080826232036,0,0,both,True
grid_full_prefix,0.25,52,20080827111000,0,0,both,True
grid_full_prefix,0.25,52,20080831073208,0,0,both,True
grid_full_prefix,0.25,52,20080831233436,0,0,both,True
grid_full_prefix,0.25,52,20080901114634,14,14,both,True
grid_full_prefix,0.25,52,20080902055635,0,0,both,True
grid_full_prefix,0.25,52,20081001224837,14,14,both,True
grid_full_prefix,0.25,52,20081003042430,0,0,both,True
grid_full_prefix,0.25,52,20081005094923,0,0,both,True
grid_full_prefix,0.25,52,20081006134237,14,14,both,True
grid_full_prefix,0.25,52,20081006235830,14,14,both,True
grid_full_prefix,0.25,52,20081007111938,0,0,both,True
grid_full_prefix,0.25,52,20081008035138,14,14,both,True
grid_full_prefix,0.25,52,20081009100736,0,0,both,True
grid_full_prefix,0.25,52,20081010011727,14,14,both,True
grid_full_prefix,0.25,52,20081010120707,5,5,both,True
grid_full_prefix,0.25,52,20081011033025,0,0,both,True
grid_full_prefix,0.25,52,20081012064254,0,0,both,True
grid_full_prefix,0.25,52,20081017050637,0,0,both,True
grid_full_prefix,0.25,52,20081030050200,0,0,both,True
grid_full_prefix,0.25,62,20081103005437,0,0,both,True
grid_full_prefix,0.25,62,20081103015601,0,0,both,True
grid_full_prefix,0.25,62,20081103025353,4,4,both,True
grid_full_prefix,0.25,62,20081103115039,0,0,both,True
grid_full_prefix,0.25,62,20081104010333,0,0,both,True
grid_full_prefix,0.25,62,20081104013441,0,0,both,True
grid_full_prefix,0.25,62,20081104041114,0,0,both,True
grid_full_prefix,0.25,62,20081104063603,0,0,both,True
grid_full_prefix,0.25,62,20081105010014,0,0,both,True
grid_full_prefix,0.25,62,20081105023944,0,0,both,True
grid_full_prefix,0.25,62,20081105032159,0,0,both,True
grid_full_prefix,0.25,62,20081105044046,0,0,both,True
grid_full_prefix,0.25,62,20081105053031,0,0,both,True
grid_full_prefix,0.25,62,20081105060230,0,0,both,True
grid_full_prefix,0.25,62,20081105083830,49,49,both,True
grid_full_prefix,0.25,62,20081105085221,0,0,both,True
grid_full_prefix,0.25,62,20081105102345,0,0,both,True
grid_full_prefix,0.25,62,20081105104452,0,0,both,True
grid_full_prefix,0.25,62,20081105111108,0,0,both,True
grid_full_prefix,0.25,62,20081105112326,0,0,both,True
grid_full_prefix,0.25,62,20081105123909,0,0,both,True
grid_full_prefix,0.25,62,20081105124617,0,0,both,True
grid_full_prefix,0.25,62,20081106011127,0,0,both,True
grid_full_prefix,0.25,62,20081106011708,0,0,both,True
grid_full_prefix,0.25,62,20081106020014,153,153,both,True
grid_full_prefix,0.25,62,20081106024201,164,164,both,True
grid_full_prefix,0.25,62,20081106031826,0,0,both,True
grid_full_prefix,0.25,62,20081106064828,0,0,both,True
grid_full_prefix,0.25,62,20081106071234,49,49,both,True
grid_full_prefix,0.25,62,20081106085050,0,0,both,True
grid_full_prefix,0.25,62,20081106092632,49,49,both,True
grid_full_prefix,0.25,62,20081106093504,0,0,both,True
grid_full_prefix,0.25,62,20081106104833,0,0,both,True
grid_full_prefix,0.25,62,20081106112738,4,4,both,True
grid_full_prefix,0.25,62,20081106113950,0,0,both,True
grid_full_prefix,0.25,62,20081107000607,0,0,both,True
grid_full_prefix,0.25,62,20081107003353,0,0,both,True
grid_full_prefix,0.25,62,20081107121527,0,0,both,True
grid_full_prefix,0.25,62,20081107122148,0,0,both,True
grid_full_prefix,0.25,62,20081108042815,0,0,both,True
grid_full_prefix,0.25,62,20081108060646,0,0,both,True
grid_full_prefix,0.25,62,20081109013429,0,0,both,True
grid_full_prefix,0.25,62,20081109053559,0,0,both,True
grid_full_prefix,0.25,62,20081109062802,0,0,both,True
grid_full_prefix,0.25,62,20081109080315,0,0,both,True
grid_full_prefix,0.25,62,20081109083245,0,0,both,True
grid_full_prefix,0.25,62,20081109093929,0,0,both,True
grid_full_prefix,0.25,62,20081109095422,0,0,both,True
grid_full_prefix,0.25,62,20081109100916,0,0,both,True
grid_full_prefix,0.25,62,20081109110807,0,0,both,True
grid_full_prefix,0.25,62,20081110013116,0,0,both,True
grid_full_prefix,0.25,62,20081110030128,153,153,both,True
grid_full_prefix,0.25,62,20081110030808,164,164,both,True
grid_full_prefix,0.25,62,20081110032953,158,158,both,True
grid_full_prefix,0.25,62,20081110042038,0,0,both,True
grid_full_prefix,0.25,62,20081110111835,16,16,both,True
grid_full_prefix,0.25,62,20081111021901,0,0,both,True
grid_full_prefix,0.25,62,20081111042301,0,0,both,True
grid_full_prefix,0.25,62,20081111045929,153,153,both,True
grid_full_prefix,0.25,62,20081111052247,154,154,both,True
grid_full_prefix,0.25,62,20081111080126,153,153,both,True
grid_full_prefix,0.25,62,20081111084153,82,82,both,True
grid_full_prefix,0.25,62,20081111090528,0,0,both,True
grid_full_prefix,0.25,62,20081111095640,0,0,both,True
grid_full_prefix,0.25,62,20081111103634,0,0,both,True
grid_full_prefix,0.25,62,20081112012435,0,0,both,True
grid_full_prefix,0.25,62,20081112013226,0,0,both,True
grid_full_prefix,0.25,62,20081112021100,0,0,both,True
grid_full_prefix,0.25,62,20081112033338,0,0,both,True
grid_full_prefix,0.25,62,20081112101140,0,0,both,True
grid_full_prefix,0.25,62,20081112101655,0,0,both,True
grid_full_prefix,0.25,62,20081112105415,0,0,both,True
grid_full_prefix,0.25,62,20081113010001,0,0,both,True
grid_full_prefix,0.25,62,20081113012910,0,0,both,True
grid_full_prefix,0.25,62,20081113095812,164,164,both,True
grid_full_prefix,0.25,62,20081113110912,0,0,both,True
grid_full_prefix,0.25,62,20081113124253,0,0,both,True
grid_full_prefix,0.25,62,20081114010438,0,0,both,True
grid_full_prefix,0.25,62,20081114101455,49,49,both,True
grid_full_prefix,0.25,62,20081114105400,0,0,both,True
grid_full_prefix,0.25,62,20081115010837,0,0,both,True
grid_full_prefix,0.25,62,20081115015759,82,82,both,True
grid_full_prefix,0.25,62,20081115030457,56,56,both,True
grid_full_prefix,0.25,62,20081116061411,56,56,both,True
grid_full_prefix,0.25,62,20081116081559,80,80,both,True
grid_full_prefix,0.25,62,20081116084956,0,0,both,True
grid_full_prefix,0.25,62,20081116093710,0,0,both,True
grid_full_prefix,0.25,62,20081117010846,0,0,both,True
grid_full_prefix,0.25,62,20081203010728,0,0,both,True
grid_full_prefix,0.25,62,20081204010407,0,0,both,True
grid_full_prefix,0.25,62,20081204012250,0,0,both,True
grid_full_prefix,0.25,62,20081204060141,0,0,both,True
grid_full_prefix,0.25,62,20081204085719,49,49,both,True
grid_full_prefix,0.25,62,20081204101128,0,0,both,True
grid_full_prefix,0.25,62,20081205011235,0,0,both,True
grid_full_prefix,0.25,62,20081205023009,154,154,both,True
grid_full_prefix,0.25,62,20081205081804,154,154,both,True
grid_full_prefix,0.25,62,20081205082456,4,4,both,True
grid_full_prefix,0.25,62,20081205095048,0,0,both,True
grid_full_prefix,0.25,62,20081206040631,49,49,both,True
grid_full_prefix,0.25,62,20081206100322,0,0,both,True
grid_full_prefix,0.25,62,20081207023122,0,0,both,True
grid_full_prefix,0.25,62,20081207080318,0,0,both,True
grid_full_prefix,0.25,62,20081207082100,0,0,both,True
grid_full_prefix,0.25,62,20081207083840,0,0,both,True
grid_full_prefix,0.25,62,20081207085047,0,0,both,True
grid_full_prefix,0.25,62,20081207092914,0,0,both,True
grid_full_prefix,0.25,62,20081207110215,0,0,both,True
grid_full_prefix,0.25,62,20081208070512,0,0,both,True
grid_full_prefix,0.25,62,20081208095853,0,0,both,True
grid_full_prefix,0.25,62,20081208104810,0,0,both,True
grid_full_prefix,0.25,62,20081208110023,4,4,both,True
grid_full_prefix,0.25,62,20081209010002,0,0,both,True
grid_full_prefix,0.25,62,20081209083554,0,0,both,True
grid_full_prefix,0.25,62,20081209090839,0,0,both,True
grid_full_prefix,0.25,62,20081209093448,4,4,both,True
grid_full_prefix,0.25,62,20081209094610,0,0,both,True
grid_full_prefix,0.25,62,20081209123601,0,0,both,True
grid_full_prefix,0.25,62,20081210055344,0,0,both,True
grid_full_prefix,0.25,62,20081210084524,0,0,both,True
grid_full_prefix,0.25,62,20081210093042,0,0,both,True
grid_full_prefix,0.25,62,20081211013737,0,0,both,True
grid_full_prefix,0.25,62,20081211020211,0,0,both,True
grid_full_prefix,0.25,62,20081211035950,0,0,both,True
grid_full_prefix,0.25,62,20081211040737,0,0,both,True
grid_full_prefix,0.25,62,20081211051513,0,0,both,True
grid_full_prefix,0.25,62,20081212010000,82,82,both,True
grid_full_prefix,0.25,62,20081212011859,158,158,both,True
grid_full_prefix,0.25,62,20081212013950,0,0,both,True
grid_full_prefix,0.25,62,20081212082600,0,0,both,True
grid_full_prefix,0.25,62,20081212101946,0,0,both,True
grid_full_prefix,0.25,62,20081212102654,0,0,both,True
grid_full_prefix,0.25,62,20081212122437,0,0,both,True
grid_full_prefix,0.25,62,20081212123313,0,0,both,True
grid_full_prefix,0.25,62,20081212124756,0,0,both,True
grid_full_prefix,0.25,62,20081213031012,0,0,both,True
grid_full_prefix,0.25,62,20081213041039,0,0,both,True
grid_full_prefix,0.25,62,20081213083317,0,0,both,True
grid_full_prefix,0.25,62,20081213085201,49,49,both,True
grid_full_prefix,0.25,62,20081213101537,0,0,both,True
grid_full_prefix,0.25,62,20081213104202,0,0,both,True
grid_full_prefix,0.25,62,20081214013702,0,0,both,True
grid_full_prefix,0.25,62,20081214032551,0,0,both,True
grid_full_prefix,0.25,62,20081215032028,0,0,both,True
grid_full_prefix,0.25,62,20081215035525,164,164,both,True
grid_full_prefix,0.25,65,20111001075633,0,0,both,True
grid_full_prefix,0.25,65,20111001163901,17,17,both,True
grid_full_prefix,0.25,65,20111003025152,9,9,both,True
grid_full_prefix,0.25,65,20111004071203,9,9,both,True
grid_full_prefix,0.25,65,20111005004827,0,0,both,True
grid_full_prefix,0.25,65,20111005143605,17,17,both,True
grid_full_prefix,0.25,65,20111006041158,9,9,both,True
grid_full_prefix,0.25,65,20111008004733,9,9,both,True
grid_full_prefix,0.25,65,20111008134933,9,9,both,True
grid_full_prefix,0.25,65,20111009012500,0,0,both,True
grid_full_prefix,0.25,65,20111009120503,0,0,both,True
grid_full_prefix,0.25,65,20111010010951,0,0,both,True
grid_full_prefix,0.25,65,20111010105222,0,0,both,True
grid_full_prefix,0.25,65,20111011011203,0,0,both,True
grid_full_prefix,0.25,65,20111012120903,9,9,both,True
grid_full_prefix,0.25,65,20111013010933,0,0,both,True
grid_full_prefix,0.25,65,20111014005928,9,9,both,True
grid_full_prefix,0.25,65,20111014095751,0,0,both,True
grid_full_prefix,0.25,65,20111015014827,9,9,both,True
grid_full_prefix,0.25,65,20111016005657,9,9,both,True
grid_full_prefix,0.25,65,20111018004457,0,0,both,True
grid_full_prefix,0.25,65,20111018080247,0,0,both,True
grid_full_prefix,0.25,65,20111019004851,9,9,both,True
grid_full_prefix,0.25,65,20111022024141,0,0,both,True
grid_full_prefix,0.25,65,20111023043229,0,0,both,True
grid_full_prefix,0.25,65,20111024012351,0,0,both,True
grid_full_prefix,0.25,65,20111024120905,0,0,both,True
grid_full_prefix,0.25,65,20111025003027,9,9,both,True
grid_full_prefix,0.25,65,20111025085403,5,5,both,True
grid_full_prefix,0.25,65,20111027004021,0,0,both,True
grid_full_prefix,0.25,68,20090630205134,6,6,both,True
grid_full_prefix,0.25,68,20090701074905,0,0,both,True
grid_full_prefix,0.25,68,20090701181923,6,6,both,True
grid_full_prefix,0.25,68,20090702074805,6,6,both,True
grid_full_prefix,0.25,68,20090702205953,6,6,both,True
grid_full_prefix,0.25,68,20090703073758,0,0,both,True
grid_full_prefix,0.25,68,20090703185151,6,6,both,True
grid_full_prefix,0.25,68,20090704104258,6,6,both,True
grid_full_prefix,0.25,68,20090705105928,6,6,both,True
grid_full_prefix,0.25,68,20090705235905,0,0,both,True
grid_full_prefix,0.25,68,20090706064435,0,0,both,True
grid_full_prefix,0.25,68,20090706234533,6,6,both,True
grid_full_prefix,0.25,68,20090708001134,0,0,both,True
grid_full_prefix,0.25,68,20090708144605,6,6,both,True
grid_full_prefix,0.25,68,20090708233822,0,0,both,True
grid_full_prefix,0.25,68,20090709085503,6,6,both,True
grid_full_prefix,0.25,68,20090709143513,9,9,both,True
grid_full_prefix,0.25,68,20090709235104,0,0,both,True
grid_full_prefix,0.25,68,20090710090629,6,6,both,True
grid_full_prefix,0.25,68,20090711012705,6,6,both,True
grid_full_prefix,0.25,68,20090711092304,6,6,both,True
grid_full_prefix,0.25,68,20090712064105,6,6,both,True
grid_full_prefix,0.25,68,20090713045105,6,6,both,True
grid_full_prefix,0.25,68,20090713140828,6,6,both,True
grid_full_prefix,0.25,68,20090715002935,0,0,both,True
grid_full_prefix,0.25,68,20090715121905,6,6,both,True
grid_full_prefix,0.25,68,20090715215034,0,0,both,True
grid_full_prefix,0.25,68,20090716111259,0,0,both,True
grid_full_prefix,0.25,68,20090717074427,0,0,both,True
grid_full_prefix,0.25,68,20090717213805,0,0,both,True
grid_full_prefix,0.25,68,20090719030259,0,0,both,True
grid_full_prefix,0.25,68,20090719115152,0,0,both,True
grid_full_prefix,0.25,68,20090719235707,6,6,both,True
grid_full_prefix,0.25,68,20090720103922,8,8,both,True
grid_full_prefix,0.25,68,20090721111753,8,8,both,True
grid_full_prefix,0.25,68,20090722002059,9,9,both,True
grid_full_prefix,0.25,68,20090723022153,0,0,both,True
grid_full_prefix,0.25,68,20090724024547,6,6,both,True
grid_full_prefix,0.25,68,20090725024235,6,6,both,True
grid_full_prefix,0.25,68,20090726012536,0,0,both,True
grid_full_prefix,0.25,68,20090726133122,6,6,both,True
grid_full_prefix,0.25,68,20090727033605,6,6,both,True
grid_full_prefix,0.25,68,20090728003024,6,6,both,True
grid_full_prefix,0.25,68,20090728235053,0,0,both,True
grid_full_prefix,0.25,68,20090730024623,0,0,both,True
grid_full_prefix,0.25,68,20090731022320,0,0,both,True
grid_full_prefix,0.25,68,20090801004504,0,0,both,True
grid_full_prefix,0.25,68,20090802072835,6,6,both,True
grid_full_prefix,0.25,68,20090803092652,6,6,both,True
grid_full_prefix,0.25,68,20090803220235,6,6,both,True
grid_full_prefix,0.25,68,20090805041404,6,6,both,True
grid_full_prefix,0.25,68,20090805190322,0,0,both,True
grid_full_prefix,0.25,68,20090807023405,6,6,both,True
grid_full_prefix,0.25,68,20090808053222,6,6,both,True
grid_full_prefix,0.25,68,20090809094405,6,6,both,True
grid_full_prefix,0.25,68,20090810032021,6,6,both,True
grid_full_prefix,0.25,68,20090810183104,0,0,both,True
grid_full_prefix,0.25,68,20090813015422,6,6,both,True
grid_full_prefix,0.25,68,20090814072529,6,6,both,True
grid_full_prefix,0.25,68,20090814181033,0,0,both,True
grid_full_prefix,0.25,68,20090816052035,0,0,both,True
grid_full_prefix,0.25,68,20090816134451,0,0,both,True
grid_full_prefix,0.25,68,20090817104629,6,6,both,True
grid_full_prefix,0.25,68,20090818012535,6,6,both,True
grid_full_prefix,0.25,68,20090818101222,0,0,both,True
grid_full_prefix,0.25,68,20090819010505,6,6,both,True
grid_full_prefix,0.25,68,20090819122858,6,6,both,True
grid_full_prefix,0.25,68,20090820004357,6,6,both,True
grid_full_prefix,0.25,68,20090821091927,0,0,both,True
grid_full_prefix,0.25,68,20090822103421,6,6,both,True
grid_full_prefix,0.25,68,20090823073459,6,6,both,True
grid_full_prefix,0.25,68,20090824010435,6,6,both,True
grid_full_prefix,0.25,68,20090825064227,6,6,both,True
grid_full_prefix,0.25,68,20090826003333,6,6,both,True
grid_full_prefix,0.25,68,20090826122919,0,0,both,True
grid_full_prefix,0.25,68,20090827024729,0,0,both,True
grid_full_prefix,0.25,68,20090827110635,0,0,both,True
grid_full_prefix,0.25,68,20090828015903,0,0,both,True
grid_full_prefix,0.25,68,20090828100904,6,6,both,True
grid_full_prefix,0.25,68,20090829060159,6,6,both,True
grid_full_prefix,0.25,68,20090830053605,8,8,both,True
grid_full_prefix,0.25,68,20090831010452,6,6,both,True
grid_full_prefix,0.25,68,20090902004959,0,0,both,True
grid_full_prefix,0.25,68,20090904000334,6,6,both,True
grid_full_prefix,0.25,68,20090905031005,6,6,both,True
grid_full_prefix,0.25,68,20090905120929,0,0,both,True
grid_full_prefix,0.25,68,20090906022616,6,6,both,True
grid_full_prefix,0.25,68,20090906023120,0,0,both,True
grid_full_prefix,0.25,68,20090907000653,6,6,both,True
grid_full_prefix,0.25,68,20090907142605,0,0,both,True
grid_full_prefix,0.25,68,20090907233334,0,0,both,True
grid_full_prefix,0.25,68,20090908133634,6,6,both,True
grid_full_prefix,0.25,68,20090908234334,0,0,both,True
grid_full_prefix,0.25,68,20090909081304,6,6,both,True
grid_full_prefix,0.25,68,20090909235503,0,0,both,True
grid_full_prefix,0.25,68,20090910235728,6,6,both,True
grid_full_prefix,0.25,68,20090912021805,0,0,both,True
grid_full_prefix,0.25,68,20090912121851,6,6,both,True
grid_full_prefix,0.25,68,20090913013234,6,6,both,True
grid_full_prefix,0.25,71,20120401025128,1,1,both,True
grid_full_prefix,0.25,71,20120404051527,1,1,both,True
grid_full_prefix,0.25,71,20120407094504,1,1,both,True
grid_full_prefix,0.25,71,20120409015352,2,2,both,True
grid_full_prefix,0.25,71,20120409053858,2,2,both,True
grid_full_prefix,0.25,71,20120409130704,1,1,both,True
grid_full_prefix,0.25,71,20120412113604,2,2,both,True
grid_full_prefix,0.25,71,20120412235005,1,1,both,True
grid_full_prefix,0.25,71,20120414034358,2,2,both,True
grid_full_prefix,0.25,71,20120417092818,1,1,both,True
grid_full_prefix,0.25,71,20120419011052,1,1,both,True
grid_full_prefix,0.25,71,20120425150728,2,2,both,True
grid_full_prefix,0.25,71,20120426013640,1,1,both,True
grid_full_prefix,0.25,71,20120430083558,1,1,both,True
grid_full_prefix,0.25,71,20120504232458,1,1,both,True
grid_full_prefix,0.25,71,20120511140034,2,2,both,True
grid_full_prefix,0.25,71,20120513150457,2,2,both,True
grid_full_prefix,0.25,71,20120513230847,1,1,both,True
grid_full_prefix,0.25,85,20090614025506,2,2,both,True
grid_full_prefix,0.25,85,20090614121829,9,9,both,True
grid_full_prefix,0.25,85,20090615013707,39,39,both,True
grid_full_prefix,0.25,85,20090617020536,7,7,both,True
grid_full_prefix,0.25,85,20090617090807,9,9,both,True
grid_full_prefix,0.25,85,20090618065134,2,2,both,True
grid_full_prefix,0.25,85,20090619011407,9,9,both,True
grid_full_prefix,0.25,85,20090619093937,9,9,both,True
grid_full_prefix,0.25,85,20090620025025,39,39,both,True
grid_full_prefix,0.25,85,20090622012237,7,7,both,True
grid_full_prefix,0.25,85,20090622093855,9,9,both,True
grid_full_prefix,0.25,85,20090623011429,7,7,both,True
grid_full_prefix,0.25,85,20090623232900,9,9,both,True
grid_full_prefix,0.25,85,20090623233655,39,39,both,True
grid_full_prefix,0.25,85,20090624084534,9,9,both,True
grid_full_prefix,0.25,85,20090625234631,39,39,both,True
grid_full_prefix,0.25,85,20090626091732,9,9,both,True
grid_full_prefix,0.25,85,20090627014225,9,9,both,True
grid_full_prefix,0.25,85,20090627104937,9,9,both,True
grid_full_prefix,0.25,85,20090627235736,9,9,both,True
grid_full_prefix,0.25,85,20090629012308,39,39,both,True
grid_full_prefix,0.25,85,20090629092537,9,9,both,True
grid_full_prefix,0.25,85,20090701002752,9,9,both,True
grid_full_prefix,0.25,85,20090701012444,9,9,both,True
grid_full_prefix,0.25,85,20090701090337,9,9,both,True
grid_full_prefix,0.25,85,20090702013158,7,7,both,True
grid_full_prefix,0.25,85,20090703011734,9,9,both,True
grid_full_prefix,0.25,85,20090703012649,9,9,both,True
grid_full_prefix,0.25,85,20090703082122,9,9,both,True
grid_full_prefix,0.25,85,20090703231838,7,7,both,True
grid_full_prefix,0.25,85,20090705042531,7,7,both,True
grid_full_prefix,0.25,85,20090705224406,2,2,both,True
grid_full_prefix,0.25,85,20090706091838,7,7,both,True
grid_full_prefix,0.25,85,20090706230438,7,7,both,True
grid_full_prefix,0.25,85,20090707090828,7,7,both,True
grid_full_prefix,0.25,85,20090707225636,14,14,both,True
grid_full_prefix,0.25,85,20090708103205,9,9,both,True
grid_full_prefix,0.25,85,20090728224637,7,7,both,True
grid_full_prefix,0.25,85,20090729094626,7,7,both,True
grid_full_prefix,0.25,85,20090729224538,2,2,both,True
grid_full_prefix,0.25,85,20090731012359,2,2,both,True
grid_full_prefix,0.25,85,20090731143502,52,52,both,True
grid_full_prefix,0.25,85,20090731144247,9,9,both,True
grid_full_prefix,0.25,85,20090803041141,7,7,both,True
grid_full_prefix,0.25,85,20090806224424,9,9,both,True
grid_full_prefix,0.25,85,20090806224944,9,9,both,True
grid_full_prefix,0.25,85,20090808054506,7,7,both,True
grid_full_prefix,0.25,85,20090810010623,9,9,both,True
grid_full_prefix,0.25,85,20090811003034,7,7,both,True
grid_full_prefix,0.25,85,20090811112747,9,9,both,True
grid_full_prefix,0.25,85,20090812004828,9,9,both,True
grid_full_prefix,0.25,85,20090812113901,7,7,both,True
grid_full_prefix,0.25,85,20090815062008,9,9,both,True
grid_full_prefix,0.25,85,20090819113327,39,39,both,True
grid_full_prefix,0.25,85,20090821113358,39,39,both,True
grid_full_prefix,0.25,85,20090823235050,9,9,both,True
grid_full_prefix,0.25,85,20090824104328,9,9,both,True
grid_full_prefix,0.25,85,20090825112752,39,39,both,True
grid_full_prefix,0.25,85,20090826004628,9,9,both,True
grid_full_prefix,0.25,85,20090826120059,9,9,both,True
grid_full_prefix,0.25,85,20090827005251,9,9,both,True
grid_full_prefix,0.25,85,20090827133834,7,7,both,True
grid_full_prefix,0.25,85,20090831000922,9,9,both,True
grid_full_prefix,0.25,85,20090831113328,7,7,both,True
grid_full_prefix,0.25,85,20090831234852,9,9,both,True
grid_full_prefix,0.25,85,20090901110034,9,9,both,True
grid_full_prefix,0.25,85,20090902012058,9,9,both,True
grid_full_prefix,0.25,85,20090902084004,7,7,both,True
grid_full_prefix,0.25,85,20090903104733,7,7,both,True
grid_full_prefix,0.25,85,20090907010827,9,9,both,True
grid_full_prefix,0.25,85,20090907132604,39,39,both,True
grid_full_prefix,0.25,85,20090908003822,9,9,both,True
grid_full_prefix,0.25,85,20090908112534,39,39,both,True
grid_full_prefix,0.25,85,20090908120539,9,9,both,True
grid_full_prefix,0.25,85,20090909004052,9,9,both,True
grid_full_prefix,0.25,85,20090909114334,9,9,both,True
grid_full_prefix,0.25,85,20090910011022,9,9,both,True
grid_full_prefix,0.25,85,20090910111233,39,39,both,True
grid_full_prefix,0.25,85,20090911004404,9,9,both,True
grid_full_prefix,0.25,85,20090911105604,9,9,both,True
grid_full_prefix,0.25,85,20090912064500,9,9,both,True
grid_full_prefix,0.25,85,20090913233334,9,9,both,True
grid_full_prefix,0.25,85,20090914142328,7,7,both,True
grid_full_prefix,0.25,85,20090915122804,39,39,both,True
grid_full_prefix,0.25,85,20090915235904,9,9,both,True
grid_full_prefix,0.25,85,20090916114222,9,9,both,True
grid_full_prefix,0.25,85,20090917000404,9,9,both,True
grid_full_prefix,0.25,85,20090917140604,39,39,both,True
grid_full_prefix,0.25,85,20090918004028,9,9,both,True
grid_full_prefix,0.25,85,20090918103558,39,39,both,True
grid_full_prefix,0.25,85,20090920235003,9,9,both,True
grid_full_prefix,0.25,85,20090921114804,9,9,both,True
grid_full_prefix,0.25,85,20090922005527,9,9,both,True
grid_full_prefix,0.25,85,20090922112322,39,39,both,True
grid_full_prefix,0.25,85,20090923004734,9,9,both,True
grid_full_prefix,0.25,85,20090923114133,2,2,both,True
grid_full_prefix,0.25,85,20090924003152,9,9,both,True
grid_full_prefix,0.25,85,20090924102917,9,9,both,True
grid_full_prefix,0.25,85,20090925010022,9,9,both,True
grid_full_prefix,0.25,85,20090925110722,9,9,both,True
grid_full_prefix,0.25,85,20090927005434,9,9,both,True
grid_full_prefix,0.25,85,20090927113103,39,39,both,True
grid_full_prefix,0.25,85,20090928005404,9,9,both,True
grid_full_prefix,0.25,85,20090928104630,47,47,both,True
grid_full_prefix,0.25,88,20081008230701,1,1,both,True
grid_full_prefix,0.25,88,20081009110224,0,0,both,True
grid_full_prefix,0.25,88,20081010083431,0,0,both,True
grid_full_prefix,0.25,88,20081010093335,4,4,both,True
grid_full_prefix,0.25,88,20081011042923,4,4,both,True
grid_full_prefix,0.25,88,20081011060634,1,1,both,True
grid_full_prefix,0.25,88,20081011065339,0,0,both,True
grid_full_prefix,0.25,88,20081011085649,4,4,both,True
grid_full_prefix,0.25,88,20081012062217,4,4,both,True
grid_full_prefix,0.25,88,20081012070422,1,1,both,True
grid_full_prefix,0.25,88,20081012074052,1,1,both,True
grid_full_prefix,0.25,88,20081012075807,1,1,both,True
grid_full_prefix,0.25,89,20080608133334,16,16,both,True
grid_full_prefix,0.25,89,20080630042612,1,1,both,True
grid_full_prefix,0.25,89,20080630112527,0,0,both,True
grid_full_prefix,0.25,89,20080701013734,1,1,both,True
grid_full_prefix,0.25,89,20080701152128,0,0,both,True
grid_full_prefix,0.25,89,20080702024722,1,1,both,True
grid_full_prefix,0.25,89,20080702111733,0,0,both,True
grid_full_prefix,0.25,89,20080703232504,1,1,both,True
grid_full_prefix,0.25,89,20080704113017,0,0,both,True
grid_full_prefix,0.25,89,20080707015234,1,1,both,True
grid_full_prefix,0.25,89,20080707111403,0,0,both,True
grid_full_prefix,0.25,89,20080708040557,1,1,both,True
grid_full_prefix,0.25,89,20080708112620,0,0,both,True
grid_full_prefix,0.25,89,20080710112328,0,0,both,True
grid_full_prefix,0.25,89,20080801060709,3,3,both,True
grid_full_prefix,0.25,91,20071225091747,2,2,both,True
grid_full_prefix,0.25,91,20071226090757,1,1,both,True
grid_full_prefix,0.25,91,20071226222755,0,0,both,True
grid_full_prefix,0.25,91,20071229205638,0,0,both,True
grid_full_prefix,0.25,91,20071230151046,0,0,both,True
grid_full_prefix,0.25,91,20071231224803,0,0,both,True
grid_full_prefix,0.25,91,20080101092300,2,2,both,True
grid_full_prefix,0.25,91,20080103223737,0,0,both,True
grid_full_prefix,0.25,91,20080104094315,2,2,both,True
grid_full_prefix,0.25,91,20080104230531,0,0,both,True
grid_full_prefix,0.25,91,20080105133207,2,2,both,True
grid_full_prefix,0.25,91,20080106220745,0,0,both,True
grid_full_prefix,0.25,91,20080107095553,2,2,both,True
grid_full_prefix,0.25,91,20080107215023,0,0,both,True
grid_full_prefix,0.25,91,20080108092013,2,2,both,True
grid_full_prefix,0.25,91,20080108230737,0,0,both,True
grid_full_prefix,0.25,91,20080109222750,0,0,both,True
grid_full_prefix,0.25,91,20080110083725,0,0,both,True
grid_full_prefix,0.25,91,20080110221246,0,0,both,True
grid_full_prefix,0.25,91,20080111220619,0,0,both,True
grid_full_prefix,0.25,91,20080114222434,0,0,both,True
grid_full_prefix,0.25,91,20080115080303,2,2,both,True
grid_full_prefix,0.25,91,20080118230907,0,0,both,True
grid_full_prefix,0.25,92,20080609070837,3,3,both,True
grid_full_prefix,0.25,92,20080615000608,3,3,both,True
grid_full_prefix,0.25,92,20080615074701,25,25,both,True
grid_full_prefix,0.25,92,20080620065746,3,3,both,True
grid_full_prefix,0.25,92,20080620073920,3,3,both,True
grid_full_prefix,0.25,92,20080621132447,3,3,both,True
grid_full_prefix,0.25,92,20080621171637,3,3,both,True
grid_full_prefix,0.25,92,20080626112007,3,3,both,True
grid_full_prefix,0.25,92,20080626181626,3,3,both,True
grid_full_prefix,0.25,92,20080629095405,3,3,both,True
grid_full_prefix,0.25,92,20080703052933,3,3,both,True
grid_full_prefix,0.25,92,20080703142414,3,3,both,True
grid_full_prefix,0.25,92,20080705083321,25,25,both,True
grid_full_prefix,0.25,92,20080705191801,3,3,both,True
grid_full_prefix,0.25,92,20080707094314,36,36,both,True
grid_full_prefix,0.25,92,20080710083328,36,36,both,True
grid_full_prefix,0.25,92,20080714074403,30,30,both,True
grid_full_prefix,0.25,92,20080715131602,7,7,both,True
grid_full_prefix,0.25,92,20080715132532,34,34,both,True
grid_full_prefix,0.25,92,20080718073025,17,17,both,True
grid_full_prefix,0.25,92,20080719182301,3,3,both,True
grid_full_prefix,0.25,92,20080720155229,3,3,both,True
grid_full_prefix,0.25,92,20080721072245,3,3,both,True
grid_full_prefix,0.25,92,20080721174236,36,36,both,True
grid_full_prefix,0.25,92,20080723191215,3,3,both,True
grid_full_prefix,0.25,92,20080725173515,3,3,both,True
grid_full_prefix,0.25,92,20080728072301,3,3,both,True
grid_full_prefix,0.25,92,20080730161553,36,36,both,True
grid_full_prefix,0.25,92,20080802183007,3,3,both,True
grid_full_prefix,0.25,92,20080804123326,3,3,both,True
grid_full_prefix,0.25,92,20080806073008,3,3,both,True
grid_full_prefix,0.25,92,20080806235848,3,3,both,True
grid_full_prefix,0.25,92,20080811072411,3,3,both,True
grid_full_prefix,0.25,92,20080812073233,3,3,both,True
grid_full_prefix,0.25,92,20080813073848,3,3,both,True
grid_full_prefix,0.25,92,20080814074950,36,36,both,True
grid_full_prefix,0.25,96,20081026021723,0,0,both,True
grid_full_prefix,0.25,96,20081026113752,0,0,both,True
grid_full_prefix,0.25,96,20081027012336,1,1,both,True
grid_full_prefix,0.25,96,20081027052305,1,1,both,True
grid_full_prefix,0.25,96,20081027060537,1,1,both,True
grid_full_prefix,0.25,96,20081028111959,1,1,both,True
grid_full_prefix,0.25,96,20081030135435,1,1,both,True
grid_full_prefix,0.25,96,20081101013523,1,1,both,True
grid_full_prefix,0.25,96,20081105141854,1,1,both,True
grid_full_prefix,0.25,96,20081106023054,1,1,both,True
grid_full_prefix,0.25,96,20081107090836,1,1,both,True
grid_full_prefix,0.25,96,20081109014530,1,1,both,True
grid_full_prefix,0.25,96,20081109120329,1,1,both,True
grid_full_prefix,0.25,96,20081114044453,0,0,both,True
grid_full_prefix,0.25,96,20081115015705,1,1,both,True
grid_full_prefix,0.25,96,20081115105653,0,0,both,True
grid_full_prefix,0.25,96,20081116065153,1,1,both,True
grid_full_prefix,0.25,96,20081117023535,0,0,both,True
grid_full_prefix,0.25,96,20081117030757,1,1,both,True
grid_full_prefix,0.25,96,20081128113925,1,1,both,True
grid_full_prefix,0.25,96,20081129015805,1,1,both,True
grid_full_prefix,0.25,96,20081201120252,1,1,both,True
grid_full_prefix,0.25,96,20081203134752,1,1,both,True
grid_full_prefix,0.25,96,20081205054605,1,1,both,True
grid_full_prefix,0.25,96,20081208033705,0,0,both,True
grid_full_prefix,0.25,96,20081210094559,1,1,both,True
grid_full_prefix,0.25,96,20081211005853,0,0,both,True
grid_full_prefix,0.25,101,20080402055227,5,5,both,True
grid_full_prefix,0.25,101,20080402064856,5,5,both,True
grid_full_prefix,0.25,101,20080402125307,5,5,both,True
grid_full_prefix,0.25,101,20080402130216,5,5,both,True
grid_full_prefix,0.25,101,20080406052656,5,5,both,True
grid_full_prefix,0.25,101,20080407030128,5,5,both,True
grid_full_prefix,0.25,101,20080411121437,3,3,both,True
grid_full_prefix,0.25,101,20080418035836,5,5,both,True
grid_full_prefix,0.25,101,20080507062347,5,5,both,True
grid_full_prefix,0.25,101,20080507070528,5,5,both,True
grid_full_prefix,0.25,101,20080509115416,5,5,both,True
grid_full_prefix,0.25,101,20080522095436,5,5,both,True
grid_full_prefix,0.25,101,20080629025234,5,5,both,True
grid_full_prefix,0.25,101,20080629063734,5,5,both,True
grid_full_prefix,0.25,101,20080629075340,5,5,both,True
grid_full_prefix,0.25,101,20080629121541,5,5,both,True
grid_full_prefix,0.25,103,20080916044613,0,0,both,True
grid_full_prefix,0.25,103,20080916101236,0,0,both,True
grid_full_prefix,0.25,103,20080917110637,2,2,both,True
grid_full_prefix,0.25,103,20080917135224,0,0,both,True
grid_full_prefix,0.25,103,20080917231611,2,2,both,True
grid_full_prefix,0.25,103,20080918042849,0,0,both,True
grid_full_prefix,0.25,103,20080918070148,0,0,both,True
grid_full_prefix,0.25,103,20080919061140,0,0,both,True
grid_full_prefix,0.25,103,20080919070700,0,0,both,True
grid_full_prefix,0.25,103,20080919092921,0,0,both,True
grid_full_prefix,0.25,103,20080920061016,0,0,both,True
grid_full_prefix,0.25,103,20080920104637,2,2,both,True
grid_full_prefix,0.25,112,20080625011601,0,0,both,True
grid_full_prefix,0.25,112,20080625172633,18,18,both,True
grid_full_prefix,0.25,112,20080626031425,0,0,both,True
grid_full_prefix,0.25,112,20080626165615,18,18,both,True
grid_full_prefix,0.25,112,20080627103629,18,18,both,True
grid_full_prefix,0.25,112,20080628100846,18,18,both,True
grid_full_prefix,0.25,112,20080628165309,0,0,both,True
grid_full_prefix,0.25,112,20080629004633,28,28,both,True
grid_full_prefix,0.25,112,20080629043556,0,0,both,True
grid_full_prefix,0.25,112,20080629165831,18,18,both,True
grid_full_prefix,0.25,112,20080630015803,0,0,both,True
grid_full_prefix,0.25,112,20080630160716,18,18,both,True
grid_full_prefix,0.25,112,20080701052937,0,0,both,True
grid_full_prefix,0.25,112,20080701194739,18,18,both,True
grid_full_prefix,0.25,112,20080702020309,0,0,both,True
grid_full_prefix,0.25,112,20080702161309,18,18,both,True
grid_full_prefix,0.25,112,20080703015604,0,0,both,True
grid_full_prefix,0.25,112,20080703153003,18,18,both,True
grid_full_prefix,0.25,112,20080704021011,0,0,both,True
grid_full_prefix,0.25,112,20080704171509,18,18,both,True
grid_full_prefix,0.25,112,20080705053420,0,0,both,True
grid_full_prefix,0.25,112,20080705164758,18,18,both,True
grid_full_prefix,0.25,112,20080706014330,0,0,both,True
grid_full_prefix,0.25,112,20080706083034,0,0,both,True
grid_full_prefix,0.25,112,20080706173438,18,18,both,True
grid_full_prefix,0.25,112,20080707022437,0,0,both,True
grid_full_prefix,0.25,112,20080707162139,18,18,both,True
grid_full_prefix,0.25,112,20080708162052,18,18,both,True
grid_full_prefix,0.25,112,20080709012639,0,0,both,True
grid_full_prefix,0.25,112,20080709171521,18,18,both,True
grid_full_prefix,0.25,112,20080710022932,0,0,both,True
grid_full_prefix,0.25,112,20080710095337,18,18,both,True
grid_full_prefix,0.25,112,20080710114615,0,0,both,True
grid_full_prefix,0.25,112,20080711020311,0,0,both,True
grid_full_prefix,0.25,112,20080713004126,0,0,both,True
grid_full_prefix,0.25,112,20080713064523,0,0,both,True
grid_full_prefix,0.25,112,20080713093807,18,18,both,True
grid_full_prefix,0.25,112,20080713162846,18,18,both,True
grid_full_prefix,0.25,112,20080715125857,18,18,both,True
grid_full_prefix,0.25,112,20080715141929,0,0,both,True
grid_full_prefix,0.25,112,20080715165809,18,18,both,True
grid_full_prefix,0.25,112,20080716020639,0,0,both,True
grid_full_prefix,0.25,112,20080716103338,18,18,both,True
grid_full_prefix,0.25,112,20080716154342,18,18,both,True
grid_full_prefix,0.25,112,20080717012048,0,0,both,True
grid_full_prefix,0.25,112,20080717152304,18,18,both,True
grid_full_prefix,0.25,112,20080718013204,0,0,both,True
grid_full_prefix,0.25,119,20080922003552,0,0,both,True
grid_full_prefix,0.25,119,20080922141505,0,0,both,True
grid_full_prefix,0.25,119,20080923103305,0,0,both,True
grid_full_prefix,0.25,119,20080924010734,0,0,both,True
grid_full_prefix,0.25,119,20080925002004,0,0,both,True
grid_full_prefix,0.25,119,20080927005205,0,0,both,True
grid_full_prefix,0.25,119,20080927125153,0,0,both,True
grid_full_prefix,0.25,119,20080930070335,0,0,both,True
grid_full_prefix,0.25,119,20080930075522,0,0,both,True
grid_full_prefix,0.25,119,20081005041023,0,0,both,True
grid_full_prefix,0.25,119,20081006001735,1,1,both,True
grid_full_prefix,0.25,126,20081212033806,11,11,both,True
grid_full_prefix,0.25,126,20081213004659,5,5,both,True
grid_full_prefix,0.25,126,20081214061053,5,5,both,True
grid_full_prefix,0.25,126,20081215091804,11,11,both,True
grid_full_prefix,0.25,126,20081215092501,17,17,both,True
grid_full_prefix,0.25,126,20081216145734,11,11,both,True
grid_full_prefix,0.25,126,20081217012730,11,11,both,True
grid_full_prefix,0.25,126,20081220053722,4,4,both,True
grid_full_prefix,0.25,126,20081221091036,4,4,both,True
grid_full_prefix,0.25,126,20081222152354,11,11,both,True
grid_full_prefix,0.25,126,20081223021508,4,4,both,True
grid_full_prefix,0.25,126,20081223114649,4,4,both,True
grid_full_prefix,0.25,126,20081224083759,5,5,both,True
grid_full_prefix,0.25,126,20081224150332,11,11,both,True
grid_full_prefix,0.25,126,20081225013437,4,4,both,True
grid_full_prefix,0.25,126,20081225175024,11,11,both,True
grid_full_prefix,0.25,126,20081226014209,4,4,both,True
grid_full_prefix,0.25,126,20081228032227,4,4,both,True
grid_full_prefix,0.25,126,20081228171208,11,11,both,True
grid_full_prefix,0.25,126,20081229023536,4,4,both,True
grid_full_prefix,0.25,126,20081229160739,11,11,both,True
grid_full_prefix,0.25,126,20081231100109,5,5,both,True
grid_full_prefix,0.25,126,20090101140537,11,11,both,True
grid_full_prefix,0.25,126,20090106101155,11,11,both,True
grid_full_prefix,0.25,126,20090111132534,11,11,both,True
grid_full_prefix,0.25,126,20090112034936,4,4,both,True
grid_full_prefix,0.25,126,20090112162902,11,11,both,True
grid_full_prefix,0.25,126,20090113015238,4,4,both,True
grid_full_prefix,0.25,126,20090114122432,4,4,both,True
grid_full_prefix,0.25,126,20090115014729,4,4,both,True
grid_full_prefix,0.25,126,20090116023156,4,4,both,True
grid_full_prefix,0.25,126,20090116161154,4,4,both,True
grid_full_prefix,0.25,126,20090117023705,4,4,both,True
grid_full_prefix,0.25,126,20090118041307,4,4,both,True
grid_full_prefix,0.25,126,20090118143859,5,5,both,True
grid_full_prefix,0.25,126,20090119070358,4,4,both,True
grid_full_prefix,0.25,126,20090120055508,4,4,both,True
grid_full_prefix,0.25,126,20090121064258,4,4,both,True
grid_full_prefix,0.25,126,20090121183707,11,11,both,True
grid_full_prefix,0.25,126,20090122050259,5,5,both,True
grid_full_prefix,0.25,126,20090124035138,4,4,both,True
grid_full_prefix,0.25,126,20090125020229,4,4,both,True
grid_full_prefix,0.25,126,20090126054447,4,4,both,True
grid_full_prefix,0.25,126,20090128035001,4,4,both,True
grid_full_prefix,0.25,126,20090202105828,11,11,both,True
grid_full_prefix,0.25,126,20090203063004,4,4,both,True
grid_full_prefix,0.25,126,20090203143356,11,11,both,True
grid_full_prefix,0.25,126,20090204035659,4,4,both,True
grid_full_prefix,0.25,126,20090205033759,4,4,both,True
grid_full_prefix,0.25,126,20090206055100,4,4,both,True
grid_full_prefix,0.25,126,20090207004237,4,4,both,True
grid_full_prefix,0.25,126,20090207103659,11,11,both,True
grid_full_prefix,0.25,126,20090208012352,4,4,both,True
grid_full_prefix,0.25,126,20090210154623,11,11,both,True
grid_full_prefix,0.25,126,20090211044036,4,4,both,True
grid_full_prefix,0.25,126,20090213025810,4,4,both,True
grid_full_prefix,0.25,126,20090214035934,5,5,both,True
grid_full_prefix,0.25,126,20090215103622,4,4,both,True
grid_full_prefix,0.25,126,20090215180922,11,11,both,True
grid_full_prefix,0.25,126,20090216032915,4,4,both,True
grid_full_prefix,0.25,126,20090216172536,11,11,both,True
grid_full_prefix,0.25,126,20090217015359,4,4,both,True
grid_full_prefix,0.25,126,20090222102105,11,11,both,True
grid_full_prefix,0.25,134,20080103185715,0,0,both,True
grid_full_prefix,0.25,134,20080104192055,0,0,both,True
grid_full_prefix,0.25,134,20080105101716,0,0,both,True
grid_full_prefix,0.25,134,20080105224708,0,0,both,True
grid_full_prefix,0.25,134,20080107232831,4,4,both,True
grid_full_prefix,0.25,134,20080109110907,0,0,both,True
grid_full_prefix,0.25,134,20080111104704,0,0,both,True
grid_full_prefix,0.25,134,20080123204917,1,1,both,True
grid_full_prefix,0.25,134,20080124232414,1,1,both,True
grid_full_prefix,0.25,134,20080125214105,4,4,both,True
grid_full_prefix,0.25,134,20080126201731,0,0,both,True
grid_full_prefix,0.25,134,20080128232012,1,1,both,True
grid_full_prefix,0.25,134,20080131181918,1,1,both,True
grid_full_prefix,0.25,134,20080201122139,1,1,both,True
grid_full_prefix,0.25,134,20080204234133,1,1,both,True
grid_full_prefix,0.25,134,20080205091700,0,0,both,True
grid_full_prefix,0.25,144,20090320105734,8,8,both,True
grid_full_prefix,0.25,144,20090320220234,8,8,both,True
grid_full_prefix,0.25,144,20090321083221,39,39,both,True
grid_full_prefix,0.25,144,20090322014034,39,39,both,True
grid_full_prefix,0.25,144,20090323015052,39,39,both,True
grid_full_prefix,0.25,144,20090324004422,39,39,both,True
grid_full_prefix,0.25,144,20090326091104,67,67,both,True
grid_full_prefix,0.25,144,20090520102033,9,9,both,True
grid_full_prefix,0.25,144,20090521014154,8,8,both,True
grid_full_prefix,0.25,144,20090522002338,16,16,both,True
grid_full_prefix,0.25,144,20090522091556,8,8,both,True
grid_full_prefix,0.25,144,20090522221207,8,8,both,True
grid_full_prefix,0.25,144,20090525235137,8,8,both,True
grid_full_prefix,0.25,144,20090527145304,111,111,both,True
grid_full_prefix,0.25,144,20090529010040,97,97,both,True
grid_full_prefix,0.25,144,20090529232430,97,97,both,True
grid_full_prefix,0.25,144,20090531114801,8,8,both,True
grid_full_prefix,0.25,144,20090601112421,8,8,both,True
grid_full_prefix,0.25,144,20090601235432,25,25,both,True
grid_full_prefix,0.25,144,20090602235107,9,9,both,True
grid_full_prefix,0.25,144,20090603101837,8,8,both,True
grid_full_prefix,0.25,144,20090606065236,7,7,both,True
grid_full_prefix,0.25,144,20090607060603,16,16,both,True
grid_full_prefix,0.25,144,20090608235536,9,9,both,True
grid_full_prefix,0.25,144,20090609110322,8,8,both,True
grid_full_prefix,0.25,144,20090609235238,25,25,both,True
grid_full_prefix,0.25,144,20090613020636,8,8,both,True
grid_full_prefix,0.25,144,20090614073117,7,7,both,True
grid_full_prefix,0.25,144,20090614235131,8,8,both,True
grid_full_prefix,0.25,144,20090616024001,8,8,both,True
grid_full_prefix,0.25,144,20090616235600,16,16,both,True
grid_full_prefix,0.25,144,20090617102729,8,8,both,True
grid_full_prefix,0.25,144,20090620033405,8,8,both,True
grid_full_prefix,0.25,144,20090622113007,8,8,both,True
grid_full_prefix,0.25,144,20090622234605,9,9,both,True
grid_full_prefix,0.25,144,20090624235454,9,9,both,True
grid_full_prefix,0.25,144,20090625103805,8,8,both,True
grid_full_prefix,0.25,144,20090626000502,25,25,both,True
grid_full_prefix,0.25,144,20090627030407,8,8,both,True
grid_full_prefix,0.25,144,20090628061504,7,7,both,True
grid_full_prefix,0.25,144,20090628234833,9,9,both,True
grid_full_prefix,0.25,144,20090629235727,25,25,both,True
grid_full_prefix,0.25,144,20090701235103,9,9,both,True
grid_full_prefix,0.25,144,20090702235757,25,25,both,True
grid_full_prefix,0.25,144,20090704015352,117,117,both,True
grid_full_prefix,0.25,144,20090706033310,72,72,both,True
grid_full_prefix,0.25,144,20090707230534,74,74,both,True
grid_full_prefix,0.25,144,20090715203207,16,16,both,True
grid_full_prefix,0.25,144,20090715203922,16,16,both,True
grid_full_prefix,0.25,144,20090717111355,8,8,both,True
grid_full_prefix,0.25,144,20090719065636,8,8,both,True
grid_full_prefix,0.25,144,20090720000052,8,8,both,True
grid_full_prefix,0.25,144,20090722104535,8,8,both,True
grid_full_prefix,0.25,144,20090723102429,8,8,both,True
grid_full_prefix,0.25,144,20090723235233,9,9,both,True
grid_full_prefix,0.25,144,20090724100436,8,8,both,True
grid_full_prefix,0.25,144,20090725012937,8,8,both,True
grid_full_prefix,0.25,144,20090726084226,8,8,both,True
grid_full_prefix,0.25,144,20090726235306,9,9,both,True
grid_full_prefix,0.25,144,20090727110936,8,8,both,True
grid_full_prefix,0.25,144,20090728000707,7,7,both,True
grid_full_prefix,0.25,144,20090729001633,21,21,both,True
grid_full_prefix,0.25,144,20090729235433,9,9,both,True
grid_full_prefix,0.25,144,20090730104305,8,8,both,True
grid_full_prefix,0.25,144,20090731024535,8,8,both,True
grid_full_prefix,0.25,144,20090731233637,8,8,both,True
grid_full_prefix,0.25,144,20090802001036,3,3,both,True
grid_full_prefix,0.25,144,20090802235254,9,9,both,True
grid_full_prefix,0.25,144,20090803110500,8,8,both,True
grid_full_prefix,0.25,144,20090803235536,25,25,both,True
grid_full_prefix,0.25,144,20090804110750,8,8,both,True
grid_full_prefix,0.25,144,20090808060826,8,8,both,True
grid_full_prefix,0.25,144,20090808220159,43,43,both,True
grid_full_prefix,0.25,144,20090810235059,25,25,both,True
grid_full_prefix,0.25,144,20090811104834,8,8,both,True
grid_full_prefix,0.25,144,20090812100836,8,8,both,True
grid_full_prefix,0.25,144,20090813010535,21,21,both,True
grid_full_prefix,0.25,144,20090815031237,8,8,both,True
grid_full_prefix,0.25,144,20090816234933,9,9,both,True
grid_full_prefix,0.25,144,20090818104808,8,8,both,True
grid_full_prefix,0.25,144,20090819002103,16,16,both,True
grid_full_prefix,0.25,144,20090819093007,8,8,both,True
grid_full_prefix,0.25,144,20090819225202,8,8,both,True
grid_full_prefix,0.25,144,20090821003737,25,25,both,True
grid_full_prefix,0.25,144,20090821110053,8,8,both,True
grid_full_prefix,0.25,144,20090822075806,0,0,both,True
grid_full_prefix,0.25,144,20090823034437,8,8,both,True
grid_full_prefix,0.25,144,20090824101938,16,16,both,True
grid_full_prefix,0.25,144,20090825034334,41,41,both,True
grid_full_prefix,0.25,144,20090825235926,96,96,both,True
grid_full_prefix,0.25,144,20090827005038,96,96,both,True
grid_full_prefix,0.25,144,20090827114400,96,96,both,True
grid_full_prefix,0.25,144,20090828022936,16,16,both,True
grid_full_prefix,0.25,144,20090828154632,8,8,both,True
grid_full_prefix,0.25,144,20090830022303,67,67,both,True
grid_full_prefix,0.25,144,20090830235305,9,9,both,True
grid_full_prefix,0.25,144,20090903014903,25,25,both,True
grid_full_prefix,0.25,144,20090904034156,19,19,both,True
grid_full_prefix,0.25,144,20090905032524,8,8,both,True
grid_full_prefix,0.25,144,20090906023103,16,16,both,True
grid_full_prefix,0.25,144,20090906092908,8,8,both,True
grid_full_prefix,0.25,144,20090908234759,9,9,both,True
grid_full_prefix,0.25,144,20090909110407,8,8,both,True
grid_full_prefix,0.25,144,20090910004838,16,16,both,True
grid_full_prefix,0.25,144,20090911113635,8,8,both,True
grid_full_prefix,0.25,144,20090912053533,8,8,both,True
grid_full_prefix,0.25,144,20090913065703,7,7,both,True
grid_full_prefix,0.25,144,20090916001807,16,16,both,True
grid_full_prefix,0.25,144,20090916104304,8,8,both,True
grid_full_prefix,0.25,144,20090916234959,9,9,both,True
grid_full_prefix,0.25,144,20090917101935,8,8,both,True
grid_full_prefix,0.25,144,20090917235434,16,16,both,True
grid_full_prefix,0.25,144,20090918063018,9,9,both,True
grid_full_prefix,0.25,144,20090920052628,8,8,both,True
grid_full_prefix,0.25,144,20090920234831,9,9,both,True
grid_full_prefix,0.25,144,20090921102607,8,8,both,True
grid_full_prefix,0.25,144,20090921234959,25,25,both,True
grid_full_prefix,0.25,144,20090922235636,20,20,both,True
grid_full_prefix,0.25,144,20090923101746,8,8,both,True
grid_full_prefix,0.25,144,20090924054331,8,8,both,True
grid_full_prefix,0.25,147,20110429211108,0,0,both,True
grid_full_prefix,0.25,147,20110503092256,1,1,both,True
grid_full_prefix,0.25,147,20110503211058,3,3,both,True
grid_full_prefix,0.25,147,20110504090804,1,1,both,True
grid_full_prefix,0.25,147,20110504222727,3,3,both,True
grid_full_prefix,0.25,147,20110505093137,1,1,both,True
grid_full_prefix,0.25,147,20110509090537,1,1,both,True
grid_full_prefix,0.25,147,20110509213336,3,3,both,True
grid_full_prefix,0.25,147,20110510091728,1,1,both,True
grid_full_prefix,0.25,147,20110510220025,3,3,both,True
grid_full_prefix,0.25,147,20110511090033,1,1,both,True
grid_full_prefix,0.25,147,20110511220208,3,3,both,True
grid_full_prefix,0.25,147,20110512092100,1,1,both,True
grid_full_prefix,0.25,147,20110512213721,3,3,both,True
grid_full_prefix,0.25,147,20110513085630,1,1,both,True
grid_full_prefix,0.25,147,20110515092153,1,1,both,True
grid_full_prefix,0.25,147,20110516213330,3,3,both,True
grid_full_prefix,0.25,147,20110517221041,3,3,both,True
grid_full_prefix,0.25,147,20110518210025,0,0,both,True
grid_full_prefix,0.25,147,20110519084458,1,1,both,True
grid_full_prefix,0.25,168,20110808223334,5,5,both,True
grid_full_prefix,0.25,168,20110809130404,1,1,both,True
grid_full_prefix,0.25,168,20110809223728,5,5,both,True
grid_full_prefix,0.25,168,20110810114128,1,1,both,True
grid_full_prefix,0.25,168,20110810230703,1,1,both,True
grid_full_prefix,0.25,168,20110811111352,1,1,both,True
grid_full_prefix,0.25,168,20110813021333,1,1,both,True
grid_full_prefix,0.25,168,20110814082752,5,5,both,True
grid_full_prefix,0.25,168,20110814223234,5,5,both,True
grid_full_prefix,0.25,168,20110815094533,1,1,both,True
grid_full_prefix,0.25,168,20110815223434,5,5,both,True
grid_full_prefix,0.25,168,20110816121403,1,1,both,True
grid_full_prefix,0.25,168,20110816223828,5,5,both,True
grid_full_prefix,0.25,168,20110817113458,1,1,both,True
grid_full_prefix,0.25,168,20110817223957,5,5,both,True
grid_full_prefix,0.25,168,20110818101352,1,1,both,True
grid_full_prefix,0.25,168,20110820061322,5,5,both,True
grid_full_prefix,0.25,168,20110821223758,5,5,both,True
grid_full_prefix,0.25,168,20110822115552,1,1,both,True
grid_full_prefix,0.25,168,20110822224028,5,5,both,True
grid_full_prefix,0.25,168,20110823095558,1,1,both,True
grid_full_prefix,0.25,168,20110823224234,5,5,both,True
grid_full_prefix,0.25,168,20110824134528,1,1,both,True
grid_full_prefix,0.25,168,20110824224328,5,5,both,True
grid_full_prefix,0.25,179,20081021012324,9,9,both,True
grid_full_prefix,0.25,179,20081021110030,0,0,both,True
grid_full_prefix,0.25,179,20081026014505,4,4,both,True
grid_full_prefix,0.25,179,20081026113752,0,0,both,True
grid_full_prefix,0.25,179,20081027012336,9,9,both,True
grid_full_prefix,0.25,179,20081027123634,0,0,both,True
grid_full_prefix,0.25,179,20081027124519,0,0,both,True
grid_full_prefix,0.25,179,20081101013523,4,4,both,True
grid_full_prefix,0.25,179,20081106023054,0,0,both,True
grid_full_prefix,0.25,179,20081107090836,8,8,both,True
grid_full_prefix,0.25,179,20081109014530,9,9,both,True
grid_full_prefix,0.25,179,20081109120329,0,0,both,True
grid_full_prefix,0.25,179,20081115015705,4,4,both,True
grid_full_prefix,0.25,179,20081115105653,0,0,both,True
grid_full_prefix,0.25,179,20081116065153,0,0,both,True
grid_full_prefix,0.25,179,20081117025429,9,9,both,True
grid_full_prefix,0.25,179,20081117030421,8,8,both,True
grid_full_prefix,0.25,179,20081129015805,0,0,both,True
grid_full_prefix,0.5,0,20090603064302,4,4,both,True
grid_full_prefix,0.5,0,20090604053730,15,15,both,True
grid_full_prefix,0.5,0,20090605012707,4,4,both,True
grid_full_prefix,0.5,0,20090606060037,4,4,both,True
grid_full_prefix,0.5,0,20090607075255,4,4,both,True
grid_full_prefix,0.5,0,20090607163831,0,0,both,True
grid_full_prefix,0.5,0,20090608060034,4,4,both,True
grid_full_prefix,0.5,0,20090609002030,4,4,both,True
grid_full_prefix,0.5,0,20090610062438,4,4,both,True
grid_full_prefix,0.5,0,20090610223636,18,18,both,True
grid_full_prefix,0.5,0,20090611221204,0,0,both,True
grid_full_prefix,0.5,0,20090612072227,4,4,both,True
grid_full_prefix,0.5,0,20090612220336,0,0,both,True
grid_full_prefix,0.5,0,20090614065303,0,0,both,True
grid_full_prefix,0.5,0,20090615055603,4,4,both,True
grid_full_prefix,0.5,0,20090615183206,0,0,both,True
grid_full_prefix,0.5,0,20090616054128,11,11,both,True
grid_full_prefix,0.5,0,20090618005931,0,0,both,True
grid_full_prefix,0.5,0,20090619004036,4,4,both,True
grid_full_prefix,0.5,0,20090620024527,0,0,both,True
grid_full_prefix,0.5,0,20090621101407,4,4,both,True
grid_full_prefix,0.5,0,20090622095432,0,0,both,True
grid_full_prefix,0.5,0,20090623043635,4,4,both,True
grid_full_prefix,0.5,0,20090623233404,0,0,both,True
grid_full_prefix,0.5,0,20090624070430,0,0,both,True
grid_full_prefix,0.5,0,20090624215736,0,0,both,True
grid_full_prefix,0.5,0,20090625041631,4,4,both,True
grid_full_prefix,0.5,0,20090626101307,4,4,both,True
grid_full_prefix,0.5,0,20090627025208,4,4,both,True
grid_full_prefix,0.5,0,20090627101821,4,4,both,True
grid_full_prefix,0.5,0,20090628005229,16,16,both,True
grid_full_prefix,0.5,0,20090629011630,4,4,both,True
grid_full_prefix,0.5,0,20090629173335,0,0,both,True
grid_full_prefix,0.5,0,20090630045606,4,4,both,True
grid_full_prefix,0.5,0,20090701044033,0,0,both,True
grid_full_prefix,0.5,0,20090701171936,4,4,both,True
grid_full_prefix,0.5,0,20090702022530,4,4,both,True
grid_full_prefix,0.5,0,20090703002800,4,4,both,True
grid_full_prefix,0.5,0,20090704042634,0,0,both,True
grid_full_prefix,0.5,0,20090705025307,0,0,both,True
grid_full_prefix,0.5,16,20081202110923,3,3,both,True
grid_full_prefix,0.5,16,20081203091735,4,4,both,True
grid_full_prefix,0.5,16,20081208003122,0,0,both,True
grid_full_prefix,0.5,16,20081209014205,0,0,both,True
grid_full_prefix,0.5,16,20081210004205,3,3,both,True
grid_full_prefix,0.5,16,20081210102335,0,0,both,True
grid_full_prefix,0.5,16,20081211005204,3,3,both,True
grid_full_prefix,0.5,16,20081212071854,0,0,both,True
grid_full_prefix,0.5,16,20081213085404,0,0,both,True
grid_full_prefix,0.5,16,20081214050759,3,3,both,True
grid_full_prefix,0.5,16,20081215004559,0,0,both,True
grid_full_prefix,0.5,16,20081216010805,0,0,both,True
grid_full_prefix,0.5,17,20090319050008,0,0,both,True
grid_full_prefix,0.5,17,20090319091136,0,0,both,True
grid_full_prefix,0.5,17,20090319124458,0,0,both,True
grid_full_prefix,0.5,17,20090320000946,3,3,both,True
grid_full_prefix,0.5,17,20090320004539,3,3,both,True
grid_full_prefix,0.5,17,20090321050356,1,1,both,True
grid_full_prefix,0.5,17,20090322052036,0,0,both,True
grid_full_prefix,0.5,17,20090323000531,0,0,both,True
grid_full_prefix,0.5,17,20090323145837,0,0,both,True
grid_full_prefix,0.5,17,20090323212145,54,54,both,True
grid_full_prefix,0.5,17,20090325000739,0,0,both,True
grid_full_prefix,0.5,17,20090326000154,1,1,both,True
grid_full_prefix,0.5,17,20090326113406,0,0,both,True
grid_full_prefix,0.5,17,20090327002511,0,0,both,True
grid_full_prefix,0.5,17,20090328041725,1,1,both,True
grid_full_prefix,0.5,17,20090329025818,0,0,both,True
grid_full_prefix,0.5,17,20090329235347,0,0,both,True
grid_full_prefix,0.5,17,20090330112458,3,3,both,True
grid_full_prefix,0.5,17,20090331235635,0,0,both,True
grid_full_prefix,0.5,17,20090401235303,3,3,both,True
grid_full_prefix,0.5,17,20090402235820,53,53,both,True
grid_full_prefix,0.5,17,20090403131503,3,3,both,True
grid_full_prefix,0.5,17,20090404020155,0,0,both,True
grid_full_prefix,0.5,17,20090405053007,1,1,both,True
grid_full_prefix,0.5,17,20090406060347,0,0,both,True
grid_full_prefix,0.5,17,20090406233133,1,1,both,True
grid_full_prefix,0.5,17,20090407122913,0,0,both,True
grid_full_prefix,0.5,17,20090407234410,0,0,both,True
grid_full_prefix,0.5,17,20090408235354,0,0,both,True
grid_full_prefix,0.5,17,20090409234539,0,0,both,True
grid_full_prefix,0.5,17,20090411000325,0,0,both,True
grid_full_prefix,0.5,17,20090412014730,0,0,both,True
grid_full_prefix,0.5,17,20090413000008,0,0,both,True
grid_full_prefix,0.5,17,20090413235216,0,0,both,True
grid_full_prefix,0.5,17,20090415234514,0,0,both,True
grid_full_prefix,0.5,17,20090416234739,0,0,both,True
grid_full_prefix,0.5,17,20090418014515,0,0,both,True
grid_full_prefix,0.5,17,20090419010400,0,0,both,True
grid_full_prefix,0.5,17,20090419130441,0,0,both,True
grid_full_prefix,0.5,17,20090420000026,0,0,both,True
grid_full_prefix,0.5,17,20090420110816,3,3,both,True
grid_full_prefix,0.5,17,20090420235733,66,66,both,True
grid_full_prefix,0.5,17,20090421124855,0,0,both,True
grid_full_prefix,0.5,17,20090421234946,3,3,both,True
grid_full_prefix,0.5,17,20090513094309,0,0,both,True
grid_full_prefix,0.5,17,20090513232947,1,1,both,True
grid_full_prefix,0.5,17,20090514090933,0,0,both,True
grid_full_prefix,0.5,17,20090515020800,1,1,both,True
grid_full_prefix,0.5,17,20090516010239,0,0,both,True
grid_full_prefix,0.5,17,20090517033915,0,0,both,True
grid_full_prefix,0.5,17,20090517054300,0,0,both,True
grid_full_prefix,0.5,17,20090519003045,0,0,both,True
grid_full_prefix,0.5,17,20090520231518,26,26,both,True
grid_full_prefix,0.5,17,20090521234308,0,0,both,True
grid_full_prefix,0.5,17,20090523022436,0,0,both,True
grid_full_prefix,0.5,17,20090524232403,0,0,both,True
grid_full_prefix,0.5,17,20090526051336,3,3,both,True
grid_full_prefix,0.5,17,20090528012914,5,5,both,True
grid_full_prefix,0.5,17,20090530054703,0,0,both,True
grid_full_prefix,0.5,17,20090531001952,0,0,both,True
grid_full_prefix,0.5,17,20090601000744,0,0,both,True
grid_full_prefix,0.5,17,20090601235202,1,1,both,True
grid_full_prefix,0.5,17,20090602131142,0,0,both,True
grid_full_prefix,0.5,17,20090603233338,0,0,both,True
grid_full_prefix,0.5,17,20090604232209,63,63,both,True
grid_full_prefix,0.5,17,20090607021214,0,0,both,True
grid_full_prefix,0.5,17,20090607234645,0,0,both,True
grid_full_prefix,0.5,17,20090608233046,0,0,both,True
grid_full_prefix,0.5,17,20090609233900,0,0,both,True
grid_full_prefix,0.5,17,20090610135201,0,0,both,True
grid_full_prefix,0.5,17,20090610232548,3,3,both,True
grid_full_prefix,0.5,17,20090611234447,66,66,both,True
grid_full_prefix,0.5,17,20090613010507,0,0,both,True
grid_full_prefix,0.5,17,20090613144446,0,0,both,True
grid_full_prefix,0.5,17,20090613231704,54,54,both,True
grid_full_prefix,0.5,17,20090614233331,0,0,both,True
grid_full_prefix,0.5,17,20090615233906,0,0,both,True
grid_full_prefix,0.5,17,20090617131111,3,3,both,True
grid_full_prefix,0.5,17,20090617235133,0,0,both,True
grid_full_prefix,0.5,17,20090618235545,0,0,both,True
grid_full_prefix,0.5,17,20090619234854,0,0,both,True
grid_full_prefix,0.5,17,20090621012524,1,1,both,True
grid_full_prefix,0.5,17,20090621094628,3,3,both,True
grid_full_prefix,0.5,17,20090623000214,3,3,both,True
grid_full_prefix,0.5,17,20090623141709,1,1,both,True
grid_full_prefix,0.5,17,20090624121832,3,3,both,True
grid_full_prefix,0.5,17,20090625014745,0,0,both,True
grid_full_prefix,0.5,17,20090625232715,0,0,both,True
grid_full_prefix,0.5,17,20090627012536,66,66,both,True
grid_full_prefix,0.5,17,20090628013245,0,0,both,True
grid_full_prefix,0.5,17,20090630001301,53,53,both,True
grid_full_prefix,0.5,17,20090702000608,3,3,both,True
grid_full_prefix,0.5,17,20090702094931,3,3,both,True
grid_full_prefix,0.5,17,20090703000110,3,3,both,True
grid_full_prefix,0.5,17,20090704063554,0,0,both,True
grid_full_prefix,0.5,19,20081208063648,4,4,both,True
grid_full_prefix,0.5,19,20081208093749,25,25,both,True
grid_full_prefix,0.5,19,20081208115451,0,0,both,True
grid_full_prefix,0.5,19,20081209002742,4,4,both,True
grid_full_prefix,0.5,19,20081209101839,0,0,both,True
grid_full_prefix,0.5,19,20081209125837,0,0,both,True
grid_full_prefix,0.5,19,20081209150349,0,0,both,True
grid_full_prefix,0.5,19,20081210051634,4,4,both,True
grid_full_prefix,0.5,19,20081210055142,6,6,both,True
grid_full_prefix,0.5,19,20081210062239,0,0,both,True
grid_full_prefix,0.5,19,20081210085203,0,0,both,True
grid_full_prefix,0.5,19,20081210093504,0,0,both,True
grid_full_prefix,0.5,19,20081211001406,4,4,both,True
grid_full_prefix,0.5,19,20081211024057,23,23,both,True
grid_full_prefix,0.5,19,20081211034454,5,5,both,True
grid_full_prefix,0.5,19,20081211044214,0,0,both,True
grid_full_prefix,0.5,19,20081213075114,10,10,both,True
grid_full_prefix,0.5,19,20081214002807,4,4,both,True
grid_full_prefix,0.5,19,20081214092748,24,24,both,True
grid_full_prefix,0.5,20,20111115013237,1,1,both,True
grid_full_prefix,0.5,20,20111116153831,0,0,both,True
grid_full_prefix,0.5,20,20111117020931,1,1,both,True
grid_full_prefix,0.5,20,20111118101629,1,1,both,True
grid_full_prefix,0.5,20,20111119042142,1,1,both,True
grid_full_prefix,0.5,20,20111119155101,0,0,both,True
grid_full_prefix,0.5,20,20111120161356,0,0,both,True
grid_full_prefix,0.5,20,20111121013035,1,1,both,True
grid_full_prefix,0.5,20,20111122014130,1,1,both,True
grid_full_prefix,0.5,20,20111122151957,0,0,both,True
grid_full_prefix,0.5,20,20111123154525,0,0,both,True
grid_full_prefix,0.5,20,20111124020829,1,1,both,True
grid_full_prefix,0.5,20,20111124154938,0,0,both,True
grid_full_prefix,0.5,20,20111125014422,1,1,both,True
grid_full_prefix,0.5,20,20111125152106,0,0,both,True
grid_full_prefix,0.5,20,20111128015322,1,1,both,True
grid_full_prefix,0.5,20,20111128151537,0,0,both,True
grid_full_prefix,0.5,20,20111129015531,1,1,both,True
grid_full_prefix,0.5,20,20111129151955,0,0,both,True
grid_full_prefix,0.5,20,20111130015030,1,1,both,True
grid_full_prefix,0.5,20,20111130151807,0,0,both,True
grid_full_prefix,0.5,20,20111130152335,0,0,both,True
grid_full_prefix,0.5,20,20111201020105,1,1,both,True
grid_full_prefix,0.5,20,20111202020153,1,1,both,True
grid_full_prefix,0.5,20,20111206145735,0,0,both,True
grid_full_prefix,0.5,20,20111209015635,1,1,both,True
grid_full_prefix,0.5,20,20111213143458,0,0,both,True
grid_full_prefix,0.5,20,20111220145401,0,0,both,True
grid_full_prefix,0.5,20,20111221014028,1,1,both,True
grid_full_prefix,0.5,20,20111221150308,0,0,both,True
grid_full_prefix,0.5,20,20111222021305,1,1,both,True
grid_full_prefix,0.5,20,20111223015835,1,1,both,True
grid_full_prefix,0.5,20,20111227051001,0,0,both,True
grid_full_prefix,0.5,24,20090318010336,1,1,both,True
grid_full_prefix,0.5,24,20090319051300,3,3,both,True
grid_full_prefix,0.5,24,20090319232505,3,3,both,True
grid_full_prefix,0.5,24,20090320092600,3,3,both,True
grid_full_prefix,0.5,24,20090321000237,13,13,both,True
grid_full_prefix,0.5,24,20090321235532,3,3,both,True
grid_full_prefix,0.5,24,20090322063047,3,3,both,True
grid_full_prefix,0.5,24,20090323232430,3,3,both,True
grid_full_prefix,0.5,24,20090325001055,3,3,both,True
grid_full_prefix,0.5,24,20090325232230,3,3,both,True
grid_full_prefix,0.5,24,20090512010704,3,3,both,True
grid_full_prefix,0.5,24,20090512231006,3,3,both,True
grid_full_prefix,0.5,24,20090514001608,3,3,both,True
grid_full_prefix,0.5,24,20090515051736,14,14,both,True
grid_full_prefix,0.5,24,20090516000230,3,3,both,True
grid_full_prefix,0.5,24,20090518010033,3,3,both,True
grid_full_prefix,0.5,24,20090519002637,9,9,both,True
grid_full_prefix,0.5,24,20090519231433,3,3,both,True
grid_full_prefix,0.5,24,20090520231037,3,3,both,True
grid_full_prefix,0.5,24,20090522012954,9,9,both,True
grid_full_prefix,0.5,24,20090523001107,3,3,both,True
grid_full_prefix,0.5,24,20090524061723,3,3,both,True
grid_full_prefix,0.5,24,20090525230436,3,3,both,True
grid_full_prefix,0.5,24,20090526104409,3,3,both,True
grid_full_prefix,0.5,25,20090511025404,0,0,both,True
grid_full_prefix,0.5,25,20090511074253,0,0,both,True
grid_full_prefix,0.5,25,20090511120543,0,0,both,True
grid_full_prefix,0.5,25,20090512000606,38,38,both,True
grid_full_prefix,0.5,25,20090512082957,40,40,both,True
grid_full_prefix,0.5,25,20090513013740,40,40,both,True
grid_full_prefix,0.5,25,20090513105350,40,40,both,True
grid_full_prefix,0.5,25,20090514000001,40,40,both,True
grid_full_prefix,0.5,25,20090514015739,40,40,both,True
grid_full_prefix,0.5,25,20090514025341,40,40,both,True
grid_full_prefix,0.5,25,20090514100158,40,40,both,True
grid_full_prefix,0.5,25,20090515000000,41,41,both,True
grid_full_prefix,0.5,25,20090516044805,115,115,both,True
grid_full_prefix,0.5,25,20090516061230,45,45,both,True
grid_full_prefix,0.5,25,20090516105352,115,115,both,True
grid_full_prefix,0.5,25,20090517010002,47,47,both,True
grid_full_prefix,0.5,25,20090517055402,51,51,both,True
grid_full_prefix,0.5,25,20090517092755,40,40,both,True
grid_full_prefix,0.5,25,20090517120000,44,44,both,True
grid_full_prefix,0.5,25,20090518101843,40,40,both,True
grid_full_prefix,0.5,25,20090518121117,40,40,both,True
grid_full_prefix,0.5,25,20090519013040,51,51,both,True
grid_full_prefix,0.5,25,20090519122006,51,51,both,True
grid_full_prefix,0.5,25,20090520000243,8,8,both,True
grid_full_prefix,0.5,25,20090520114811,0,0,both,True
grid_full_prefix,0.5,25,20090520234651,2,2,both,True
grid_full_prefix,0.5,25,20090521042205,0,0,both,True
grid_full_prefix,0.5,25,20090521053513,0,0,both,True
grid_full_prefix,0.5,25,20090521235502,2,2,both,True
grid_full_prefix,0.5,25,20090522042917,93,93,both,True
grid_full_prefix,0.5,25,20090523000115,2,2,both,True
grid_full_prefix,0.5,25,20090523044126,93,93,both,True
grid_full_prefix,0.5,25,20090524000415,2,2,both,True
grid_full_prefix,0.5,25,20090524042347,93,93,both,True
grid_full_prefix,0.5,25,20090524075447,0,0,both,True
grid_full_prefix,0.5,25,20090525000736,2,2,both,True
grid_full_prefix,0.5,25,20090525040854,93,93,both,True
grid_full_prefix,0.5,25,20090525074414,93,93,both,True
grid_full_prefix,0.5,25,20090525081250,0,0,both,True
grid_full_prefix,0.5,25,20090525235606,2,2,both,True
grid_full_prefix,0.5,25,20090526044933,93,93,both,True
grid_full_prefix,0.5,25,20090526084328,0,0,both,True
grid_full_prefix,0.5,25,20090526235709,2,2,both,True
grid_full_prefix,0.5,25,20090527045639,93,93,both,True
grid_full_prefix,0.5,25,20090527092852,0,0,both,True
grid_full_prefix,0.5,25,20090528000132,2,2,both,True
grid_full_prefix,0.5,25,20090528043016,93,93,both,True
grid_full_prefix,0.5,25,20090528074406,93,93,both,True
grid_full_prefix,0.5,25,20090528104309,0,0,both,True
grid_full_prefix,0.5,25,20090528123505,0,0,both,True
grid_full_prefix,0.5,25,20090529021453,2,2,both,True
grid_full_prefix,0.5,25,20090529044013,0,0,both,True
grid_full_prefix,0.5,25,20090529081236,93,93,both,True
grid_full_prefix,0.5,25,20090529100124,0,0,both,True
grid_full_prefix,0.5,25,20090530000803,2,2,both,True
grid_full_prefix,0.5,25,20090530092855,93,93,both,True
grid_full_prefix,0.5,25,20090531000007,2,2,both,True
grid_full_prefix,0.5,25,20090531090700,93,93,both,True
grid_full_prefix,0.5,25,20090601104724,0,0,both,True
grid_full_prefix,0.5,25,20090601113739,0,0,both,True
grid_full_prefix,0.5,25,20090601121555,0,0,both,True
grid_full_prefix,0.5,25,20090602041611,2,2,both,True
grid_full_prefix,0.5,25,20090602101840,93,93,both,True
grid_full_prefix,0.5,25,20090603033735,98,98,both,True
grid_full_prefix,0.5,25,20090603102054,0,0,both,True
grid_full_prefix,0.5,25,20090604040956,2,2,both,True
grid_full_prefix,0.5,25,20090604104645,93,93,both,True
grid_full_prefix,0.5,25,20090605035359,0,0,both,True
grid_full_prefix,0.5,25,20090605094502,93,93,both,True
grid_full_prefix,0.5,25,20090605112034,0,0,both,True
grid_full_prefix,0.5,25,20090606005515,2,2,both,True
grid_full_prefix,0.5,25,20090606093819,93,93,both,True
grid_full_prefix,0.5,25,20090606120215,0,0,both,True
grid_full_prefix,0.5,25,20090606234144,74,74,both,True
grid_full_prefix,0.5,25,20090607113902,5,5,both,True
grid_full_prefix,0.5,25,20090608005335,5,5,both,True
grid_full_prefix,0.5,25,20090609012637,5,5,both,True
grid_full_prefix,0.5,25,20090609090605,5,5,both,True
grid_full_prefix,0.5,25,20090609112946,5,5,both,True
grid_full_prefix,0.5,25,20090610023300,5,5,both,True
grid_full_prefix,0.5,25,20090610095604,34,34,both,True
grid_full_prefix,0.5,25,20090610170259,0,0,both,True
grid_full_prefix,0.5,25,20090611085512,0,0,both,True
grid_full_prefix,0.5,25,20090611113001,0,0,both,True
grid_full_prefix,0.5,25,20090612040740,0,0,both,True
grid_full_prefix,0.5,25,20090612064142,0,0,both,True
grid_full_prefix,0.5,25,20090612130630,0,0,both,True
grid_full_prefix,0.5,25,20090612145033,0,0,both,True
grid_full_prefix,0.5,25,20090614050830,0,0,both,True
grid_full_prefix,0.5,25,20090614085036,0,0,both,True
grid_full_prefix,0.5,25,20090614123454,0,0,both,True
grid_full_prefix,0.5,25,20090615074716,0,0,both,True
grid_full_prefix,0.5,25,20090615132630,0,0,both,True
grid_full_prefix,0.5,25,20090615142743,0,0,both,True
grid_full_prefix,0.5,25,20090616000900,2,2,both,True
grid_full_prefix,0.5,25,20090616093056,0,0,both,True
grid_full_prefix,0.5,25,20090617042939,2,2,both,True
grid_full_prefix,0.5,25,20090617104840,0,0,both,True
grid_full_prefix,0.5,25,20090618010806,2,2,both,True
grid_full_prefix,0.5,25,20090618064236,93,93,both,True
grid_full_prefix,0.5,25,20090619002314,98,98,both,True
grid_full_prefix,0.5,25,20090619023451,13,13,both,True
grid_full_prefix,0.5,25,20090620001440,2,2,both,True
grid_full_prefix,0.5,25,20090620035727,93,93,both,True
grid_full_prefix,0.5,25,20090620092630,93,93,both,True
grid_full_prefix,0.5,25,20090621005632,2,2,both,True
grid_full_prefix,0.5,25,20090621094130,93,93,both,True
grid_full_prefix,0.5,25,20090621130111,0,0,both,True
grid_full_prefix,0.5,25,20090622001245,0,0,both,True
grid_full_prefix,0.5,25,20090622050547,2,2,both,True
grid_full_prefix,0.5,25,20090622092840,5,5,both,True
grid_full_prefix,0.5,25,20090623012719,0,0,both,True
grid_full_prefix,0.5,25,20090623042946,93,93,both,True
grid_full_prefix,0.5,25,20090623085109,0,0,both,True
grid_full_prefix,0.5,25,20090623100934,5,5,both,True
grid_full_prefix,0.5,25,20090623133306,93,93,both,True
grid_full_prefix,0.5,25,20090623153918,104,104,both,True
grid_full_prefix,0.5,25,20090624024641,0,0,both,True
grid_full_prefix,0.5,25,20090624081836,0,0,both,True
grid_full_prefix,0.5,25,20090625000008,74,74,both,True
grid_full_prefix,0.5,25,20090625034002,0,0,both,True
grid_full_prefix,0.5,25,20090626071038,0,0,both,True
grid_full_prefix,0.5,25,20090626115640,0,0,both,True
grid_full_prefix,0.5,25,20090626142016,0,0,both,True
grid_full_prefix,0.5,25,20090627022716,98,98,both,True
grid_full_prefix,0.5,25,20090627065710,0,0,both,True
grid_full_prefix,0.5,25,20090628101336,0,0,both,True
grid_full_prefix,0.5,25,20090629002542,0,0,both,True
grid_full_prefix,0.5,25,20090629013154,0,0,both,True
grid_full_prefix,0.5,25,20090629081014,0,0,both,True
grid_full_prefix,0.5,25,20090630074500,0,0,both,True
grid_full_prefix,0.5,25,20090630110602,0,0,both,True
grid_full_prefix,0.5,25,20090630123834,0,0,both,True
grid_full_prefix,0.5,25,20090701084100,0,0,both,True
grid_full_prefix,0.5,25,20090701091446,0,0,both,True
grid_full_prefix,0.5,25,20090701143746,0,0,both,True
grid_full_prefix,0.5,25,20090701165346,0,0,both,True
grid_full_prefix,0.5,25,20090702025218,0,0,both,True
grid_full_prefix,0.5,25,20090702091404,0,0,both,True
grid_full_prefix,0.5,25,20090702114731,0,0,both,True
grid_full_prefix,0.5,25,20090703013710,0,0,both,True
grid_full_prefix,0.5,25,20090703022251,0,0,both,True
grid_full_prefix,0.5,25,20090703053357,0,0,both,True
grid_full_prefix,0.5,25,20090703093956,0,0,both,True
grid_full_prefix,0.5,25,20090703135348,0,0,both,True
grid_full_prefix,0.5,25,20090704042738,3,3,both,True
grid_full_prefix,0.5,25,20090704101609,0,0,both,True
grid_full_prefix,0.5,25,20090705044519,0,0,both,True
grid_full_prefix,0.5,25,20090705093145,0,0,both,True
grid_full_prefix,0.5,25,20090705142119,0,0,both,True
grid_full_prefix,0.5,25,20090705234132,0,0,both,True
grid_full_prefix,0.5,25,20090706033701,0,0,both,True
grid_full_prefix,0.5,25,20090706042627,0,0,both,True
grid_full_prefix,0.5,25,20090706112513,0,0,both,True
grid_full_prefix,0.5,25,20090706124423,0,0,both,True
grid_full_prefix,0.5,25,20090707072302,2,2,both,True
grid_full_prefix,0.5,25,20090707091545,0,0,both,True
grid_full_prefix,0.5,25,20090708020049,0,0,both,True
grid_full_prefix,0.5,25,20090708032528,0,0,both,True
grid_full_prefix,0.5,25,20090708083822,2,2,both,True
grid_full_prefix,0.5,25,20090708112912,38,38,both,True
grid_full_prefix,0.5,25,20090709001109,40,40,both,True
grid_full_prefix,0.5,25,20090710102416,51,51,both,True
grid_full_prefix,0.5,25,20090710134415,40,40,both,True
grid_full_prefix,0.5,25,20090711073706,40,40,both,True
grid_full_prefix,0.5,25,20090711091028,40,40,both,True
grid_full_prefix,0.5,26,20090321063103,0,0,both,True
grid_full_prefix,0.5,26,20090321235040,0,0,both,True
grid_full_prefix,0.5,26,20090325081528,0,0,both,True
grid_full_prefix,0.5,26,20090405033104,0,0,both,True
grid_full_prefix,0.5,26,20090405164834,0,0,both,True
grid_full_prefix,0.5,26,20090407094503,0,0,both,True
grid_full_prefix,0.5,26,20090408040922,0,0,both,True
grid_full_prefix,0.5,26,20090411011503,0,0,both,True
grid_full_prefix,0.5,26,20090414091952,0,0,both,True
grid_full_prefix,0.5,26,20090415014804,0,0,both,True
grid_full_prefix,0.5,26,20090418032222,0,0,both,True
grid_full_prefix,0.5,28,20090408000034,2,2,both,True
grid_full_prefix,0.5,28,20090408091659,2,2,both,True
grid_full_prefix,0.5,28,20090408234136,12,12,both,True
grid_full_prefix,0.5,28,20090410052703,2,2,both,True
grid_full_prefix,0.5,28,20090413091309,2,2,both,True
grid_full_prefix,0.5,28,20090413222107,3,3,both,True
grid_full_prefix,0.5,28,20090414104608,2,2,both,True
grid_full_prefix,0.5,28,20090414222138,3,3,both,True
grid_full_prefix,0.5,28,20090415080832,2,2,both,True
grid_full_prefix,0.5,28,20090416091157,2,2,both,True
grid_full_prefix,0.5,28,20090416222138,3,3,both,True
grid_full_prefix,0.5,28,20090417073556,2,2,both,True
grid_full_prefix,0.5,28,20090420091753,2,2,both,True
grid_full_prefix,0.5,28,20090420222226,3,3,both,True
grid_full_prefix,0.5,28,20090421093501,2,2,both,True
grid_full_prefix,0.5,28,20090421222226,3,3,both,True
grid_full_prefix,0.5,29,20090310075634,1,1,both,True
grid_full_prefix,0.5,29,20090310230051,1,1,both,True
grid_full_prefix,0.5,29,20090311225433,1,1,both,True
grid_full_prefix,0.5,29,20090312112334,0,0,both,True
grid_full_prefix,0.5,29,20090312231752,1,1,both,True
grid_full_prefix,0.5,29,20090313090729,0,0,both,True
grid_full_prefix,0.5,29,20090315225504,1,1,both,True
grid_full_prefix,0.5,29,20090316090503,0,0,both,True
grid_full_prefix,0.5,29,20090317225758,1,1,both,True
grid_full_prefix,0.5,29,20090318090128,0,0,both,True
grid_full_prefix,0.5,29,20090321022628,0,0,both,True
grid_full_prefix,0.5,35,20090407073512,0,0,both,True
grid_full_prefix,0.5,35,20090407210407,0,0,both,True
grid_full_prefix,0.5,35,20090409210105,0,0,both,True
grid_full_prefix,0.5,35,20090411000535,1,1,both,True
grid_full_prefix,0.5,35,20090412205936,1,1,both,True
grid_full_prefix,0.5,35,20090413063915,0,0,both,True
grid_full_prefix,0.5,35,20090413210306,0,0,both,True
grid_full_prefix,0.5,35,20090414210553,0,0,both,True
grid_full_prefix,0.5,35,20090415210305,0,0,both,True
grid_full_prefix,0.5,35,20090416210531,0,0,both,True
grid_full_prefix,0.5,35,20090418035753,1,1,both,True
grid_full_prefix,0.5,35,20090419210937,1,1,both,True
grid_full_prefix,0.5,35,20090420064050,0,0,both,True
grid_full_prefix,0.5,35,20090420205905,0,0,both,True
grid_full_prefix,0.5,35,20090421205900,0,0,both,True
grid_full_prefix,0.5,35,20090422210636,0,0,both,True
grid_full_prefix,0.5,35,20090426050031,0,0,both,True
grid_full_prefix,0.5,35,20090426132556,0,0,both,True
grid_full_prefix,0.5,35,20090426211055,1,1,both,True
grid_full_prefix,0.5,36,20090407033154,8,8,both,True
grid_full_prefix,0.5,36,20090408094615,8,8,both,True
grid_full_prefix,0.5,36,20090409012524,8,8,both,True
grid_full_prefix,0.5,36,20090410053505,8,8,both,True
grid_full_prefix,0.5,36,20090411021801,8,8,both,True
grid_full_prefix,0.5,36,20090412125703,4,4,both,True
grid_full_prefix,0.5,36,20090413034508,4,4,both,True
grid_full_prefix,0.5,36,20090417083536,8,8,both,True
grid_full_prefix,0.5,36,20090418004038,4,4,both,True
grid_full_prefix,0.5,36,20090419025430,4,4,both,True
grid_full_prefix,0.5,36,20090423102604,8,8,both,True
grid_full_prefix,0.5,36,20090424112604,8,8,both,True
grid_full_prefix,0.5,36,20090426095159,4,4,both,True
grid_full_prefix,0.5,36,20090702005634,9,9,both,True
grid_full_prefix,0.5,36,20090705231822,4,4,both,True
grid_full_prefix,0.5,36,20090707011733,4,4,both,True
grid_full_prefix,0.5,36,20090708012505,4,4,both,True
grid_full_prefix,0.5,36,20090709003722,4,4,both,True
grid_full_prefix,0.5,37,20090412233403,0,0,both,True
grid_full_prefix,0.5,37,20090413051250,0,0,both,True
grid_full_prefix,0.5,37,20090414235037,0,0,both,True
grid_full_prefix,0.5,37,20090415021434,0,0,both,True
grid_full_prefix,0.5,37,20090415053841,0,0,both,True
grid_full_prefix,0.5,37,20090415095346,0,0,both,True
grid_full_prefix,0.5,37,20090416000510,0,0,both,True
grid_full_prefix,0.5,37,20090416015706,0,0,both,True
grid_full_prefix,0.5,37,20090416060054,0,0,both,True
grid_full_prefix,0.5,37,20090416105528,0,0,both,True
grid_full_prefix,0.5,37,20090416231030,0,0,both,True
grid_full_prefix,0.5,37,20090417084221,0,0,both,True
grid_full_prefix,0.5,37,20090418004033,0,0,both,True
grid_full_prefix,0.5,37,20090418025919,0,0,both,True
grid_full_prefix,0.5,37,20090418071235,0,0,both,True
grid_full_prefix,0.5,37,20090418100418,0,0,both,True
grid_full_prefix,0.5,37,20090419123615,17,17,both,True
grid_full_prefix,0.5,37,20090420054955,0,0,both,True
grid_full_prefix,0.5,37,20090421021702,0,0,both,True
grid_full_prefix,0.5,37,20090429121018,17,17,both,True
grid_full_prefix,0.5,37,20090710082418,0,0,both,True
grid_full_prefix,0.5,37,20090711025530,0,0,both,True
grid_full_prefix,0.5,37,20090711074039,0,0,both,True
grid_full_prefix,0.5,37,20090713004736,3,3,both,True
grid_full_prefix,0.5,37,20090713040933,3,3,both,True
grid_full_prefix,0.5,37,20090713232437,0,0,both,True
grid_full_prefix,0.5,37,20090713234910,0,0,both,True
grid_full_prefix,0.5,37,20090714081132,0,0,both,True
grid_full_prefix,0.5,37,20090714081826,0,0,both,True
grid_full_prefix,0.5,37,20090714235210,0,0,both,True
grid_full_prefix,0.5,37,20090715235505,0,0,both,True
grid_full_prefix,0.5,37,20090717064434,0,0,both,True
grid_full_prefix,0.5,37,20090719222647,0,0,both,True
grid_full_prefix,0.5,37,20090720231809,0,0,both,True
grid_full_prefix,0.5,37,20090722000259,0,0,both,True
grid_full_prefix,0.5,37,20090724195433,0,0,both,True
grid_full_prefix,0.5,37,20090730101508,17,17,both,True
grid_full_prefix,0.5,38,20090410124138,4,4,both,True
grid_full_prefix,0.5,38,20090410223116,4,4,both,True
grid_full_prefix,0.5,38,20090412021706,14,14,both,True
grid_full_prefix,0.5,38,20090412125448,4,4,both,True
grid_full_prefix,0.5,38,20090413002310,4,4,both,True
grid_full_prefix,0.5,38,20090414223045,4,4,both,True
grid_full_prefix,0.5,38,20090415091526,4,4,both,True
grid_full_prefix,0.5,38,20090416085408,4,4,both,True
grid_full_prefix,0.5,38,20090417034936,4,4,both,True
grid_full_prefix,0.5,38,20090418002306,4,4,both,True
grid_full_prefix,0.5,38,20090420014909,4,4,both,True
grid_full_prefix,0.5,38,20090422033246,4,4,both,True
grid_full_prefix,0.5,38,20090709081828,4,4,both,True
grid_full_prefix,0.5,38,20090710051732,4,4,both,True
grid_full_prefix,0.5,38,20090711114358,4,4,both,True
grid_full_prefix,0.5,38,20090712094253,4,4,both,True
grid_full_prefix,0.5,38,20090714101239,4,4,both,True
grid_full_prefix,0.5,38,20090714233650,4,4,both,True
grid_full_prefix,0.5,38,20090715231037,4,4,both,True
grid_full_prefix,0.5,38,20090716053929,4,4,both,True
grid_full_prefix,0.5,38,20090717053438,4,4,both,True
grid_full_prefix,0.5,38,20090718043013,3,3,both,True
grid_full_prefix,0.5,38,20090718083524,4,4,both,True
grid_full_prefix,0.5,38,20090719040838,4,4,both,True
grid_full_prefix,0.5,38,20090720080933,0,0,both,True
grid_full_prefix,0.5,38,20090723012633,16,16,both,True
grid_full_prefix,0.5,39,20090611095140,14,14,both,True
grid_full_prefix,0.5,39,20090612000513,1,1,both,True
grid_full_prefix,0.5,39,20090612112705,2,2,both,True
grid_full_prefix,0.5,39,20090613040756,26,26,both,True
grid_full_prefix,0.5,39,20090614114654,1,1,both,True
grid_full_prefix,0.5,39,20090615000438,1,1,both,True
grid_full_prefix,0.5,39,20090615094738,2,2,both,True
grid_full_prefix,0.5,39,20090616000719,1,1,both,True
grid_full_prefix,0.5,39,20090616094433,2,2,both,True
grid_full_prefix,0.5,39,20090617000200,1,1,both,True
grid_full_prefix,0.5,39,20090617095205,14,14,both,True
grid_full_prefix,0.5,39,20090617232821,26,26,both,True
grid_full_prefix,0.5,39,20090618103325,14,14,both,True
grid_full_prefix,0.5,39,20090619094325,14,14,both,True
grid_full_prefix,0.5,39,20090619230550,1,1,both,True
grid_full_prefix,0.5,39,20090620115005,1,1,both,True
grid_full_prefix,0.5,39,20090621070937,26,26,both,True
grid_full_prefix,0.5,39,20090622000238,1,1,both,True
grid_full_prefix,0.5,39,20090622095036,14,14,both,True
grid_full_prefix,0.5,39,20090623095056,14,14,both,True
grid_full_prefix,0.5,39,20090624000338,1,1,both,True
grid_full_prefix,0.5,39,20090624094458,14,14,both,True
grid_full_prefix,0.5,39,20090625000532,1,1,both,True
grid_full_prefix,0.5,39,20090625094635,14,14,both,True
grid_full_prefix,0.5,39,20090626000538,1,1,both,True
grid_full_prefix,0.5,39,20090626110001,14,14,both,True
grid_full_prefix,0.5,39,20090626211826,13,13,both,True
grid_full_prefix,0.5,39,20090628034817,14,14,both,True
grid_full_prefix,0.5,39,20090628234328,1,1,both,True
grid_full_prefix,0.5,39,20090629094605,2,2,both,True
grid_full_prefix,0.5,39,20090630000205,1,1,both,True
grid_full_prefix,0.5,39,20090630094433,14,14,both,True
grid_full_prefix,0.5,39,20090701000224,1,1,both,True
grid_full_prefix,0.5,39,20090701093936,2,2,both,True
grid_full_prefix,0.5,39,20090702000204,1,1,both,True
grid_full_prefix,0.5,39,20090702103027,14,14,both,True
grid_full_prefix,0.5,39,20090703093804,2,2,both,True
grid_full_prefix,0.5,39,20090704024525,3,3,both,True
grid_full_prefix,0.5,39,20090704132701,2,2,both,True
grid_full_prefix,0.5,39,20090705053006,1,1,both,True
grid_full_prefix,0.5,39,20090706111727,14,14,both,True
grid_full_prefix,0.5,39,20090706233342,1,1,both,True
grid_full_prefix,0.5,39,20090707113005,1,1,both,True
grid_full_prefix,0.5,39,20090707235526,1,1,both,True
grid_full_prefix,0.5,39,20090708103301,14,14,both,True
grid_full_prefix,0.5,39,20090708233906,1,1,both,True
grid_full_prefix,0.5,39,20090709102054,14,14,both,True
grid_full_prefix,0.5,39,20090709234004,1,1,both,True
grid_full_prefix,0.5,39,20090710094259,14,14,both,True
grid_full_prefix,0.5,39,20090711043552,26,26,both,True
grid_full_prefix,0.5,39,20090712041628,2,2,both,True
grid_full_prefix,0.5,39,20090712234404,1,1,both,True
grid_full_prefix,0.5,39,20090713113106,14,14,both,True
grid_full_prefix,0.5,39,20090713235707,1,1,both,True
grid_full_prefix,0.5,39,20090714114356,14,14,both,True
grid_full_prefix,0.5,39,20090714233956,1,1,both,True
grid_full_prefix,0.5,51,20080217140611,12,12,both,True
grid_full_prefix,0.5,51,20080218192042,12,12,both,True
grid_full_prefix,0.5,51,20080219123720,14,14,both,True
grid_full_prefix,0.5,51,20080221105029,2,2,both,True
grid_full_prefix,0.5,51,20080222090047,2,2,both,True
grid_full_prefix,0.5,51,20080309120949,2,2,both,True
grid_full_prefix,0.5,51,20080324085807,2,2,both,True
grid_full_prefix,0.5,51,20080326153045,2,2,both,True
grid_full_prefix,0.5,51,20080328085804,2,2,both,True
grid_full_prefix,0.5,51,20080329111039,2,2,both,True
grid_full_prefix,0.5,51,20080430181146,2,2,both,True
grid_full_prefix,0.5,52,20080819232504,14,14,both,True
grid_full_prefix,0.5,52,20080821232859,14,14,both,True
grid_full_prefix,0.5,52,20080822085236,5,5,both,True
grid_full_prefix,0.5,52,20080824233822,14,14,both,True
grid_full_prefix,0.5,52,20080825085006,14,14,both,True
grid_full_prefix,0.5,52,20080826232036,0,0,both,True
grid_full_prefix,0.5,52,20080827111000,0,0,both,True
grid_full_prefix,0.5,52,20080831073208,0,0,both,True
grid_full_prefix,0.5,52,20080831233436,14,14,both,True
grid_full_prefix,0.5,52,20080901114634,14,14,both,True
grid_full_prefix,0.5,52,20080902055635,14,14,both,True
grid_full_prefix,0.5,52,20081001224837,14,14,both,True
grid_full_prefix,0.5,52,20081003042430,0,0,both,True
grid_full_prefix,0.5,52,20081005094923,14,14,both,True
grid_full_prefix,0.5,52,20081006134237,14,14,both,True
grid_full_prefix,0.5,52,20081006235830,14,14,both,True
grid_full_prefix,0.5,52,20081007111938,14,14,both,True
grid_full_prefix,0.5,52,20081008035138,0,0,both,True
grid_full_prefix,0.5,52,20081009100736,0,0,both,True
grid_full_prefix,0.5,52,20081010011727,5,5,both,True
grid_full_prefix,0.5,52,20081010120707,5,5,both,True
grid_full_prefix,0.5,52,20081011033025,0,0,both,True
grid_full_prefix,0.5,52,20081012064254,0,0,both,True
grid_full_prefix,0.5,52,20081017050637,0,0,both,True
grid_full_prefix,0.5,52,20081030050200,0,0,both,True
grid_full_prefix,0.5,62,20081103005437,0,0,both,True
grid_full_prefix,0.5,62,20081103015601,0,0,both,True
grid_full_prefix,0.5,62,20081103025353,0,0,both,True
grid_full_prefix,0.5,62,20081103115039,4,4,both,True
grid_full_prefix,0.5,62,20081104010333,0,0,both,True
grid_full_prefix,0.5,62,20081104013441,0,0,both,True
grid_full_prefix,0.5,62,20081104041114,0,0,both,True
grid_full_prefix,0.5,62,20081104063603,0,0,both,True
grid_full_prefix,0.5,62,20081105010014,16,16,both,True
grid_full_prefix,0.5,62,20081105023944,75,75,both,True
grid_full_prefix,0.5,62,20081105032159,0,0,both,True
grid_full_prefix,0.5,62,20081105044046,58,58,both,True
grid_full_prefix,0.5,62,20081105053031,0,0,both,True
grid_full_prefix,0.5,62,20081105060230,0,0,both,True
grid_full_prefix,0.5,62,20081105083830,0,0,both,True
grid_full_prefix,0.5,62,20081105085221,0,0,both,True
grid_full_prefix,0.5,62,20081105102345,0,0,both,True
grid_full_prefix,0.5,62,20081105104452,0,0,both,True
grid_full_prefix,0.5,62,20081105111108,0,0,both,True
grid_full_prefix,0.5,62,20081105112326,4,4,both,True
grid_full_prefix,0.5,62,20081105123909,0,0,both,True
grid_full_prefix,0.5,62,20081105124617,0,0,both,True
grid_full_prefix,0.5,62,20081106011127,0,0,both,True
grid_full_prefix,0.5,62,20081106011708,49,49,both,True
grid_full_prefix,0.5,62,20081106020014,153,153,both,True
grid_full_prefix,0.5,62,20081106024201,158,158,both,True
grid_full_prefix,0.5,62,20081106031826,0,0,both,True
grid_full_prefix,0.5,62,20081106064828,0,0,both,True
grid_full_prefix,0.5,62,20081106071234,49,49,both,True
grid_full_prefix,0.5,62,20081106085050,0,0,both,True
grid_full_prefix,0.5,62,20081106092632,0,0,both,True
grid_full_prefix,0.5,62,20081106093504,0,0,both,True
grid_full_prefix,0.5,62,20081106104833,0,0,both,True
grid_full_prefix,0.5,62,20081106112738,4,4,both,True
grid_full_prefix,0.5,62,20081106113950,0,0,both,True
grid_full_prefix,0.5,62,20081107000607,16,16,both,True
grid_full_prefix,0.5,62,20081107003353,0,0,both,True
grid_full_prefix,0.5,62,20081107121527,0,0,both,True
grid_full_prefix,0.5,62,20081107122148,60,60,both,True
grid_full_prefix,0.5,62,20081108042815,0,0,both,True
grid_full_prefix,0.5,62,20081108060646,0,0,both,True
grid_full_prefix,0.5,62,20081109013429,0,0,both,True
grid_full_prefix,0.5,62,20081109053559,0,0,both,True
grid_full_prefix,0.5,62,20081109062802,0,0,both,True
grid_full_prefix,0.5,62,20081109080315,0,0,both,True
grid_full_prefix,0.5,62,20081109083245,0,0,both,True
grid_full_prefix,0.5,62,20081109093929,0,0,both,True
grid_full_prefix,0.5,62,20081109095422,0,0,both,True
grid_full_prefix,0.5,62,20081109100916,4,4,both,True
grid_full_prefix,0.5,62,20081109110807,0,0,both,True
grid_full_prefix,0.5,62,20081110013116,170,170,both,True
grid_full_prefix,0.5,62,20081110030128,153,153,both,True
grid_full_prefix,0.5,62,20081110030808,16,16,both,True
grid_full_prefix,0.5,62,20081110032953,158,158,both,True
grid_full_prefix,0.5,62,20081110042038,0,0,both,True
grid_full_prefix,0.5,62,20081110111835,0,0,both,True
grid_full_prefix,0.5,62,20081111021901,0,0,both,True
grid_full_prefix,0.5,62,20081111042301,61,61,both,True
grid_full_prefix,0.5,62,20081111045929,153,153,both,True
grid_full_prefix,0.5,62,20081111052247,154,154,both,True
grid_full_prefix,0.5,62,20081111080126,4,4,both,True
grid_full_prefix,0.5,62,20081111084153,82,82,both,True
grid_full_prefix,0.5,62,20081111090528,0,0,both,True
grid_full_prefix,0.5,62,20081111095640,0,0,both,True
grid_full_prefix,0.5,62,20081111103634,0,0,both,True
grid_full_prefix,0.5,62,20081112012435,0,0,both,True
grid_full_prefix,0.5,62,20081112013226,0,0,both,True
grid_full_prefix,0.5,62,20081112021100,0,0,both,True
grid_full_prefix,0.5,62,20081112033338,0,0,both,True
grid_full_prefix,0.5,62,20081112101140,0,0,both,True
grid_full_prefix,0.5,62,20081112101655,0,0,both,True
grid_full_prefix,0.5,62,20081112105415,0,0,both,True
grid_full_prefix,0.5,62,20081113010001,0,0,both,True
grid_full_prefix,0.5,62,20081113012910,61,61,both,True
grid_full_prefix,0.5,62,20081113095812,16,16,both,True
grid_full_prefix,0.5,62,20081113110912,0,0,both,True
grid_full_prefix,0.5,62,20081113124253,0,0,both,True
grid_full_prefix,0.5,62,20081114010438,61,61,both,True
grid_full_prefix,0.5,62,20081114101455,16,16,both,True
grid_full_prefix,0.5,62,20081114105400,0,0,both,True
grid_full_prefix,0.5,62,20081115010837,0,0,both,True
grid_full_prefix,0.5,62,20081115015759,0,0,both,True
grid_full_prefix,0.5,62,20081115030457,56,56,both,True
grid_full_prefix,0.5,62,20081116061411,172,172,both,True
grid_full_prefix,0.5,62,20081116081559,80,80,both,True
grid_full_prefix,0.5,62,20081116084956,0,0,both,True
grid_full_prefix,0.5,62,20081116093710,0,0,both,True
grid_full_prefix,0.5,62,20081117010846,88,88,both,True
grid_full_prefix,0.5,62,20081203010728,4,4,both,True
grid_full_prefix,0.5,62,20081204010407,0,0,both,True
grid_full_prefix,0.5,62,20081204012250,0,0,both,True
grid_full_prefix,0.5,62,20081204060141,0,0,both,True
grid_full_prefix,0.5,62,20081204085719,0,0,both,True
grid_full_prefix,0.5,62,20081204101128,0,0,both,True
grid_full_prefix,0.5,62,20081205011235,170,170,both,True
grid_full_prefix,0.5,62,20081205023009,154,154,both,True
grid_full_prefix,0.5,62,20081205081804,154,154,both,True
grid_full_prefix,0.5,62,20081205082456,4,4,both,True
grid_full_prefix,0.5,62,20081205095048,0,0,both,True
grid_full_prefix,0.5,62,20081206040631,20,20,both,True
grid_full_prefix,0.5,62,20081206100322,0,0,both,True
grid_full_prefix,0.5,62,20081207023122,0,0,both,True
grid_full_prefix,0.5,62,20081207080318,20,20,both,True
grid_full_prefix,0.5,62,20081207082100,0,0,both,True
grid_full_prefix,0.5,62,20081207083840,0,0,both,True
grid_full_prefix,0.5,62,20081207085047,0,0,both,True
grid_full_prefix,0.5,62,20081207092914,0,0,both,True
grid_full_prefix,0.5,62,20081207110215,0,0,both,True
grid_full_prefix,0.5,62,20081208070512,0,0,both,True
grid_full_prefix,0.5,62,20081208095853,0,0,both,True
grid_full_prefix,0.5,62,20081208104810,0,0,both,True
grid_full_prefix,0.5,62,20081208110023,4,4,both,True
grid_full_prefix,0.5,62,20081209010002,170,170,both,True
grid_full_prefix,0.5,62,20081209083554,0,0,both,True
grid_full_prefix,0.5,62,20081209090839,0,0,both,True
grid_full_prefix,0.5,62,20081209093448,4,4,both,True
grid_full_prefix,0.5,62,20081209094610,4,4,both,True
grid_full_prefix,0.5,62,20081209123601,0,0,both,True
grid_full_prefix,0.5,62,20081210055344,0,0,both,True
grid_full_prefix,0.5,62,20081210084524,0,0,both,True
grid_full_prefix,0.5,62,20081210093042,0,0,both,True
grid_full_prefix,0.5,62,20081211013737,0,0,both,True
grid_full_prefix,0.5,62,20081211020211,0,0,both,True
grid_full_prefix,0.5,62,20081211035950,0,0,both,True
grid_full_prefix,0.5,62,20081211040737,0,0,both,True
grid_full_prefix,0.5,62,20081211051513,0,0,both,True
grid_full_prefix,0.5,62,20081212010000,82,82,both,True
grid_full_prefix,0.5,62,20081212011859,0,0,both,True
grid_full_prefix,0.5,62,20081212013950,0,0,both,True
grid_full_prefix,0.5,62,20081212082600,0,0,both,True
grid_full_prefix,0.5,62,20081212101946,0,0,both,True
grid_full_prefix,0.5,62,20081212102654,16,16,both,True
grid_full_prefix,0.5,62,20081212122437,0,0,both,True
grid_full_prefix,0.5,62,20081212123313,0,0,both,True
grid_full_prefix,0.5,62,20081212124756,3,3,both,True
grid_full_prefix,0.5,62,20081213031012,0,0,both,True
grid_full_prefix,0.5,62,20081213041039,0,0,both,True
grid_full_prefix,0.5,62,20081213083317,0,0,both,True
grid_full_prefix,0.5,62,20081213085201,49,49,both,True
grid_full_prefix,0.5,62,20081213101537,0,0,both,True
grid_full_prefix,0.5,62,20081213104202,0,0,both,True
grid_full_prefix,0.5,62,20081214013702,0,0,both,True
grid_full_prefix,0.5,62,20081214032551,0,0,both,True
grid_full_prefix,0.5,62,20081215032028,61,61,both,True
grid_full_prefix,0.5,62,20081215035525,153,153,both,True
grid_full_prefix,0.5,65,20111001075633,0,0,both,True
grid_full_prefix,0.5,65,20111001163901,17,17,both,True
grid_full_prefix,0.5,65,20111003025152,17,17,both,True
grid_full_prefix,0.5,65,20111004071203,9,9,both,True
grid_full_prefix,0.5,65,20111005004827,0,0,both,True
grid_full_prefix,0.5,65,20111005143605,17,17,both,True
grid_full_prefix,0.5,65,20111006041158,9,9,both,True
grid_full_prefix,0.5,65,20111008004733,9,9,both,True
grid_full_prefix,0.5,65,20111008134933,17,17,both,True
grid_full_prefix,0.5,65,20111009012500,0,0,both,True
grid_full_prefix,0.5,65,20111009120503,0,0,both,True
grid_full_prefix,0.5,65,20111010010951,9,9,both,True
grid_full_prefix,0.5,65,20111010105222,0,0,both,True
grid_full_prefix,0.5,65,20111011011203,9,9,both,True
grid_full_prefix,0.5,65,20111012120903,17,17,both,True
grid_full_prefix,0.5,65,20111013010933,9,9,both,True
grid_full_prefix,0.5,65,20111014005928,9,9,both,True
grid_full_prefix,0.5,65,20111014095751,0,0,both,True
grid_full_prefix,0.5,65,20111015014827,9,9,both,True
grid_full_prefix,0.5,65,20111016005657,17,17,both,True
grid_full_prefix,0.5,65,20111018004457,9,9,both,True
grid_full_prefix,0.5,65,20111018080247,0,0,both,True
grid_full_prefix,0.5,65,20111019004851,9,9,both,True
grid_full_prefix,0.5,65,20111022024141,0,0,both,True
grid_full_prefix,0.5,65,20111023043229,17,17,both,True
grid_full_prefix,0.5,65,20111024012351,9,9,both,True
grid_full_prefix,0.5,65,20111024120905,0,0,both,True
grid_full_prefix,0.5,65,20111025003027,9,9,both,True
grid_full_prefix,0.5,65,20111025085403,0,0,both,True
grid_full_prefix,0.5,65,20111027004021,9,9,both,True
grid_full_prefix,0.5,68,20090630205134,6,6,both,True
grid_full_prefix,0.5,68,20090701074905,0,0,both,True
grid_full_prefix,0.5,68,20090701181923,6,6,both,True
grid_full_prefix,0.5,68,20090702074805,0,0,both,True
grid_full_prefix,0.5,68,20090702205953,6,6,both,True
grid_full_prefix,0.5,68,20090703073758,6,6,both,True
grid_full_prefix,0.5,68,20090703185151,6,6,both,True
grid_full_prefix,0.5,68,20090704104258,6,6,both,True
grid_full_prefix,0.5,68,20090705105928,6,6,both,True
grid_full_prefix,0.5,68,20090705235905,0,0,both,True
grid_full_prefix,0.5,68,20090706064435,0,0,both,True
grid_full_prefix,0.5,68,20090706234533,0,0,both,True
grid_full_prefix,0.5,68,20090708001134,0,0,both,True
grid_full_prefix,0.5,68,20090708144605,6,6,both,True
grid_full_prefix,0.5,68,20090708233822,6,6,both,True
grid_full_prefix,0.5,68,20090709085503,6,6,both,True
grid_full_prefix,0.5,68,20090709143513,0,0,both,True
grid_full_prefix,0.5,68,20090709235104,6,6,both,True
grid_full_prefix,0.5,68,20090710090629,6,6,both,True
grid_full_prefix,0.5,68,20090711012705,0,0,both,True
grid_full_prefix,0.5,68,20090711092304,6,6,both,True
grid_full_prefix,0.5,68,20090712064105,6,6,both,True
grid_full_prefix,0.5,68,20090713045105,6,6,both,True
grid_full_prefix,0.5,68,20090713140828,0,0,both,True
grid_full_prefix,0.5,68,20090715002935,0,0,both,True
grid_full_prefix,0.5,68,20090715121905,6,6,both,True
grid_full_prefix,0.5,68,20090715215034,6,6,both,True
grid_full_prefix,0.5,68,20090716111259,0,0,both,True
grid_full_prefix,0.5,68,20090717074427,0,0,both,True
grid_full_prefix,0.5,68,20090717213805,0,0,both,True
grid_full_prefix,0.5,68,20090719030259,0,0,both,True
grid_full_prefix,0.5,68,20090719115152,0,0,both,True
grid_full_prefix,0.5,68,20090719235707,0,0,both,True
grid_full_prefix,0.5,68,20090720103922,8,8,both,True
grid_full_prefix,0.5,68,20090721111753,8,8,both,True
grid_full_prefix,0.5,68,20090722002059,9,9,both,True
grid_full_prefix,0.5,68,20090723022153,0,0,both,True
grid_full_prefix,0.5,68,20090724024547,0,0,both,True
grid_full_prefix,0.5,68,20090725024235,6,6,both,True
grid_full_prefix,0.5,68,20090726012536,0,0,both,True
grid_full_prefix,0.5,68,20090726133122,6,6,both,True
grid_full_prefix,0.5,68,20090727033605,0,0,both,True
grid_full_prefix,0.5,68,20090728003024,6,6,both,True
grid_full_prefix,0.5,68,20090728235053,4,4,both,True
grid_full_prefix,0.5,68,20090730024623,0,0,both,True
grid_full_prefix,0.5,68,20090731022320,0,0,both,True
grid_full_prefix,0.5,68,20090801004504,0,0,both,True
grid_full_prefix,0.5,68,20090802072835,0,0,both,True
grid_full_prefix,0.5,68,20090803092652,6,6,both,True
grid_full_prefix,0.5,68,20090803220235,6,6,both,True
grid_full_prefix,0.5,68,20090805041404,6,6,both,True
grid_full_prefix,0.5,68,20090805190322,6,6,both,True
grid_full_prefix,0.5,68,20090807023405,6,6,both,True
grid_full_prefix,0.5,68,20090808053222,6,6,both,True
grid_full_prefix,0.5,68,20090809094405,6,6,both,True
grid_full_prefix,0.5,68,20090810032021,6,6,both,True
grid_full_prefix,0.5,68,20090810183104,0,0,both,True
grid_full_prefix,0.5,68,20090813015422,6,6,both,True
grid_full_prefix,0.5,68,20090814072529,0,0,both,True
grid_full_prefix,0.5,68,20090814181033,6,6,both,True
grid_full_prefix,0.5,68,20090816052035,0,0,both,True
grid_full_prefix,0.5,68,20090816134451,6,6,both,True
grid_full_prefix,0.5,68,20090817104629,6,6,both,True
grid_full_prefix,0.5,68,20090818012535,6,6,both,True
grid_full_prefix,0.5,68,20090818101222,6,6,both,True
grid_full_prefix,0.5,68,20090819010505,6,6,both,True
grid_full_prefix,0.5,68,20090819122858,0,0,both,True
grid_full_prefix,0.5,68,20090820004357,6,6,both,True
grid_full_prefix,0.5,68,20090821091927,0,0,both,True
grid_full_prefix,0.5,68,20090822103421,6,6,both,True
grid_full_prefix,0.5,68,20090823073459,0,0,both,True
grid_full_prefix,0.5,68,20090824010435,0,0,both,True
grid_full_prefix,0.5,68,20090825064227,6,6,both,True
grid_full_prefix,0.5,68,20090826003333,0,0,both,True
grid_full_prefix,0.5,68,20090826122919,6,6,both,True
grid_full_prefix,0.5,68,20090827024729,0,0,both,True
grid_full_prefix,0.5,68,20090827110635,0,0,both,True
grid_full_prefix,0.5,68,20090828015903,0,0,both,True
grid_full_prefix,0.5,68,20090828100904,6,6,both,True
grid_full_prefix,0.5,68,20090829060159,0,0,both,True
grid_full_prefix,0.5,68,20090830053605,6,6,both,True
grid_full_prefix,0.5,68,20090831010452,6,6,both,True
grid_full_prefix,0.5,68,20090902004959,6,6,both,True
grid_full_prefix,0.5,68,20090904000334,0,0,both,True
grid_full_prefix,0.5,68,20090905031005,0,0,both,True
grid_full_prefix,0.5,68,20090905120929,0,0,both,True
grid_full_prefix,0.5,68,20090906022616,6,6,both,True
grid_full_prefix,0.5,68,20090906023120,6,6,both,True
grid_full_prefix,0.5,68,20090907000653,0,0,both,True
grid_full_prefix,0.5,68,20090907142605,0,0,both,True
grid_full_prefix,0.5,68,20090907233334,0,0,both,True
grid_full_prefix,0.5,68,20090908133634,0,0,both,True
grid_full_prefix,0.5,68,20090908234334,0,0,both,True
grid_full_prefix,0.5,68,20090909081304,6,6,both,True
grid_full_prefix,0.5,68,20090909235503,0,0,both,True
grid_full_prefix,0.5,68,20090910235728,0,0,both,True
grid_full_prefix,0.5,68,20090912021805,6,6,both,True
grid_full_prefix,0.5,68,20090912121851,0,0,both,True
grid_full_prefix,0.5,68,20090913013234,6,6,both,True
grid_full_prefix,0.5,71,20120401025128,1,1,both,True
grid_full_prefix,0.5,71,20120404051527,1,1,both,True
grid_full_prefix,0.5,71,20120407094504,1,1,both,True
grid_full_prefix,0.5,71,20120409015352,1,1,both,True
grid_full_prefix,0.5,71,20120409053858,2,2,both,True
grid_full_prefix,0.5,71,20120409130704,1,1,both,True
grid_full_prefix,0.5,71,20120412113604,2,2,both,True
grid_full_prefix,0.5,71,20120412235005,1,1,both,True
grid_full_prefix,0.5,71,20120414034358,1,1,both,True
grid_full_prefix,0.5,71,20120417092818,1,1,both,True
grid_full_prefix,0.5,71,20120419011052,1,1,both,True
grid_full_prefix,0.5,71,20120425150728,2,2,both,True
grid_full_prefix,0.5,71,20120426013640,1,1,both,True
grid_full_prefix,0.5,71,20120430083558,2,2,both,True
grid_full_prefix,0.5,71,20120504232458,1,1,both,True
grid_full_prefix,0.5,71,20120511140034,2,2,both,True
grid_full_prefix,0.5,71,20120513150457,2,2,both,True
grid_full_prefix,0.5,71,20120513230847,1,1,both,True
grid_full_prefix,0.5,85,20090614025506,2,2,both,True
grid_full_prefix,0.5,85,20090614121829,9,9,both,True
grid_full_prefix,0.5,85,20090615013707,39,39,both,True
grid_full_prefix,0.5,85,20090617020536,39,39,both,True
grid_full_prefix,0.5,85,20090617090807,9,9,both,True
grid_full_prefix,0.5,85,20090618065134,7,7,both,True
grid_full_prefix,0.5,85,20090619011407,39,39,both,True
grid_full_prefix,0.5,85,20090619093937,9,9,both,True
grid_full_prefix,0.5,85,20090620025025,39,39,both,True
grid_full_prefix,0.5,85,20090622012237,39,39,both,True
grid_full_prefix,0.5,85,20090622093855,9,9,both,True
grid_full_prefix,0.5,85,20090623011429,9,9,both,True
grid_full_prefix,0.5,85,20090623232900,9,9,both,True
grid_full_prefix,0.5,85,20090623233655,39,39,both,True
grid_full_prefix,0.5,85,20090624084534,9,9,both,True
grid_full_prefix,0.5,85,20090625234631,39,39,both,True
grid_full_prefix,0.5,85,20090626091732,7,7,both,True
grid_full_prefix,0.5,85,20090627014225,39,39,both,True
grid_full_prefix,0.5,85,20090627104937,9,9,both,True
grid_full_prefix,0.5,85,20090627235736,39,39,both,True
grid_full_prefix,0.5,85,20090629012308,39,39,both,True
grid_full_prefix,0.5,85,20090629092537,9,9,both,True
grid_full_prefix,0.5,85,20090701002752,7,7,both,True
grid_full_prefix,0.5,85,20090701012444,9,9,both,True
grid_full_prefix,0.5,85,20090701090337,9,9,both,True
grid_full_prefix,0.5,85,20090702013158,7,7,both,True
grid_full_prefix,0.5,85,20090703011734,9,9,both,True
grid_full_prefix,0.5,85,20090703012649,7,7,both,True
grid_full_prefix,0.5,85,20090703082122,9,9,both,True
grid_full_prefix,0.5,85,20090703231838,39,39,both,True
grid_full_prefix,0.5,85,20090705042531,7,7,both,True
grid_full_prefix,0.5,85,20090705224406,2,2,both,True
grid_full_prefix,0.5,85,20090706091838,7,7,both,True
grid_full_prefix,0.5,85,20090706230438,2,2,both,True
grid_full_prefix,0.5,85,20090707090828,7,7,both,True
grid_full_prefix,0.5,85,20090707225636,2,2,both,True
grid_full_prefix,0.5,85,20090708103205,9,9,both,True
grid_full_prefix,0.5,85,20090728224637,2,2,both,True
grid_full_prefix,0.5,85,20090729094626,7,7,both,True
grid_full_prefix,0.5,85,20090729224538,2,2,both,True
grid_full_prefix,0.5,85,20090731012359,2,2,both,True
grid_full_prefix,0.5,85,20090731143502,39,39,both,True
grid_full_prefix,0.5,85,20090731144247,9,9,both,True
grid_full_prefix,0.5,85,20090803041141,0,0,both,True
grid_full_prefix,0.5,85,20090806224424,9,9,both,True
grid_full_prefix,0.5,85,20090806224944,9,9,both,True
grid_full_prefix,0.5,85,20090808054506,7,7,both,True
grid_full_prefix,0.5,85,20090810010623,9,9,both,True
grid_full_prefix,0.5,85,20090811003034,7,7,both,True
grid_full_prefix,0.5,85,20090811112747,9,9,both,True
grid_full_prefix,0.5,85,20090812004828,9,9,both,True
grid_full_prefix,0.5,85,20090812113901,7,7,both,True
grid_full_prefix,0.5,85,20090815062008,9,9,both,True
grid_full_prefix,0.5,85,20090819113327,39,39,both,True
grid_full_prefix,0.5,85,20090821113358,39,39,both,True
grid_full_prefix,0.5,85,20090823235050,9,9,both,True
grid_full_prefix,0.5,85,20090824104328,7,7,both,True
grid_full_prefix,0.5,85,20090825112752,39,39,both,True
grid_full_prefix,0.5,85,20090826004628,9,9,both,True
grid_full_prefix,0.5,85,20090826120059,39,39,both,True
grid_full_prefix,0.5,85,20090827005251,9,9,both,True
grid_full_prefix,0.5,85,20090827133834,9,9,both,True
grid_full_prefix,0.5,85,20090831000922,9,9,both,True
grid_full_prefix,0.5,85,20090831113328,7,7,both,True
grid_full_prefix,0.5,85,20090831234852,9,9,both,True
grid_full_prefix,0.5,85,20090901110034,9,9,both,True
grid_full_prefix,0.5,85,20090902012058,9,9,both,True
grid_full_prefix,0.5,85,20090902084004,7,7,both,True
grid_full_prefix,0.5,85,20090903104733,7,7,both,True
grid_full_prefix,0.5,85,20090907010827,9,9,both,True
grid_full_prefix,0.5,85,20090907132604,39,39,both,True
grid_full_prefix,0.5,85,20090908003822,9,9,both,True
grid_full_prefix,0.5,85,20090908112534,39,39,both,True
grid_full_prefix,0.5,85,20090908120539,9,9,both,True
grid_full_prefix,0.5,85,20090909004052,9,9,both,True
grid_full_prefix,0.5,85,20090909114334,39,39,both,True
grid_full_prefix,0.5,85,20090910011022,9,9,both,True
grid_full_prefix,0.5,85,20090910111233,39,39,both,True
grid_full_prefix,0.5,85,20090911004404,9,9,both,True
grid_full_prefix,0.5,85,20090911105604,9,9,both,True
grid_full_prefix,0.5,85,20090912064500,9,9,both,True
grid_full_prefix,0.5,85,20090913233334,9,9,both,True
grid_full_prefix,0.5,85,20090914142328,9,9,both,True
grid_full_prefix,0.5,85,20090915122804,39,39,both,True
grid_full_prefix,0.5,85,20090915235904,9,9,both,True
grid_full_prefix,0.5,85,20090916114222,39,39,both,True
grid_full_prefix,0.5,85,20090917000404,9,9,both,True
grid_full_prefix,0.5,85,20090917140604,39,39,both,True
grid_full_prefix,0.5,85,20090918004028,9,9,both,True
grid_full_prefix,0.5,85,20090918103558,9,9,both,True
grid_full_prefix,0.5,85,20090920235003,9,9,both,True
grid_full_prefix,0.5,85,20090921114804,9,9,both,True
grid_full_prefix,0.5,85,20090922005527,9,9,both,True
grid_full_prefix,0.5,85,20090922112322,39,39,both,True
grid_full_prefix,0.5,85,20090923004734,9,9,both,True
grid_full_prefix,0.5,85,20090923114133,7,7,both,True
grid_full_prefix,0.5,85,20090924003152,9,9,both,True
grid_full_prefix,0.5,85,20090924102917,39,39,both,True
grid_full_prefix,0.5,85,20090925010022,9,9,both,True
grid_full_prefix,0.5,85,20090925110722,9,9,both,True
grid_full_prefix,0.5,85,20090927005434,9,9,both,True
grid_full_prefix,0.5,85,20090927113103,39,39,both,True
grid_full_prefix,0.5,85,20090928005404,9,9,both,True
grid_full_prefix,0.5,85,20090928104630,39,39,both,True
grid_full_prefix,0.5,88,20081008230701,1,1,both,True
grid_full_prefix,0.5,88,20081009110224,0,0,both,True
grid_full_prefix,0.5,88,20081010083431,0,0,both,True
grid_full_prefix,0.5,88,20081010093335,4,4,both,True
grid_full_prefix,0.5,88,20081011042923,4,4,both,True
grid_full_prefix,0.5,88,20081011060634,1,1,both,True
grid_full_prefix,0.5,88,20081011065339,1,1,both,True
grid_full_prefix,0.5,88,20081011085649,4,4,both,True
grid_full_prefix,0.5,88,20081012062217,4,4,both,True
grid_full_prefix,0.5,88,20081012070422,1,1,both,True
grid_full_prefix,0.5,88,20081012074052,1,1,both,True
grid_full_prefix,0.5,88,20081012075807,4,4,both,True
grid_full_prefix,0.5,89,20080608133334,16,16,both,True
grid_full_prefix,0.5,89,20080630042612,1,1,both,True
grid_full_prefix,0.5,89,20080630112527,0,0,both,True
grid_full_prefix,0.5,89,20080701013734,1,1,both,True
grid_full_prefix,0.5,89,20080701152128,0,0,both,True
grid_full_prefix,0.5,89,20080702024722,1,1,both,True
grid_full_prefix,0.5,89,20080702111733,0,0,both,True
grid_full_prefix,0.5,89,20080703232504,1,1,both,True
grid_full_prefix,0.5,89,20080704113017,0,0,both,True
grid_full_prefix,0.5,89,20080707015234,1,1,both,True
grid_full_prefix,0.5,89,20080707111403,0,0,both,True
grid_full_prefix,0.5,89,20080708040557,1,1,both,True
grid_full_prefix,0.5,89,20080708112620,0,0,both,True
grid_full_prefix,0.5,89,20080710112328,0,0,both,True
grid_full_prefix,0.5,89,20080801060709,3,3,both,True
grid_full_prefix,0.5,91,20071225091747,2,2,both,True
grid_full_prefix,0.5,91,20071226090757,3,3,both,True
grid_full_prefix,0.5,91,20071226222755,0,0,both,True
grid_full_prefix,0.5,91,20071229205638,0,0,both,True
grid_full_prefix,0.5,91,20071230151046,2,2,both,True
grid_full_prefix,0.5,91,20071231224803,0,0,both,True
grid_full_prefix,0.5,91,20080101092300,2,2,both,True
grid_full_prefix,0.5,91,20080103223737,0,0,both,True
grid_full_prefix,0.5,91,20080104094315,7,7,both,True
grid_full_prefix,0.5,91,20080104230531,0,0,both,True
grid_full_prefix,0.5,91,20080105133207,2,2,both,True
grid_full_prefix,0.5,91,20080106220745,0,0,both,True
grid_full_prefix,0.5,91,20080107095553,2,2,both,True
grid_full_prefix,0.5,91,20080107215023,0,0,both,True
grid_full_prefix,0.5,91,20080108092013,2,2,both,True
grid_full_prefix,0.5,91,20080108230737,0,0,both,True
grid_full_prefix,0.5,91,20080109222750,0,0,both,True
grid_full_prefix,0.5,91,20080110083725,2,2,both,True
grid_full_prefix,0.5,91,20080110221246,0,0,both,True
grid_full_prefix,0.5,91,20080111220619,0,0,both,True
grid_full_prefix,0.5,91,20080114222434,0,0,both,True
grid_full_prefix,0.5,91,20080115080303,0,0,both,True
grid_full_prefix,0.5,91,20080118230907,0,0,both,True
grid_full_prefix,0.5,92,20080609070837,3,3,both,True
grid_full_prefix,0.5,92,20080615000608,25,25,both,True
grid_full_prefix,0.5,92,20080615074701,3,3,both,True
grid_full_prefix,0.5,92,20080620065746,3,3,both,True
grid_full_prefix,0.5,92,20080620073920,3,3,both,True
grid_full_prefix,0.5,92,20080621132447,3,3,both,True
grid_full_prefix,0.5,92,20080621171637,3,3,both,True
grid_full_prefix,0.5,92,20080626112007,3,3,both,True
grid_full_prefix,0.5,92,20080626181626,3,3,both,True
grid_full_prefix,0.5,92,20080629095405,3,3,both,True
grid_full_prefix,0.5,92,20080703052933,3,3,both,True
grid_full_prefix,0.5,92,20080703142414,3,3,both,True
grid_full_prefix,0.5,92,20080705083321,25,25,both,True
grid_full_prefix,0.5,92,20080705191801,3,3,both,True
grid_full_prefix,0.5,92,20080707094314,3,3,both,True
grid_full_prefix,0.5,92,20080710083328,3,3,both,True
grid_full_prefix,0.5,92,20080714074403,30,30,both,True
grid_full_prefix,0.5,92,20080715131602,7,7,both,True
grid_full_prefix,0.5,92,20080715132532,25,25,both,True
grid_full_prefix,0.5,92,20080718073025,17,17,both,True
grid_full_prefix,0.5,92,20080719182301,3,3,both,True
grid_full_prefix,0.5,92,20080720155229,3,3,both,True
grid_full_prefix,0.5,92,20080721072245,3,3,both,True
grid_full_prefix,0.5,92,20080721174236,3,3,both,True
grid_full_prefix,0.5,92,20080723191215,3,3,both,True
grid_full_prefix,0.5,92,20080725173515,3,3,both,True
grid_full_prefix,0.5,92,20080728072301,3,3,both,True
grid_full_prefix,0.5,92,20080730161553,3,3,both,True
grid_full_prefix,0.5,92,20080802183007,3,3,both,True
grid_full_prefix,0.5,92,20080804123326,17,17,both,True
grid_full_prefix,0.5,92,20080806073008,3,3,both,True
grid_full_prefix,0.5,92,20080806235848,9,9,both,True
grid_full_prefix,0.5,92,20080811072411,3,3,both,True
grid_full_prefix,0.5,92,20080812073233,15,15,both,True
grid_full_prefix,0.5,92,20080813073848,3,3,both,True
grid_full_prefix,0.5,92,20080814074950,36,36,both,True
grid_full_prefix,0.5,96,20081026021723,0,0,both,True
grid_full_prefix,0.5,96,20081026113752,1,1,both,True
grid_full_prefix,0.5,96,20081027012336,1,1,both,True
grid_full_prefix,0.5,96,20081027052305,0,0,both,True
grid_full_prefix,0.5,96,20081027060537,1,1,both,True
grid_full_prefix,0.5,96,20081028111959,1,1,both,True
grid_full_prefix,0.5,96,20081030135435,1,1,both,True
grid_full_prefix,0.5,96,20081101013523,1,1,both,True
grid_full_prefix,0.5,96,20081105141854,1,1,both,True
grid_full_prefix,0.5,96,20081106023054,1,1,both,True
grid_full_prefix,0.5,96,20081107090836,1,1,both,True
grid_full_prefix,0.5,96,20081109014530,1,1,both,True
grid_full_prefix,0.5,96,20081109120329,1,1,both,True
grid_full_prefix,0.5,96,20081114044453,0,0,both,True
grid_full_prefix,0.5,96,20081115015705,1,1,both,True
grid_full_prefix,0.5,96,20081115105653,1,1,both,True
grid_full_prefix,0.5,96,20081116065153,1,1,both,True
grid_full_prefix,0.5,96,20081117023535,0,0,both,True
grid_full_prefix,0.5,96,20081117030757,1,1,both,True
grid_full_prefix,0.5,96,20081128113925,1,1,both,True
grid_full_prefix,0.5,96,20081129015805,0,0,both,True
grid_full_prefix,0.5,96,20081201120252,1,1,both,True
grid_full_prefix,0.5,96,20081203134752,1,1,both,True
grid_full_prefix,0.5,96,20081205054605,0,0,both,True
grid_full_prefix,0.5,96,20081208033705,0,0,both,True
grid_full_prefix,0.5,96,20081210094559,1,1,both,True
grid_full_prefix,0.5,96,20081211005853,0,0,both,True
grid_full_prefix,0.5,101,20080402055227,5,5,both,True
grid_full_prefix,0.5,101,20080402064856,5,5,both,True
grid_full_prefix,0.5,101,20080402125307,5,5,both,True
grid_full_prefix,0.5,101,20080402130216,5,5,both,True
grid_full_prefix,0.5,101,20080406052656,5,5,both,True
grid_full_prefix,0.5,101,20080407030128,5,5,both,True
grid_full_prefix,0.5,101,20080411121437,5,5,both,True
grid_full_prefix,0.5,101,20080418035836,5,5,both,True
grid_full_prefix,0.5,101,20080507062347,5,5,both,True
grid_full_prefix,0.5,101,20080507070528,5,5,both,True
grid_full_prefix,0.5,101,20080509115416,5,5,both,True
grid_full_prefix,0.5,101,20080522095436,5,5,both,True
grid_full_prefix,0.5,101,20080629025234,5,5,both,True
grid_full_prefix,0.5,101,20080629063734,5,5,both,True
grid_full_prefix,0.5,101,20080629075340,5,5,both,True
grid_full_prefix,0.5,101,20080629121541,5,5,both,True
grid_full_prefix,0.5,103,20080916044613,0,0,both,True
grid_full_prefix,0.5,103,20080916101236,0,0,both,True
grid_full_prefix,0.5,103,20080917110637,2,2,both,True
grid_full_prefix,0.5,103,20080917135224,2,2,both,True
grid_full_prefix,0.5,103,20080917231611,2,2,both,True
grid_full_prefix,0.5,103,20080918042849,0,0,both,True
grid_full_prefix,0.5,103,20080918070148,0,0,both,True
grid_full_prefix,0.5,103,20080919061140,0,0,both,True
grid_full_prefix,0.5,103,20080919070700,0,0,both,True
grid_full_prefix,0.5,103,20080919092921,0,0,both,True
grid_full_prefix,0.5,103,20080920061016,2,2,both,True
grid_full_prefix,0.5,103,20080920104637,2,2,both,True
grid_full_prefix,0.5,112,20080625011601,0,0,both,True
grid_full_prefix,0.5,112,20080625172633,18,18,both,True
grid_full_prefix,0.5,112,20080626031425,0,0,both,True
grid_full_prefix,0.5,112,20080626165615,18,18,both,True
grid_full_prefix,0.5,112,20080627103629,18,18,both,True
grid_full_prefix,0.5,112,20080628100846,0,0,both,True
grid_full_prefix,0.5,112,20080628165309,0,0,both,True
grid_full_prefix,0.5,112,20080629004633,28,28,both,True
grid_full_prefix,0.5,112,20080629043556,0,0,both,True
grid_full_prefix,0.5,112,20080629165831,18,18,both,True
grid_full_prefix,0.5,112,20080630015803,0,0,both,True
grid_full_prefix,0.5,112,20080630160716,18,18,both,True
grid_full_prefix,0.5,112,20080701052937,32,32,both,True
grid_full_prefix,0.5,112,20080701194739,18,18,both,True
grid_full_prefix,0.5,112,20080702020309,0,0,both,True
grid_full_prefix,0.5,112,20080702161309,18,18,both,True
grid_full_prefix,0.5,112,20080703015604,0,0,both,True
grid_full_prefix,0.5,112,20080703153003,18,18,both,True
grid_full_prefix,0.5,112,20080704021011,0,0,both,True
grid_full_prefix,0.5,112,20080704171509,18,18,both,True
grid_full_prefix,0.5,112,20080705053420,0,0,both,True
grid_full_prefix,0.5,112,20080705164758,18,18,both,True
grid_full_prefix,0.5,112,20080706014330,0,0,both,True
grid_full_prefix,0.5,112,20080706083034,0,0,both,True
grid_full_prefix,0.5,112,20080706173438,18,18,both,True
grid_full_prefix,0.5,112,20080707022437,0,0,both,True
grid_full_prefix,0.5,112,20080707162139,18,18,both,True
grid_full_prefix,0.5,112,20080708162052,18,18,both,True
grid_full_prefix,0.5,112,20080709012639,0,0,both,True
grid_full_prefix,0.5,112,20080709171521,18,18,both,True
grid_full_prefix,0.5,112,20080710022932,0,0,both,True
grid_full_prefix,0.5,112,20080710095337,18,18,both,True
grid_full_prefix,0.5,112,20080710114615,0,0,both,True
grid_full_prefix,0.5,112,20080711020311,0,0,both,True
grid_full_prefix,0.5,112,20080713004126,28,28,both,True
grid_full_prefix,0.5,112,20080713064523,0,0,both,True
grid_full_prefix,0.5,112,20080713093807,18,18,both,True
grid_full_prefix,0.5,112,20080713162846,18,18,both,True
grid_full_prefix,0.5,112,20080715125857,18,18,both,True
grid_full_prefix,0.5,112,20080715141929,0,0,both,True
grid_full_prefix,0.5,112,20080715165809,18,18,both,True
grid_full_prefix,0.5,112,20080716020639,0,0,both,True
grid_full_prefix,0.5,112,20080716103338,0,0,both,True
grid_full_prefix,0.5,112,20080716154342,18,18,both,True
grid_full_prefix,0.5,112,20080717012048,0,0,both,True
grid_full_prefix,0.5,112,20080717152304,18,18,both,True
grid_full_prefix,0.5,112,20080718013204,0,0,both,True
grid_full_prefix,0.5,119,20080922003552,0,0,both,True
grid_full_prefix,0.5,119,20080922141505,0,0,both,True
grid_full_prefix,0.5,119,20080923103305,0,0,both,True
grid_full_prefix,0.5,119,20080924010734,0,0,both,True
grid_full_prefix,0.5,119,20080925002004,0,0,both,True
grid_full_prefix,0.5,119,20080927005205,0,0,both,True
grid_full_prefix,0.5,119,20080927125153,0,0,both,True
grid_full_prefix,0.5,119,20080930070335,0,0,both,True
grid_full_prefix,0.5,119,20080930075522,0,0,both,True
grid_full_prefix,0.5,119,20081005041023,0,0,both,True
grid_full_prefix,0.5,119,20081006001735,0,0,both,True
grid_full_prefix,0.5,126,20081212033806,4,4,both,True
grid_full_prefix,0.5,126,20081213004659,4,4,both,True
grid_full_prefix,0.5,126,20081214061053,4,4,both,True
grid_full_prefix,0.5,126,20081215091804,11,11,both,True
grid_full_prefix,0.5,126,20081215092501,17,17,both,True
grid_full_prefix,0.5,126,20081216145734,11,11,both,True
grid_full_prefix,0.5,126,20081217012730,4,4,both,True
grid_full_prefix,0.5,126,20081220053722,5,5,both,True
grid_full_prefix,0.5,126,20081221091036,4,4,both,True
grid_full_prefix,0.5,126,20081222152354,11,11,both,True
grid_full_prefix,0.5,126,20081223021508,4,4,both,True
grid_full_prefix,0.5,126,20081223114649,4,4,both,True
grid_full_prefix,0.5,126,20081224083759,5,5,both,True
grid_full_prefix,0.5,126,20081224150332,11,11,both,True
grid_full_prefix,0.5,126,20081225013437,4,4,both,True
grid_full_prefix,0.5,126,20081225175024,11,11,both,True
grid_full_prefix,0.5,126,20081226014209,4,4,both,True
grid_full_prefix,0.5,126,20081228032227,11,11,both,True
grid_full_prefix,0.5,126,20081228171208,11,11,both,True
grid_full_prefix,0.5,126,20081229023536,4,4,both,True
grid_full_prefix,0.5,126,20081229160739,11,11,both,True
grid_full_prefix,0.5,126,20081231100109,4,4,both,True
grid_full_prefix,0.5,126,20090101140537,11,11,both,True
grid_full_prefix,0.5,126,20090106101155,4,4,both,True
grid_full_prefix,0.5,126,20090111132534,11,11,both,True
grid_full_prefix,0.5,126,20090112034936,4,4,both,True
grid_full_prefix,0.5,126,20090112162902,11,11,both,True
grid_full_prefix,0.5,126,20090113015238,4,4,both,True
grid_full_prefix,0.5,126,20090114122432,4,4,both,True
grid_full_prefix,0.5,126,20090115014729,5,5,both,True
grid_full_prefix,0.5,126,20090116023156,11,11,both,True
grid_full_prefix,0.5,126,20090116161154,11,11,both,True
grid_full_prefix,0.5,126,20090117023705,4,4,both,True
grid_full_prefix,0.5,126,20090118041307,11,11,both,True
grid_full_prefix,0.5,126,20090118143859,5,5,both,True
grid_full_prefix,0.5,126,20090119070358,4,4,both,True
grid_full_prefix,0.5,126,20090120055508,4,4,both,True
grid_full_prefix,0.5,126,20090121064258,4,4,both,True
grid_full_prefix,0.5,126,20090121183707,11,11,both,True
grid_full_prefix,0.5,126,20090122050259,5,5,both,True
grid_full_prefix,0.5,126,20090124035138,4,4,both,True
grid_full_prefix,0.5,126,20090125020229,4,4,both,True
grid_full_prefix,0.5,126,20090126054447,4,4,both,True
grid_full_prefix,0.5,126,20090128035001,4,4,both,True
grid_full_prefix,0.5,126,20090202105828,11,11,both,True
grid_full_prefix,0.5,126,20090203063004,4,4,both,True
grid_full_prefix,0.5,126,20090203143356,11,11,both,True
grid_full_prefix,0.5,126,20090204035659,4,4,both,True
grid_full_prefix,0.5,126,20090205033759,4,4,both,True
grid_full_prefix,0.5,126,20090206055100,4,4,both,True
grid_full_prefix,0.5,126,20090207004237,4,4,both,True
grid_full_prefix,0.5,126,20090207103659,11,11,both,True
grid_full_prefix,0.5,126,20090208012352,5,5,both,True
grid_full_prefix,0.5,126,20090210154623,11,11,both,True
grid_full_prefix,0.5,126,20090211044036,4,4,both,True
grid_full_prefix,0.5,126,20090213025810,4,4,both,True
grid_full_prefix,0.5,126,20090214035934,5,5,both,True
grid_full_prefix,0.5,126,20090215103622,5,5,both,True
grid_full_prefix,0.5,126,20090215180922,11,11,both,True
grid_full_prefix,0.5,126,20090216032915,4,4,both,True
grid_full_prefix,0.5,126,20090216172536,11,11,both,True
grid_full_prefix,0.5,126,20090217015359,4,4,both,True
grid_full_prefix,0.5,126,20090222102105,11,11,both,True
grid_full_prefix,0.5,134,20080103185715,4,4,both,True
grid_full_prefix,0.5,134,20080104192055,1,1,both,True
grid_full_prefix,0.5,134,20080105101716,0,0,both,True
grid_full_prefix,0.5,134,20080105224708,1,1,both,True
grid_full_prefix,0.5,134,20080107232831,4,4,both,True
grid_full_prefix,0.5,134,20080109110907,0,0,both,True
grid_full_prefix,0.5,134,20080111104704,0,0,both,True
grid_full_prefix,0.5,134,20080123204917,1,1,both,True
grid_full_prefix,0.5,134,20080124232414,1,1,both,True
grid_full_prefix,0.5,134,20080125214105,1,1,both,True
grid_full_prefix,0.5,134,20080126201731,0,0,both,True
grid_full_prefix,0.5,134,20080128232012,4,4,both,True
grid_full_prefix,0.5,134,20080131181918,4,4,both,True
grid_full_prefix,0.5,134,20080201122139,1,1,both,True
grid_full_prefix,0.5,134,20080204234133,1,1,both,True
grid_full_prefix,0.5,134,20080205091700,0,0,both,True
grid_full_prefix,0.5,144,20090320105734,8,8,both,True
grid_full_prefix,0.5,144,20090320220234,77,77,both,True
grid_full_prefix,0.5,144,20090321083221,39,39,both,True
grid_full_prefix,0.5,144,20090322014034,39,39,both,True
grid_full_prefix,0.5,144,20090323015052,39,39,both,True
grid_full_prefix,0.5,144,20090324004422,39,39,both,True
grid_full_prefix,0.5,144,20090326091104,8,8,both,True
grid_full_prefix,0.5,144,20090520102033,25,25,both,True
grid_full_prefix,0.5,144,20090521014154,16,16,both,True
grid_full_prefix,0.5,144,20090522002338,16,16,both,True
grid_full_prefix,0.5,144,20090522091556,8,8,both,True
grid_full_prefix,0.5,144,20090522221207,38,38,both,True
grid_full_prefix,0.5,144,20090525235137,8,8,both,True
grid_full_prefix,0.5,144,20090527145304,95,95,both,True
grid_full_prefix,0.5,144,20090529010040,97,97,both,True
grid_full_prefix,0.5,144,20090529232430,97,97,both,True
grid_full_prefix,0.5,144,20090531114801,8,8,both,True
grid_full_prefix,0.5,144,20090601112421,8,8,both,True
grid_full_prefix,0.5,144,20090601235432,25,25,both,True
grid_full_prefix,0.5,144,20090602235107,9,9,both,True
grid_full_prefix,0.5,144,20090603101837,8,8,both,True
grid_full_prefix,0.5,144,20090606065236,8,8,both,True
grid_full_prefix,0.5,144,20090607060603,16,16,both,True
grid_full_prefix,0.5,144,20090608235536,25,25,both,True
grid_full_prefix,0.5,144,20090609110322,25,25,both,True
grid_full_prefix,0.5,144,20090609235238,25,25,both,True
grid_full_prefix,0.5,144,20090613020636,68,68,both,True
grid_full_prefix,0.5,144,20090614073117,7,7,both,True
grid_full_prefix,0.5,144,20090614235131,9,9,both,True
grid_full_prefix,0.5,144,20090616024001,65,65,both,True
grid_full_prefix,0.5,144,20090616235600,16,16,both,True
grid_full_prefix,0.5,144,20090617102729,8,8,both,True
grid_full_prefix,0.5,144,20090620033405,70,70,both,True
grid_full_prefix,0.5,144,20090622113007,25,25,both,True
grid_full_prefix,0.5,144,20090622234605,9,9,both,True
grid_full_prefix,0.5,144,20090624235454,9,9,both,True
grid_full_prefix,0.5,144,20090625103805,8,8,both,True
grid_full_prefix,0.5,144,20090626000502,25,25,both,True
grid_full_prefix,0.5,144,20090627030407,123,123,both,True
grid_full_prefix,0.5,144,20090628061504,7,7,both,True
grid_full_prefix,0.5,144,20090628234833,9,9,both,True
grid_full_prefix,0.5,144,20090629235727,25,25,both,True
grid_full_prefix,0.5,144,20090701235103,9,9,both,True
grid_full_prefix,0.5,144,20090702235757,25,25,both,True
grid_full_prefix,0.5,144,20090704015352,118,118,both,True
grid_full_prefix,0.5,144,20090706033310,72,72,both,True
grid_full_prefix,0.5,144,20090707230534,74,74,both,True
grid_full_prefix,0.5,144,20090715203207,25,25,both,True
grid_full_prefix,0.5,144,20090715203922,89,89,both,True
grid_full_prefix,0.5,144,20090717111355,8,8,both,True
grid_full_prefix,0.5,144,20090719065636,86,86,both,True
grid_full_prefix,0.5,144,20090720000052,8,8,both,True
grid_full_prefix,0.5,144,20090722104535,8,8,both,True
grid_full_prefix,0.5,144,20090723102429,8,8,both,True
grid_full_prefix,0.5,144,20090723235233,25,25,both,True
grid_full_prefix,0.5,144,20090724100436,25,25,both,True
grid_full_prefix,0.5,144,20090725012937,8,8,both,True
grid_full_prefix,0.5,144,20090726084226,0,0,both,True
grid_full_prefix,0.5,144,20090726235306,9,9,both,True
grid_full_prefix,0.5,144,20090727110936,8,8,both,True
grid_full_prefix,0.5,144,20090728000707,87,87,both,True
grid_full_prefix,0.5,144,20090729001633,16,16,both,True
grid_full_prefix,0.5,144,20090729235433,9,9,both,True
grid_full_prefix,0.5,144,20090730104305,8,8,both,True
grid_full_prefix,0.5,144,20090731024535,8,8,both,True
grid_full_prefix,0.5,144,20090731233637,4,4,both,True
grid_full_prefix,0.5,144,20090802001036,3,3,both,True
grid_full_prefix,0.5,144,20090802235254,9,9,both,True
grid_full_prefix,0.5,144,20090803110500,8,8,both,True
grid_full_prefix,0.5,144,20090803235536,25,25,both,True
grid_full_prefix,0.5,144,20090804110750,8,8,both,True
grid_full_prefix,0.5,144,20090808060826,16,16,both,True
grid_full_prefix,0.5,144,20090808220159,43,43,both,True
grid_full_prefix,0.5,144,20090810235059,25,25,both,True
grid_full_prefix,0.5,144,20090811104834,8,8,both,True
grid_full_prefix,0.5,144,20090812100836,8,8,both,True
grid_full_prefix,0.5,144,20090813010535,16,16,both,True
grid_full_prefix,0.5,144,20090815031237,8,8,both,True
grid_full_prefix,0.5,144,20090816234933,9,9,both,True
grid_full_prefix,0.5,144,20090818104808,8,8,both,True
grid_full_prefix,0.5,144,20090819002103,16,16,both,True
grid_full_prefix,0.5,144,20090819093007,8,8,both,True
grid_full_prefix,0.5,144,20090819225202,8,8,both,True
grid_full_prefix,0.5,144,20090821003737,25,25,both,True
grid_full_prefix,0.5,144,20090821110053,8,8,both,True
grid_full_prefix,0.5,144,20090822075806,7,7,both,True
grid_full_prefix,0.5,144,20090823034437,8,8,both,True
grid_full_prefix,0.5,144,20090824101938,8,8,both,True
grid_full_prefix,0.5,144,20090825034334,39,39,both,True
grid_full_prefix,0.5,144,20090825235926,96,96,both,True
grid_full_prefix,0.5,144,20090827005038,96,96,both,True
grid_full_prefix,0.5,144,20090827114400,96,96,both,True
grid_full_prefix,0.5,144,20090828022936,21,21,both,True
grid_full_prefix,0.5,144,20090828154632,8,8,both,True
grid_full_prefix,0.5,144,20090830022303,67,67,both,True
grid_full_prefix,0.5,144,20090830235305,25,25,both,True
grid_full_prefix,0.5,144,20090903014903,21,21,both,True
grid_full_prefix,0.5,144,20090904034156,19,19,both,True
grid_full_prefix,0.5,144,20090905032524,8,8,both,True
grid_full_prefix,0.5,144,20090906023103,16,16,both,True
grid_full_prefix,0.5,144,20090906092908,8,8,both,True
grid_full_prefix,0.5,144,20090908234759,9,9,both,True
grid_full_prefix,0.5,144,20090909110407,8,8,both,True
grid_full_prefix,0.5,144,20090910004838,16,16,both,True
grid_full_prefix,0.5,144,20090911113635,8,8,both,True
grid_full_prefix,0.5,144,20090912053533,8,8,both,True
grid_full_prefix,0.5,144,20090913065703,8,8,both,True
grid_full_prefix,0.5,144,20090916001807,16,16,both,True
grid_full_prefix,0.5,144,20090916104304,8,8,both,True
grid_full_prefix,0.5,144,20090916234959,9,9,both,True
grid_full_prefix,0.5,144,20090917101935,8,8,both,True
grid_full_prefix,0.5,144,20090917235434,16,16,both,True
grid_full_prefix,0.5,144,20090918063018,25,25,both,True
grid_full_prefix,0.5,144,20090920052628,8,8,both,True
grid_full_prefix,0.5,144,20090920234831,25,25,both,True
grid_full_prefix,0.5,144,20090921102607,8,8,both,True
grid_full_prefix,0.5,144,20090921234959,25,25,both,True
grid_full_prefix,0.5,144,20090922235636,20,20,both,True
grid_full_prefix,0.5,144,20090923101746,8,8,both,True
grid_full_prefix,0.5,144,20090924054331,8,8,both,True
grid_full_prefix,0.5,147,20110429211108,3,3,both,True
grid_full_prefix,0.5,147,20110503092256,1,1,both,True
grid_full_prefix,0.5,147,20110503211058,3,3,both,True
grid_full_prefix,0.5,147,20110504090804,1,1,both,True
grid_full_prefix,0.5,147,20110504222727,3,3,both,True
grid_full_prefix,0.5,147,20110505093137,1,1,both,True
grid_full_prefix,0.5,147,20110509090537,1,1,both,True
grid_full_prefix,0.5,147,20110509213336,3,3,both,True
grid_full_prefix,0.5,147,20110510091728,1,1,both,True
grid_full_prefix,0.5,147,20110510220025,3,3,both,True
grid_full_prefix,0.5,147,20110511090033,1,1,both,True
grid_full_prefix,0.5,147,20110511220208,3,3,both,True
grid_full_prefix,0.5,147,20110512092100,1,1,both,True
grid_full_prefix,0.5,147,20110512213721,3,3,both,True
grid_full_prefix,0.5,147,20110513085630,1,1,both,True
grid_full_prefix,0.5,147,20110515092153,1,1,both,True
grid_full_prefix,0.5,147,20110516213330,3,3,both,True
grid_full_prefix,0.5,147,20110517221041,3,3,both,True
grid_full_prefix,0.5,147,20110518210025,3,3,both,True
grid_full_prefix,0.5,147,20110519084458,1,1,both,True
grid_full_prefix,0.5,168,20110808223334,5,5,both,True
grid_full_prefix,0.5,168,20110809130404,1,1,both,True
grid_full_prefix,0.5,168,20110809223728,5,5,both,True
grid_full_prefix,0.5,168,20110810114128,1,1,both,True
grid_full_prefix,0.5,168,20110810230703,1,1,both,True
grid_full_prefix,0.5,168,20110811111352,1,1,both,True
grid_full_prefix,0.5,168,20110813021333,1,1,both,True
grid_full_prefix,0.5,168,20110814082752,0,0,both,True
grid_full_prefix,0.5,168,20110814223234,5,5,both,True
grid_full_prefix,0.5,168,20110815094533,1,1,both,True
grid_full_prefix,0.5,168,20110815223434,5,5,both,True
grid_full_prefix,0.5,168,20110816121403,1,1,both,True
grid_full_prefix,0.5,168,20110816223828,5,5,both,True
grid_full_prefix,0.5,168,20110817113458,1,1,both,True
grid_full_prefix,0.5,168,20110817223957,5,5,both,True
grid_full_prefix,0.5,168,20110818101352,1,1,both,True
grid_full_prefix,0.5,168,20110820061322,5,5,both,True
grid_full_prefix,0.5,168,20110821223758,5,5,both,True
grid_full_prefix,0.5,168,20110822115552,1,1,both,True
grid_full_prefix,0.5,168,20110822224028,5,5,both,True
grid_full_prefix,0.5,168,20110823095558,1,1,both,True
grid_full_prefix,0.5,168,20110823224234,5,5,both,True
grid_full_prefix,0.5,168,20110824134528,1,1,both,True
grid_full_prefix,0.5,168,20110824224328,5,5,both,True
grid_full_prefix,0.5,179,20081021012324,9,9,both,True
grid_full_prefix,0.5,179,20081021110030,0,0,both,True
grid_full_prefix,0.5,179,20081026014505,8,8,both,True
grid_full_prefix,0.5,179,20081026113752,0,0,both,True
grid_full_prefix,0.5,179,20081027012336,9,9,both,True
grid_full_prefix,0.5,179,20081027123634,0,0,both,True
grid_full_prefix,0.5,179,20081027124519,0,0,both,True
grid_full_prefix,0.5,179,20081101013523,0,0,both,True
grid_full_prefix,0.5,179,20081106023054,0,0,both,True
grid_full_prefix,0.5,179,20081107090836,0,0,both,True
grid_full_prefix,0.5,179,20081109014530,0,0,both,True
grid_full_prefix,0.5,179,20081109120329,0,0,both,True
grid_full_prefix,0.5,179,20081115015705,4,4,both,True
grid_full_prefix,0.5,179,20081115105653,0,0,both,True
grid_full_prefix,0.5,179,20081116065153,0,0,both,True
grid_full_prefix,0.5,179,20081117025429,0,0,both,True
grid_full_prefix,0.5,179,20081117030421,0,0,both,True
grid_full_prefix,0.5,179,20081129015805,0,0,both,True
grid_full_prefix,0.66,0,20090603064302,0,0,both,True
grid_full_prefix,0.66,0,20090604053730,15,15,both,True
grid_full_prefix,0.66,0,20090605012707,4,4,both,True
grid_full_prefix,0.66,0,20090606060037,4,4,both,True
grid_full_prefix,0.66,0,20090607075255,4,4,both,True
grid_full_prefix,0.66,0,20090607163831,0,0,both,True
grid_full_prefix,0.66,0,20090608060034,4,4,both,True
grid_full_prefix,0.66,0,20090609002030,4,4,both,True
grid_full_prefix,0.66,0,20090610062438,4,4,both,True
grid_full_prefix,0.66,0,20090610223636,11,11,both,True
grid_full_prefix,0.66,0,20090611221204,0,0,both,True
grid_full_prefix,0.66,0,20090612072227,4,4,both,True
grid_full_prefix,0.66,0,20090612220336,0,0,both,True
grid_full_prefix,0.66,0,20090614065303,0,0,both,True
grid_full_prefix,0.66,0,20090615055603,4,4,both,True
grid_full_prefix,0.66,0,20090615183206,0,0,both,True
grid_full_prefix,0.66,0,20090616054128,11,11,both,True
grid_full_prefix,0.66,0,20090618005931,0,0,both,True
grid_full_prefix,0.66,0,20090619004036,4,4,both,True
grid_full_prefix,0.66,0,20090620024527,0,0,both,True
grid_full_prefix,0.66,0,20090621101407,4,4,both,True
grid_full_prefix,0.66,0,20090622095432,0,0,both,True
grid_full_prefix,0.66,0,20090623043635,4,4,both,True
grid_full_prefix,0.66,0,20090623233404,0,0,both,True
grid_full_prefix,0.66,0,20090624070430,4,4,both,True
grid_full_prefix,0.66,0,20090624215736,0,0,both,True
grid_full_prefix,0.66,0,20090625041631,14,14,both,True
grid_full_prefix,0.66,0,20090626101307,4,4,both,True
grid_full_prefix,0.66,0,20090627025208,4,4,both,True
grid_full_prefix,0.66,0,20090627101821,4,4,both,True
grid_full_prefix,0.66,0,20090628005229,16,16,both,True
grid_full_prefix,0.66,0,20090629011630,4,4,both,True
grid_full_prefix,0.66,0,20090629173335,0,0,both,True
grid_full_prefix,0.66,0,20090630045606,4,4,both,True
grid_full_prefix,0.66,0,20090701044033,0,0,both,True
grid_full_prefix,0.66,0,20090701171936,4,4,both,True
grid_full_prefix,0.66,0,20090702022530,4,4,both,True
grid_full_prefix,0.66,0,20090703002800,0,0,both,True
grid_full_prefix,0.66,0,20090704042634,0,0,both,True
grid_full_prefix,0.66,0,20090705025307,0,0,both,True
grid_full_prefix,0.66,16,20081202110923,3,3,both,True
grid_full_prefix,0.66,16,20081203091735,4,4,both,True
grid_full_prefix,0.66,16,20081208003122,3,3,both,True
grid_full_prefix,0.66,16,20081209014205,3,3,both,True
grid_full_prefix,0.66,16,20081210004205,3,3,both,True
grid_full_prefix,0.66,16,20081210102335,3,3,both,True
grid_full_prefix,0.66,16,20081211005204,3,3,both,True
grid_full_prefix,0.66,16,20081212071854,0,0,both,True
grid_full_prefix,0.66,16,20081213085404,0,0,both,True
grid_full_prefix,0.66,16,20081214050759,3,3,both,True
grid_full_prefix,0.66,16,20081215004559,3,3,both,True
grid_full_prefix,0.66,16,20081216010805,3,3,both,True
grid_full_prefix,0.66,17,20090319050008,0,0,both,True
grid_full_prefix,0.66,17,20090319091136,0,0,both,True
grid_full_prefix,0.66,17,20090319124458,0,0,both,True
grid_full_prefix,0.66,17,20090320000946,3,3,both,True
grid_full_prefix,0.66,17,20090320004539,0,0,both,True
grid_full_prefix,0.66,17,20090321050356,1,1,both,True
grid_full_prefix,0.66,17,20090322052036,0,0,both,True
grid_full_prefix,0.66,17,20090323000531,0,0,both,True
grid_full_prefix,0.66,17,20090323145837,0,0,both,True
grid_full_prefix,0.66,17,20090323212145,54,54,both,True
grid_full_prefix,0.66,17,20090325000739,3,3,both,True
grid_full_prefix,0.66,17,20090326000154,1,1,both,True
grid_full_prefix,0.66,17,20090326113406,0,0,both,True
grid_full_prefix,0.66,17,20090327002511,0,0,both,True
grid_full_prefix,0.66,17,20090328041725,1,1,both,True
grid_full_prefix,0.66,17,20090329025818,0,0,both,True
grid_full_prefix,0.66,17,20090329235347,3,3,both,True
grid_full_prefix,0.66,17,20090330112458,3,3,both,True
grid_full_prefix,0.66,17,20090331235635,0,0,both,True
grid_full_prefix,0.66,17,20090401235303,3,3,both,True
grid_full_prefix,0.66,17,20090402235820,53,53,both,True
grid_full_prefix,0.66,17,20090403131503,0,0,both,True
grid_full_prefix,0.66,17,20090404020155,0,0,both,True
grid_full_prefix,0.66,17,20090405053007,1,1,both,True
grid_full_prefix,0.66,17,20090406060347,0,0,both,True
grid_full_prefix,0.66,17,20090406233133,1,1,both,True
grid_full_prefix,0.66,17,20090407122913,0,0,both,True
grid_full_prefix,0.66,17,20090407234410,3,3,both,True
grid_full_prefix,0.66,17,20090408235354,0,0,both,True
grid_full_prefix,0.66,17,20090409234539,0,0,both,True
grid_full_prefix,0.66,17,20090411000325,0,0,both,True
grid_full_prefix,0.66,17,20090412014730,0,0,both,True
grid_full_prefix,0.66,17,20090413000008,3,3,both,True
grid_full_prefix,0.66,17,20090413235216,0,0,both,True
grid_full_prefix,0.66,17,20090415234514,3,3,both,True
grid_full_prefix,0.66,17,20090416234739,0,0,both,True
grid_full_prefix,0.66,17,20090418014515,0,0,both,True
grid_full_prefix,0.66,17,20090419010400,0,0,both,True
grid_full_prefix,0.66,17,20090419130441,0,0,both,True
grid_full_prefix,0.66,17,20090420000026,0,0,both,True
grid_full_prefix,0.66,17,20090420110816,3,3,both,True
grid_full_prefix,0.66,17,20090420235733,3,3,both,True
grid_full_prefix,0.66,17,20090421124855,0,0,both,True
grid_full_prefix,0.66,17,20090421234946,1,1,both,True
grid_full_prefix,0.66,17,20090513094309,0,0,both,True
grid_full_prefix,0.66,17,20090513232947,1,1,both,True
grid_full_prefix,0.66,17,20090514090933,0,0,both,True
grid_full_prefix,0.66,17,20090515020800,3,3,both,True
grid_full_prefix,0.66,17,20090516010239,3,3,both,True
grid_full_prefix,0.66,17,20090517033915,0,0,both,True
grid_full_prefix,0.66,17,20090517054300,0,0,both,True
grid_full_prefix,0.66,17,20090519003045,3,3,both,True
grid_full_prefix,0.66,17,20090520231518,26,26,both,True
grid_full_prefix,0.66,17,20090521234308,0,0,both,True
grid_full_prefix,0.66,17,20090523022436,0,0,both,True
grid_full_prefix,0.66,17,20090524232403,0,0,both,True
grid_full_prefix,0.66,17,20090526051336,3,3,both,True
grid_full_prefix,0.66,17,20090528012914,5,5,both,True
grid_full_prefix,0.66,17,20090530054703,0,0,both,True
grid_full_prefix,0.66,17,20090531001952,0,0,both,True
grid_full_prefix,0.66,17,20090601000744,0,0,both,True
grid_full_prefix,0.66,17,20090601235202,1,1,both,True
grid_full_prefix,0.66,17,20090602131142,0,0,both,True
grid_full_prefix,0.66,17,20090603233338,0,0,both,True
grid_full_prefix,0.66,17,20090604232209,63,63,both,True
grid_full_prefix,0.66,17,20090607021214,0,0,both,True
grid_full_prefix,0.66,17,20090607234645,0,0,both,True
grid_full_prefix,0.66,17,20090608233046,0,0,both,True
grid_full_prefix,0.66,17,20090609233900,0,0,both,True
grid_full_prefix,0.66,17,20090610135201,0,0,both,True
grid_full_prefix,0.66,17,20090610232548,3,3,both,True
grid_full_prefix,0.66,17,20090611234447,66,66,both,True
grid_full_prefix,0.66,17,20090613010507,0,0,both,True
grid_full_prefix,0.66,17,20090613144446,0,0,both,True
grid_full_prefix,0.66,17,20090613231704,54,54,both,True
grid_full_prefix,0.66,17,20090614233331,0,0,both,True
grid_full_prefix,0.66,17,20090615233906,0,0,both,True
grid_full_prefix,0.66,17,20090617131111,3,3,both,True
grid_full_prefix,0.66,17,20090617235133,0,0,both,True
grid_full_prefix,0.66,17,20090618235545,3,3,both,True
grid_full_prefix,0.66,17,20090619234854,0,0,both,True
grid_full_prefix,0.66,17,20090621012524,1,1,both,True
grid_full_prefix,0.66,17,20090621094628,3,3,both,True
grid_full_prefix,0.66,17,20090623000214,3,3,both,True
grid_full_prefix,0.66,17,20090623141709,0,0,both,True
grid_full_prefix,0.66,17,20090624121832,3,3,both,True
grid_full_prefix,0.66,17,20090625014745,0,0,both,True
grid_full_prefix,0.66,17,20090625232715,0,0,both,True
grid_full_prefix,0.66,17,20090627012536,66,66,both,True
grid_full_prefix,0.66,17,20090628013245,0,0,both,True
grid_full_prefix,0.66,17,20090630001301,53,53,both,True
grid_full_prefix,0.66,17,20090702000608,3,3,both,True
grid_full_prefix,0.66,17,20090702094931,0,0,both,True
grid_full_prefix,0.66,17,20090703000110,0,0,both,True
grid_full_prefix,0.66,17,20090704063554,0,0,both,True
grid_full_prefix,0.66,19,20081208063648,4,4,both,True
grid_full_prefix,0.66,19,20081208093749,25,25,both,True
grid_full_prefix,0.66,19,20081208115451,0,0,both,True
grid_full_prefix,0.66,19,20081209002742,4,4,both,True
grid_full_prefix,0.66,19,20081209101839,0,0,both,True
grid_full_prefix,0.66,19,20081209125837,0,0,both,True
grid_full_prefix,0.66,19,20081209150349,0,0,both,True
grid_full_prefix,0.66,19,20081210051634,4,4,both,True
grid_full_prefix,0.66,19,20081210055142,6,6,both,True
grid_full_prefix,0.66,19,20081210062239,0,0,both,True
grid_full_prefix,0.66,19,20081210085203,0,0,both,True
grid_full_prefix,0.66,19,20081210093504,0,0,both,True
grid_full_prefix,0.66,19,20081211001406,4,4,both,True
grid_full_prefix,0.66,19,20081211024057,23,23,both,True
grid_full_prefix,0.66,19,20081211034454,5,5,both,True
grid_full_prefix,0.66,19,20081211044214,0,0,both,True
grid_full_prefix,0.66,19,20081213075114,25,25,both,True
grid_full_prefix,0.66,19,20081214002807,4,4,both,True
grid_full_prefix,0.66,19,20081214092748,4,4,both,True
grid_full_prefix,0.66,20,20111115013237,1,1,both,True
grid_full_prefix,0.66,20,20111116153831,0,0,both,True
grid_full_prefix,0.66,20,20111117020931,1,1,both,True
grid_full_prefix,0.66,20,20111118101629,1,1,both,True
grid_full_prefix,0.66,20,20111119042142,1,1,both,True
grid_full_prefix,0.66,20,20111119155101,0,0,both,True
grid_full_prefix,0.66,20,20111120161356,0,0,both,True
grid_full_prefix,0.66,20,20111121013035,1,1,both,True
grid_full_prefix,0.66,20,20111122014130,1,1,both,True
grid_full_prefix,0.66,20,20111122151957,0,0,both,True
grid_full_prefix,0.66,20,20111123154525,0,0,both,True
grid_full_prefix,0.66,20,20111124020829,1,1,both,True
grid_full_prefix,0.66,20,20111124154938,0,0,both,True
grid_full_prefix,0.66,20,20111125014422,1,1,both,True
grid_full_prefix,0.66,20,20111125152106,0,0,both,True
grid_full_prefix,0.66,20,20111128015322,1,1,both,True
grid_full_prefix,0.66,20,20111128151537,0,0,both,True
grid_full_prefix,0.66,20,20111129015531,1,1,both,True
grid_full_prefix,0.66,20,20111129151955,0,0,both,True
grid_full_prefix,0.66,20,20111130015030,1,1,both,True
grid_full_prefix,0.66,20,20111130151807,0,0,both,True
grid_full_prefix,0.66,20,20111130152335,0,0,both,True
grid_full_prefix,0.66,20,20111201020105,1,1,both,True
grid_full_prefix,0.66,20,20111202020153,1,1,both,True
grid_full_prefix,0.66,20,20111206145735,0,0,both,True
grid_full_prefix,0.66,20,20111209015635,1,1,both,True
grid_full_prefix,0.66,20,20111213143458,0,0,both,True
grid_full_prefix,0.66,20,20111220145401,0,0,both,True
grid_full_prefix,0.66,20,20111221014028,1,1,both,True
grid_full_prefix,0.66,20,20111221150308,0,0,both,True
grid_full_prefix,0.66,20,20111222021305,1,1,both,True
grid_full_prefix,0.66,20,20111223015835,1,1,both,True
grid_full_prefix,0.66,20,20111227051001,1,1,both,True
grid_full_prefix,0.66,24,20090318010336,3,3,both,True
grid_full_prefix,0.66,24,20090319051300,3,3,both,True
grid_full_prefix,0.66,24,20090319232505,3,3,both,True
grid_full_prefix,0.66,24,20090320092600,3,3,both,True
grid_full_prefix,0.66,24,20090321000237,3,3,both,True
grid_full_prefix,0.66,24,20090321235532,3,3,both,True
grid_full_prefix,0.66,24,20090322063047,3,3,both,True
grid_full_prefix,0.66,24,20090323232430,11,11,both,True
grid_full_prefix,0.66,24,20090325001055,3,3,both,True
grid_full_prefix,0.66,24,20090325232230,3,3,both,True
grid_full_prefix,0.66,24,20090512010704,3,3,both,True
grid_full_prefix,0.66,24,20090512231006,3,3,both,True
grid_full_prefix,0.66,24,20090514001608,3,3,both,True
grid_full_prefix,0.66,24,20090515051736,3,3,both,True
grid_full_prefix,0.66,24,20090516000230,3,3,both,True
grid_full_prefix,0.66,24,20090518010033,3,3,both,True
grid_full_prefix,0.66,24,20090519002637,11,11,both,True
grid_full_prefix,0.66,24,20090519231433,3,3,both,True
grid_full_prefix,0.66,24,20090520231037,3,3,both,True
grid_full_prefix,0.66,24,20090522012954,3,3,both,True
grid_full_prefix,0.66,24,20090523001107,3,3,both,True
grid_full_prefix,0.66,24,20090524061723,3,3,both,True
grid_full_prefix,0.66,24,20090525230436,4,4,both,True
grid_full_prefix,0.66,24,20090526104409,3,3,both,True
grid_full_prefix,0.66,25,20090511025404,0,0,both,True
grid_full_prefix,0.66,25,20090511074253,91,91,both,True
grid_full_prefix,0.66,25,20090511120543,0,0,both,True
grid_full_prefix,0.66,25,20090512000606,38,38,both,True
grid_full_prefix,0.66,25,20090512082957,41,41,both,True
grid_full_prefix,0.66,25,20090513013740,41,41,both,True
grid_full_prefix,0.66,25,20090513105350,41,41,both,True
grid_full_prefix,0.66,25,20090514000001,41,41,both,True
grid_full_prefix,0.66,25,20090514015739,41,41,both,True
grid_full_prefix,0.66,25,20090514025341,41,41,both,True
grid_full_prefix,0.66,25,20090514100158,41,41,both,True
grid_full_prefix,0.66,25,20090515000000,41,41,both,True
grid_full_prefix,0.66,25,20090516044805,115,115,both,True
grid_full_prefix,0.66,25,20090516061230,45,45,both,True
grid_full_prefix,0.66,25,20090516105352,115,115,both,True
grid_full_prefix,0.66,25,20090517010002,47,47,both,True
grid_full_prefix,0.66,25,20090517055402,51,51,both,True
grid_full_prefix,0.66,25,20090517092755,40,40,both,True
grid_full_prefix,0.66,25,20090517120000,44,44,both,True
grid_full_prefix,0.66,25,20090518101843,40,40,both,True
grid_full_prefix,0.66,25,20090518121117,40,40,both,True
grid_full_prefix,0.66,25,20090519013040,51,51,both,True
grid_full_prefix,0.66,25,20090519122006,40,40,both,True
grid_full_prefix,0.66,25,20090520000243,5,5,both,True
grid_full_prefix,0.66,25,20090520114811,0,0,both,True
grid_full_prefix,0.66,25,20090520234651,2,2,both,True
grid_full_prefix,0.66,25,20090521042205,0,0,both,True
grid_full_prefix,0.66,25,20090521053513,0,0,both,True
grid_full_prefix,0.66,25,20090521235502,2,2,both,True
grid_full_prefix,0.66,25,20090522042917,93,93,both,True
grid_full_prefix,0.66,25,20090523000115,2,2,both,True
grid_full_prefix,0.66,25,20090523044126,93,93,both,True
grid_full_prefix,0.66,25,20090524000415,2,2,both,True
grid_full_prefix,0.66,25,20090524042347,93,93,both,True
grid_full_prefix,0.66,25,20090524075447,0,0,both,True
grid_full_prefix,0.66,25,20090525000736,2,2,both,True
grid_full_prefix,0.66,25,20090525040854,0,0,both,True
grid_full_prefix,0.66,25,20090525074414,0,0,both,True
grid_full_prefix,0.66,25,20090525081250,0,0,both,True
grid_full_prefix,0.66,25,20090525235606,2,2,both,True
grid_full_prefix,0.66,25,20090526044933,93,93,both,True
grid_full_prefix,0.66,25,20090526084328,0,0,both,True
grid_full_prefix,0.66,25,20090526235709,2,2,both,True
grid_full_prefix,0.66,25,20090527045639,93,93,both,True
grid_full_prefix,0.66,25,20090527092852,0,0,both,True
grid_full_prefix,0.66,25,20090528000132,2,2,both,True
grid_full_prefix,0.66,25,20090528043016,0,0,both,True
grid_full_prefix,0.66,25,20090528074406,93,93,both,True
grid_full_prefix,0.66,25,20090528104309,0,0,both,True
grid_full_prefix,0.66,25,20090528123505,0,0,both,True
grid_full_prefix,0.66,25,20090529021453,2,2,both,True
grid_full_prefix,0.66,25,20090529044013,0,0,both,True
grid_full_prefix,0.66,25,20090529081236,93,93,both,True
grid_full_prefix,0.66,25,20090529100124,0,0,both,True
grid_full_prefix,0.66,25,20090530000803,2,2,both,True
grid_full_prefix,0.66,25,20090530092855,93,93,both,True
grid_full_prefix,0.66,25,20090531000007,2,2,both,True
grid_full_prefix,0.66,25,20090531090700,0,0,both,True
grid_full_prefix,0.66,25,20090601104724,0,0,both,True
grid_full_prefix,0.66,25,20090601113739,0,0,both,True
grid_full_prefix,0.66,25,20090601121555,0,0,both,True
grid_full_prefix,0.66,25,20090602041611,2,2,both,True
grid_full_prefix,0.66,25,20090602101840,93,93,both,True
grid_full_prefix,0.66,25,20090603033735,2,2,both,True
grid_full_prefix,0.66,25,20090603102054,0,0,both,True
grid_full_prefix,0.66,25,20090604040956,2,2,both,True
grid_full_prefix,0.66,25,20090604104645,0,0,both,True
grid_full_prefix,0.66,25,20090605035359,88,88,both,True
grid_full_prefix,0.66,25,20090605094502,93,93,both,True
grid_full_prefix,0.66,25,20090605112034,0,0,both,True
grid_full_prefix,0.66,25,20090606005515,2,2,both,True
grid_full_prefix,0.66,25,20090606093819,93,93,both,True
grid_full_prefix,0.66,25,20090606120215,0,0,both,True
grid_full_prefix,0.66,25,20090606234144,74,74,both,True
grid_full_prefix,0.66,25,20090607113902,5,5,both,True
grid_full_prefix,0.66,25,20090608005335,5,5,both,True
grid_full_prefix,0.66,25,20090609012637,5,5,both,True
grid_full_prefix,0.66,25,20090609090605,5,5,both,True
grid_full_prefix,0.66,25,20090609112946,5,5,both,True
grid_full_prefix,0.66,25,20090610023300,5,5,both,True
grid_full_prefix,0.66,25,20090610095604,34,34,both,True
grid_full_prefix,0.66,25,20090610170259,0,0,both,True
grid_full_prefix,0.66,25,20090611085512,10,10,both,True
grid_full_prefix,0.66,25,20090611113001,0,0,both,True
grid_full_prefix,0.66,25,20090612040740,0,0,both,True
grid_full_prefix,0.66,25,20090612064142,0,0,both,True
grid_full_prefix,0.66,25,20090612130630,0,0,both,True
grid_full_prefix,0.66,25,20090612145033,0,0,both,True
grid_full_prefix,0.66,25,20090614050830,0,0,both,True
grid_full_prefix,0.66,25,20090614085036,2,2,both,True
grid_full_prefix,0.66,25,20090614123454,0,0,both,True
grid_full_prefix,0.66,25,20090615074716,0,0,both,True
grid_full_prefix,0.66,25,20090615132630,0,0,both,True
grid_full_prefix,0.66,25,20090615142743,0,0,both,True
grid_full_prefix,0.66,25,20090616000900,2,2,both,True
grid_full_prefix,0.66,25,20090616093056,0,0,both,True
grid_full_prefix,0.66,25,20090617042939,2,2,both,True
grid_full_prefix,0.66,25,20090617104840,0,0,both,True
grid_full_prefix,0.66,25,20090618010806,2,2,both,True
grid_full_prefix,0.66,25,20090618064236,93,93,both,True
grid_full_prefix,0.66,25,20090619002314,0,0,both,True
grid_full_prefix,0.66,25,20090619023451,13,13,both,True
grid_full_prefix,0.66,25,20090620001440,2,2,both,True
grid_full_prefix,0.66,25,20090620035727,15,15,both,True
grid_full_prefix,0.66,25,20090620092630,93,93,both,True
grid_full_prefix,0.66,25,20090621005632,2,2,both,True
grid_full_prefix,0.66,25,20090621094130,93,93,both,True
grid_full_prefix,0.66,25,20090621130111,0,0,both,True
grid_full_prefix,0.66,25,20090622001245,0,0,both,True
grid_full_prefix,0.66,25,20090622050547,2,2,both,True
grid_full_prefix,0.66,25,20090622092840,5,5,both,True
grid_full_prefix,0.66,25,20090623012719,0,0,both,True
grid_full_prefix,0.66,25,20090623042946,15,15,both,True
grid_full_prefix,0.66,25,20090623085109,0,0,both,True
grid_full_prefix,0.66,25,20090623100934,5,5,both,True
grid_full_prefix,0.66,25,20090623133306,93,93,both,True
grid_full_prefix,0.66,25,20090623153918,2,2,both,True
grid_full_prefix,0.66,25,20090624024641,0,0,both,True
grid_full_prefix,0.66,25,20090624081836,0,0,both,True
grid_full_prefix,0.66,25,20090625000008,74,74,both,True
grid_full_prefix,0.66,25,20090625034002,0,0,both,True
grid_full_prefix,0.66,25,20090626071038,0,0,both,True
grid_full_prefix,0.66,25,20090626115640,0,0,both,True
grid_full_prefix,0.66,25,20090626142016,0,0,both,True
grid_full_prefix,0.66,25,20090627022716,88,88,both,True
grid_full_prefix,0.66,25,20090627065710,0,0,both,True
grid_full_prefix,0.66,25,20090628101336,0,0,both,True
grid_full_prefix,0.66,25,20090629002542,0,0,both,True
grid_full_prefix,0.66,25,20090629013154,0,0,both,True
grid_full_prefix,0.66,25,20090629081014,0,0,both,True
grid_full_prefix,0.66,25,20090630074500,0,0,both,True
grid_full_prefix,0.66,25,20090630110602,0,0,both,True
grid_full_prefix,0.66,25,20090630123834,0,0,both,True
grid_full_prefix,0.66,25,20090701084100,0,0,both,True
grid_full_prefix,0.66,25,20090701091446,0,0,both,True
grid_full_prefix,0.66,25,20090701143746,0,0,both,True
grid_full_prefix,0.66,25,20090701165346,0,0,both,True
grid_full_prefix,0.66,25,20090702025218,0,0,both,True
grid_full_prefix,0.66,25,20090702091404,88,88,both,True
grid_full_prefix,0.66,25,20090702114731,0,0,both,True
grid_full_prefix,0.66,25,20090703013710,3,3,both,True
grid_full_prefix,0.66,25,20090703022251,0,0,both,True
grid_full_prefix,0.66,25,20090703053357,0,0,both,True
grid_full_prefix,0.66,25,20090703093956,0,0,both,True
grid_full_prefix,0.66,25,20090703135348,0,0,both,True
grid_full_prefix,0.66,25,20090704042738,88,88,both,True
grid_full_prefix,0.66,25,20090704101609,0,0,both,True
grid_full_prefix,0.66,25,20090705044519,0,0,both,True
grid_full_prefix,0.66,25,20090705093145,0,0,both,True
grid_full_prefix,0.66,25,20090705142119,0,0,both,True
grid_full_prefix,0.66,25,20090705234132,0,0,both,True
grid_full_prefix,0.66,25,20090706033701,88,88,both,True
grid_full_prefix,0.66,25,20090706042627,0,0,both,True
grid_full_prefix,0.66,25,20090706112513,0,0,both,True
grid_full_prefix,0.66,25,20090706124423,0,0,both,True
grid_full_prefix,0.66,25,20090707072302,0,0,both,True
grid_full_prefix,0.66,25,20090707091545,0,0,both,True
grid_full_prefix,0.66,25,20090708020049,0,0,both,True
grid_full_prefix,0.66,25,20090708032528,0,0,both,True
grid_full_prefix,0.66,25,20090708083822,104,104,both,True
grid_full_prefix,0.66,25,20090708112912,38,38,both,True
grid_full_prefix,0.66,25,20090709001109,40,40,both,True
grid_full_prefix,0.66,25,20090710102416,51,51,both,True
grid_full_prefix,0.66,25,20090710134415,40,40,both,True
grid_full_prefix,0.66,25,20090711073706,40,40,both,True
grid_full_prefix,0.66,25,20090711091028,40,40,both,True
grid_full_prefix,0.66,26,20090321063103,0,0,both,True
grid_full_prefix,0.66,26,20090321235040,0,0,both,True
grid_full_prefix,0.66,26,20090325081528,0,0,both,True
grid_full_prefix,0.66,26,20090405033104,0,0,both,True
grid_full_prefix,0.66,26,20090405164834,0,0,both,True
grid_full_prefix,0.66,26,20090407094503,0,0,both,True
grid_full_prefix,0.66,26,20090408040922,0,0,both,True
grid_full_prefix,0.66,26,20090411011503,0,0,both,True
grid_full_prefix,0.66,26,20090414091952,0,0,both,True
grid_full_prefix,0.66,26,20090415014804,0,0,both,True
grid_full_prefix,0.66,26,20090418032222,0,0,both,True
grid_full_prefix,0.66,28,20090408000034,2,2,both,True
grid_full_prefix,0.66,28,20090408091659,12,12,both,True
grid_full_prefix,0.66,28,20090408234136,12,12,both,True
grid_full_prefix,0.66,28,20090410052703,2,2,both,True
grid_full_prefix,0.66,28,20090413091309,2,2,both,True
grid_full_prefix,0.66,28,20090413222107,3,3,both,True
grid_full_prefix,0.66,28,20090414104608,2,2,both,True
grid_full_prefix,0.66,28,20090414222138,3,3,both,True
grid_full_prefix,0.66,28,20090415080832,2,2,both,True
grid_full_prefix,0.66,28,20090416091157,2,2,both,True
grid_full_prefix,0.66,28,20090416222138,3,3,both,True
grid_full_prefix,0.66,28,20090417073556,2,2,both,True
grid_full_prefix,0.66,28,20090420091753,2,2,both,True
grid_full_prefix,0.66,28,20090420222226,3,3,both,True
grid_full_prefix,0.66,28,20090421093501,2,2,both,True
grid_full_prefix,0.66,28,20090421222226,3,3,both,True
grid_full_prefix,0.66,29,20090310075634,0,0,both,True
grid_full_prefix,0.66,29,20090310230051,1,1,both,True
grid_full_prefix,0.66,29,20090311225433,1,1,both,True
grid_full_prefix,0.66,29,20090312112334,0,0,both,True
grid_full_prefix,0.66,29,20090312231752,1,1,both,True
grid_full_prefix,0.66,29,20090313090729,0,0,both,True
grid_full_prefix,0.66,29,20090315225504,1,1,both,True
grid_full_prefix,0.66,29,20090316090503,0,0,both,True
grid_full_prefix,0.66,29,20090317225758,1,1,both,True
grid_full_prefix,0.66,29,20090318090128,0,0,both,True
grid_full_prefix,0.66,29,20090321022628,0,0,both,True
grid_full_prefix,0.66,35,20090407073512,0,0,both,True
grid_full_prefix,0.66,35,20090407210407,0,0,both,True
grid_full_prefix,0.66,35,20090409210105,0,0,both,True
grid_full_prefix,0.66,35,20090411000535,0,0,both,True
grid_full_prefix,0.66,35,20090412205936,0,0,both,True
grid_full_prefix,0.66,35,20090413063915,0,0,both,True
grid_full_prefix,0.66,35,20090413210306,0,0,both,True
grid_full_prefix,0.66,35,20090414210553,0,0,both,True
grid_full_prefix,0.66,35,20090415210305,0,0,both,True
grid_full_prefix,0.66,35,20090416210531,0,0,both,True
grid_full_prefix,0.66,35,20090418035753,1,1,both,True
grid_full_prefix,0.66,35,20090419210937,0,0,both,True
grid_full_prefix,0.66,35,20090420064050,0,0,both,True
grid_full_prefix,0.66,35,20090420205905,0,0,both,True
grid_full_prefix,0.66,35,20090421205900,0,0,both,True
grid_full_prefix,0.66,35,20090422210636,0,0,both,True
grid_full_prefix,0.66,35,20090426050031,0,0,both,True
grid_full_prefix,0.66,35,20090426132556,0,0,both,True
grid_full_prefix,0.66,35,20090426211055,0,0,both,True
grid_full_prefix,0.66,36,20090407033154,8,8,both,True
grid_full_prefix,0.66,36,20090408094615,8,8,both,True
grid_full_prefix,0.66,36,20090409012524,8,8,both,True
grid_full_prefix,0.66,36,20090410053505,8,8,both,True
grid_full_prefix,0.66,36,20090411021801,8,8,both,True
grid_full_prefix,0.66,36,20090412125703,4,4,both,True
grid_full_prefix,0.66,36,20090413034508,4,4,both,True
grid_full_prefix,0.66,36,20090417083536,8,8,both,True
grid_full_prefix,0.66,36,20090418004038,5,5,both,True
grid_full_prefix,0.66,36,20090419025430,4,4,both,True
grid_full_prefix,0.66,36,20090423102604,8,8,both,True
grid_full_prefix,0.66,36,20090424112604,8,8,both,True
grid_full_prefix,0.66,36,20090426095159,4,4,both,True
grid_full_prefix,0.66,36,20090702005634,4,4,both,True
grid_full_prefix,0.66,36,20090705231822,4,4,both,True
grid_full_prefix,0.66,36,20090707011733,4,4,both,True
grid_full_prefix,0.66,36,20090708012505,4,4,both,True
grid_full_prefix,0.66,36,20090709003722,4,4,both,True
grid_full_prefix,0.66,37,20090412233403,0,0,both,True
grid_full_prefix,0.66,37,20090413051250,0,0,both,True
grid_full_prefix,0.66,37,20090414235037,0,0,both,True
grid_full_prefix,0.66,37,20090415021434,0,0,both,True
grid_full_prefix,0.66,37,20090415053841,0,0,both,True
grid_full_prefix,0.66,37,20090415095346,0,0,both,True
grid_full_prefix,0.66,37,20090416000510,0,0,both,True
grid_full_prefix,0.66,37,20090416015706,0,0,both,True
grid_full_prefix,0.66,37,20090416060054,0,0,both,True
grid_full_prefix,0.66,37,20090416105528,0,0,both,True
grid_full_prefix,0.66,37,20090416231030,0,0,both,True
grid_full_prefix,0.66,37,20090417084221,0,0,both,True
grid_full_prefix,0.66,37,20090418004033,0,0,both,True
grid_full_prefix,0.66,37,20090418025919,0,0,both,True
grid_full_prefix,0.66,37,20090418071235,0,0,both,True
grid_full_prefix,0.66,37,20090418100418,17,17,both,True
grid_full_prefix,0.66,37,20090419123615,0,0,both,True
grid_full_prefix,0.66,37,20090420054955,0,0,both,True
grid_full_prefix,0.66,37,20090421021702,0,0,both,True
grid_full_prefix,0.66,37,20090429121018,17,17,both,True
grid_full_prefix,0.66,37,20090710082418,0,0,both,True
grid_full_prefix,0.66,37,20090711025530,0,0,both,True
grid_full_prefix,0.66,37,20090711074039,0,0,both,True
grid_full_prefix,0.66,37,20090713004736,3,3,both,True
grid_full_prefix,0.66,37,20090713040933,3,3,both,True
grid_full_prefix,0.66,37,20090713232437,0,0,both,True
grid_full_prefix,0.66,37,20090713234910,0,0,both,True
grid_full_prefix,0.66,37,20090714081132,0,0,both,True
grid_full_prefix,0.66,37,20090714081826,0,0,both,True
grid_full_prefix,0.66,37,20090714235210,0,0,both,True
grid_full_prefix,0.66,37,20090715235505,0,0,both,True
grid_full_prefix,0.66,37,20090717064434,0,0,both,True
grid_full_prefix,0.66,37,20090719222647,0,0,both,True
grid_full_prefix,0.66,37,20090720231809,0,0,both,True
grid_full_prefix,0.66,37,20090722000259,0,0,both,True
grid_full_prefix,0.66,37,20090724195433,0,0,both,True
grid_full_prefix,0.66,37,20090730101508,17,17,both,True
grid_full_prefix,0.66,38,20090410124138,4,4,both,True
grid_full_prefix,0.66,38,20090410223116,4,4,both,True
grid_full_prefix,0.66,38,20090412021706,14,14,both,True
grid_full_prefix,0.66,38,20090412125448,4,4,both,True
grid_full_prefix,0.66,38,20090413002310,4,4,both,True
grid_full_prefix,0.66,38,20090414223045,4,4,both,True
grid_full_prefix,0.66,38,20090415091526,4,4,both,True
grid_full_prefix,0.66,38,20090416085408,4,4,both,True
grid_full_prefix,0.66,38,20090417034936,4,4,both,True
grid_full_prefix,0.66,38,20090418002306,4,4,both,True
grid_full_prefix,0.66,38,20090420014909,4,4,both,True
grid_full_prefix,0.66,38,20090422033246,4,4,both,True
grid_full_prefix,0.66,38,20090709081828,4,4,both,True
grid_full_prefix,0.66,38,20090710051732,4,4,both,True
grid_full_prefix,0.66,38,20090711114358,4,4,both,True
grid_full_prefix,0.66,38,20090712094253,4,4,both,True
grid_full_prefix,0.66,38,20090714101239,4,4,both,True
grid_full_prefix,0.66,38,20090714233650,4,4,both,True
grid_full_prefix,0.66,38,20090715231037,4,4,both,True
grid_full_prefix,0.66,38,20090716053929,4,4,both,True
grid_full_prefix,0.66,38,20090717053438,4,4,both,True
grid_full_prefix,0.66,38,20090718043013,3,3,both,True
grid_full_prefix,0.66,38,20090718083524,1,1,both,True
grid_full_prefix,0.66,38,20090719040838,4,4,both,True
grid_full_prefix,0.66,38,20090720080933,0,0,both,True
grid_full_prefix,0.66,38,20090723012633,4,4,both,True
grid_full_prefix,0.66,39,20090611095140,14,14,both,True
grid_full_prefix,0.66,39,20090612000513,1,1,both,True
grid_full_prefix,0.66,39,20090612112705,14,14,both,True
grid_full_prefix,0.66,39,20090613040756,26,26,both,True
grid_full_prefix,0.66,39,20090614114654,14,14,both,True
grid_full_prefix,0.66,39,20090615000438,14,14,both,True
grid_full_prefix,0.66,39,20090615094738,2,2,both,True
grid_full_prefix,0.66,39,20090616000719,1,1,both,True
grid_full_prefix,0.66,39,20090616094433,14,14,both,True
grid_full_prefix,0.66,39,20090617000200,1,1,both,True
grid_full_prefix,0.66,39,20090617095205,14,14,both,True
grid_full_prefix,0.66,39,20090617232821,26,26,both,True
grid_full_prefix,0.66,39,20090618103325,14,14,both,True
grid_full_prefix,0.66,39,20090619094325,14,14,both,True
grid_full_prefix,0.66,39,20090619230550,14,14,both,True
grid_full_prefix,0.66,39,20090620115005,14,14,both,True
grid_full_prefix,0.66,39,20090621070937,26,26,both,True
grid_full_prefix,0.66,39,20090622000238,1,1,both,True
grid_full_prefix,0.66,39,20090622095036,14,14,both,True
grid_full_prefix,0.66,39,20090623095056,14,14,both,True
grid_full_prefix,0.66,39,20090624000338,14,14,both,True
grid_full_prefix,0.66,39,20090624094458,14,14,both,True
grid_full_prefix,0.66,39,20090625000532,1,1,both,True
grid_full_prefix,0.66,39,20090625094635,14,14,both,True
grid_full_prefix,0.66,39,20090626000538,1,1,both,True
grid_full_prefix,0.66,39,20090626110001,14,14,both,True
grid_full_prefix,0.66,39,20090626211826,13,13,both,True
grid_full_prefix,0.66,39,20090628034817,2,2,both,True
grid_full_prefix,0.66,39,20090628234328,14,14,both,True
grid_full_prefix,0.66,39,20090629094605,14,14,both,True
grid_full_prefix,0.66,39,20090630000205,14,14,both,True
grid_full_prefix,0.66,39,20090630094433,14,14,both,True
grid_full_prefix,0.66,39,20090701000224,1,1,both,True
grid_full_prefix,0.66,39,20090701093936,2,2,both,True
grid_full_prefix,0.66,39,20090702000204,1,1,both,True
grid_full_prefix,0.66,39,20090702103027,14,14,both,True
grid_full_prefix,0.66,39,20090703093804,2,2,both,True
grid_full_prefix,0.66,39,20090704024525,2,2,both,True
grid_full_prefix,0.66,39,20090704132701,2,2,both,True
grid_full_prefix,0.66,39,20090705053006,14,14,both,True
grid_full_prefix,0.66,39,20090706111727,14,14,both,True
grid_full_prefix,0.66,39,20090706233342,14,14,both,True
grid_full_prefix,0.66,39,20090707113005,14,14,both,True
grid_full_prefix,0.66,39,20090707235526,14,14,both,True
grid_full_prefix,0.66,39,20090708103301,14,14,both,True
grid_full_prefix,0.66,39,20090708233906,14,14,both,True
grid_full_prefix,0.66,39,20090709102054,14,14,both,True
grid_full_prefix,0.66,39,20090709234004,1,1,both,True
grid_full_prefix,0.66,39,20090710094259,14,14,both,True
grid_full_prefix,0.66,39,20090711043552,26,26,both,True
grid_full_prefix,0.66,39,20090712041628,2,2,both,True
grid_full_prefix,0.66,39,20090712234404,14,14,both,True
grid_full_prefix,0.66,39,20090713113106,14,14,both,True
grid_full_prefix,0.66,39,20090713235707,1,1,both,True
grid_full_prefix,0.66,39,20090714114356,14,14,both,True
grid_full_prefix,0.66,39,20090714233956,14,14,both,True
grid_full_prefix,0.66,51,20080217140611,12,12,both,True
grid_full_prefix,0.66,51,20080218192042,12,12,both,True
grid_full_prefix,0.66,51,20080219123720,11,11,both,True
grid_full_prefix,0.66,51,20080221105029,2,2,both,True
grid_full_prefix,0.66,51,20080222090047,2,2,both,True
grid_full_prefix,0.66,51,20080309120949,2,2,both,True
grid_full_prefix,0.66,51,20080324085807,2,2,both,True
grid_full_prefix,0.66,51,20080326153045,2,2,both,True
grid_full_prefix,0.66,51,20080328085804,2,2,both,True
grid_full_prefix,0.66,51,20080329111039,2,2,both,True
grid_full_prefix,0.66,51,20080430181146,2,2,both,True
grid_full_prefix,0.66,52,20080819232504,14,14,both,True
grid_full_prefix,0.66,52,20080821232859,14,14,both,True
grid_full_prefix,0.66,52,20080822085236,14,14,both,True
grid_full_prefix,0.66,52,20080824233822,14,14,both,True
grid_full_prefix,0.66,52,20080825085006,14,14,both,True
grid_full_prefix,0.66,52,20080826232036,0,0,both,True
grid_full_prefix,0.66,52,20080827111000,0,0,both,True
grid_full_prefix,0.66,52,20080831073208,0,0,both,True
grid_full_prefix,0.66,52,20080831233436,14,14,both,True
grid_full_prefix,0.66,52,20080901114634,14,14,both,True
grid_full_prefix,0.66,52,20080902055635,14,14,both,True
grid_full_prefix,0.66,52,20081001224837,0,0,both,True
grid_full_prefix,0.66,52,20081003042430,0,0,both,True
grid_full_prefix,0.66,52,20081005094923,0,0,both,True
grid_full_prefix,0.66,52,20081006134237,14,14,both,True
grid_full_prefix,0.66,52,20081006235830,14,14,both,True
grid_full_prefix,0.66,52,20081007111938,14,14,both,True
grid_full_prefix,0.66,52,20081008035138,0,0,both,True
grid_full_prefix,0.66,52,20081009100736,0,0,both,True
grid_full_prefix,0.66,52,20081010011727,14,14,both,True
grid_full_prefix,0.66,52,20081010120707,5,5,both,True
grid_full_prefix,0.66,52,20081011033025,0,0,both,True
grid_full_prefix,0.66,52,20081012064254,0,0,both,True
grid_full_prefix,0.66,52,20081017050637,0,0,both,True
grid_full_prefix,0.66,52,20081030050200,0,0,both,True
grid_full_prefix,0.66,62,20081103005437,0,0,both,True
grid_full_prefix,0.66,62,20081103015601,0,0,both,True
grid_full_prefix,0.66,62,20081103025353,0,0,both,True
grid_full_prefix,0.66,62,20081103115039,4,4,both,True
grid_full_prefix,0.66,62,20081104010333,0,0,both,True
grid_full_prefix,0.66,62,20081104013441,0,0,both,True
grid_full_prefix,0.66,62,20081104041114,4,4,both,True
grid_full_prefix,0.66,62,20081104063603,0,0,both,True
grid_full_prefix,0.66,62,20081105010014,60,60,both,True
grid_full_prefix,0.66,62,20081105023944,0,0,both,True
grid_full_prefix,0.66,62,20081105032159,0,0,both,True
grid_full_prefix,0.66,62,20081105044046,58,58,both,True
grid_full_prefix,0.66,62,20081105053031,0,0,both,True
grid_full_prefix,0.66,62,20081105060230,0,0,both,True
grid_full_prefix,0.66,62,20081105083830,0,0,both,True
grid_full_prefix,0.66,62,20081105085221,0,0,both,True
grid_full_prefix,0.66,62,20081105102345,0,0,both,True
grid_full_prefix,0.66,62,20081105104452,0,0,both,True
grid_full_prefix,0.66,62,20081105111108,0,0,both,True
grid_full_prefix,0.66,62,20081105112326,4,4,both,True
grid_full_prefix,0.66,62,20081105123909,0,0,both,True
grid_full_prefix,0.66,62,20081105124617,0,0,both,True
grid_full_prefix,0.66,62,20081106011127,0,0,both,True
grid_full_prefix,0.66,62,20081106011708,88,88,both,True
grid_full_prefix,0.66,62,20081106020014,153,153,both,True
grid_full_prefix,0.66,62,20081106024201,158,158,both,True
grid_full_prefix,0.66,62,20081106031826,0,0,both,True
grid_full_prefix,0.66,62,20081106064828,16,16,both,True
grid_full_prefix,0.66,62,20081106071234,49,49,both,True
grid_full_prefix,0.66,62,20081106085050,152,152,both,True
grid_full_prefix,0.66,62,20081106092632,0,0,both,True
grid_full_prefix,0.66,62,20081106093504,0,0,both,True
grid_full_prefix,0.66,62,20081106104833,0,0,both,True
grid_full_prefix,0.66,62,20081106112738,4,4,both,True
grid_full_prefix,0.66,62,20081106113950,0,0,both,True
grid_full_prefix,0.66,62,20081107000607,0,0,both,True
grid_full_prefix,0.66,62,20081107003353,0,0,both,True
grid_full_prefix,0.66,62,20081107121527,0,0,both,True
grid_full_prefix,0.66,62,20081107122148,13,13,both,True
grid_full_prefix,0.66,62,20081108042815,0,0,both,True
grid_full_prefix,0.66,62,20081108060646,0,0,both,True
grid_full_prefix,0.66,62,20081109013429,0,0,both,True
grid_full_prefix,0.66,62,20081109053559,0,0,both,True
grid_full_prefix,0.66,62,20081109062802,0,0,both,True
grid_full_prefix,0.66,62,20081109080315,0,0,both,True
grid_full_prefix,0.66,62,20081109083245,0,0,both,True
grid_full_prefix,0.66,62,20081109093929,0,0,both,True
grid_full_prefix,0.66,62,20081109095422,0,0,both,True
grid_full_prefix,0.66,62,20081109100916,4,4,both,True
grid_full_prefix,0.66,62,20081109110807,0,0,both,True
grid_full_prefix,0.66,62,20081110013116,170,170,both,True
grid_full_prefix,0.66,62,20081110030128,164,164,both,True
grid_full_prefix,0.66,62,20081110030808,16,16,both,True
grid_full_prefix,0.66,62,20081110032953,158,158,both,True
grid_full_prefix,0.66,62,20081110042038,0,0,both,True
grid_full_prefix,0.66,62,20081110111835,0,0,both,True
grid_full_prefix,0.66,62,20081111021901,0,0,both,True
grid_full_prefix,0.66,62,20081111042301,49,49,both,True
grid_full_prefix,0.66,62,20081111045929,153,153,both,True
grid_full_prefix,0.66,62,20081111052247,154,154,both,True
grid_full_prefix,0.66,62,20081111080126,4,4,both,True
grid_full_prefix,0.66,62,20081111084153,82,82,both,True
grid_full_prefix,0.66,62,20081111090528,3,3,both,True
grid_full_prefix,0.66,62,20081111095640,0,0,both,True
grid_full_prefix,0.66,62,20081111103634,0,0,both,True
grid_full_prefix,0.66,62,20081112012435,0,0,both,True
grid_full_prefix,0.66,62,20081112013226,0,0,both,True
grid_full_prefix,0.66,62,20081112021100,0,0,both,True
grid_full_prefix,0.66,62,20081112033338,0,0,both,True
grid_full_prefix,0.66,62,20081112101140,0,0,both,True
grid_full_prefix,0.66,62,20081112101655,0,0,both,True
grid_full_prefix,0.66,62,20081112105415,0,0,both,True
grid_full_prefix,0.66,62,20081113010001,0,0,both,True
grid_full_prefix,0.66,62,20081113012910,49,49,both,True
grid_full_prefix,0.66,62,20081113095812,16,16,both,True
grid_full_prefix,0.66,62,20081113110912,0,0,both,True
grid_full_prefix,0.66,62,20081113124253,0,0,both,True
grid_full_prefix,0.66,62,20081114010438,49,49,both,True
grid_full_prefix,0.66,62,20081114101455,16,16,both,True
grid_full_prefix,0.66,62,20081114105400,0,0,both,True
grid_full_prefix,0.66,62,20081115010837,20,20,both,True
grid_full_prefix,0.66,62,20081115015759,149,149,both,True
grid_full_prefix,0.66,62,20081115030457,56,56,both,True
grid_full_prefix,0.66,62,20081116061411,172,172,both,True
grid_full_prefix,0.66,62,20081116081559,80,80,both,True
grid_full_prefix,0.66,62,20081116084956,0,0,both,True
grid_full_prefix,0.66,62,20081116093710,0,0,both,True
grid_full_prefix,0.66,62,20081117010846,88,88,both,True
grid_full_prefix,0.66,62,20081203010728,0,0,both,True
grid_full_prefix,0.66,62,20081204010407,0,0,both,True
grid_full_prefix,0.66,62,20081204012250,0,0,both,True
grid_full_prefix,0.66,62,20081204060141,0,0,both,True
grid_full_prefix,0.66,62,20081204085719,0,0,both,True
grid_full_prefix,0.66,62,20081204101128,0,0,both,True
grid_full_prefix,0.66,62,20081205011235,88,88,both,True
grid_full_prefix,0.66,62,20081205023009,154,154,both,True
grid_full_prefix,0.66,62,20081205081804,154,154,both,True
grid_full_prefix,0.66,62,20081205082456,4,4,both,True
grid_full_prefix,0.66,62,20081205095048,0,0,both,True
grid_full_prefix,0.66,62,20081206040631,0,0,both,True
grid_full_prefix,0.66,62,20081206100322,0,0,both,True
grid_full_prefix,0.66,62,20081207023122,0,0,both,True
grid_full_prefix,0.66,62,20081207080318,0,0,both,True
grid_full_prefix,0.66,62,20081207082100,0,0,both,True
grid_full_prefix,0.66,62,20081207083840,0,0,both,True
grid_full_prefix,0.66,62,20081207085047,0,0,both,True
grid_full_prefix,0.66,62,20081207092914,0,0,both,True
grid_full_prefix,0.66,62,20081207110215,0,0,both,True
grid_full_prefix,0.66,62,20081208070512,0,0,both,True
grid_full_prefix,0.66,62,20081208095853,0,0,both,True
grid_full_prefix,0.66,62,20081208104810,0,0,both,True
grid_full_prefix,0.66,62,20081208110023,4,4,both,True
grid_full_prefix,0.66,62,20081209010002,49,49,both,True
grid_full_prefix,0.66,62,20081209083554,0,0,both,True
grid_full_prefix,0.66,62,20081209090839,0,0,both,True
grid_full_prefix,0.66,62,20081209093448,0,0,both,True
grid_full_prefix,0.66,62,20081209094610,0,0,both,True
grid_full_prefix,0.66,62,20081209123601,0,0,both,True
grid_full_prefix,0.66,62,20081210055344,0,0,both,True
grid_full_prefix,0.66,62,20081210084524,0,0,both,True
grid_full_prefix,0.66,62,20081210093042,0,0,both,True
grid_full_prefix,0.66,62,20081211013737,0,0,both,True
grid_full_prefix,0.66,62,20081211020211,0,0,both,True
grid_full_prefix,0.66,62,20081211035950,0,0,both,True
grid_full_prefix,0.66,62,20081211040737,0,0,both,True
grid_full_prefix,0.66,62,20081211051513,0,0,both,True
grid_full_prefix,0.66,62,20081212010000,159,159,both,True
grid_full_prefix,0.66,62,20081212011859,0,0,both,True
grid_full_prefix,0.66,62,20081212013950,0,0,both,True
grid_full_prefix,0.66,62,20081212082600,0,0,both,True
grid_full_prefix,0.66,62,20081212101946,0,0,both,True
grid_full_prefix,0.66,62,20081212102654,60,60,both,True
grid_full_prefix,0.66,62,20081212122437,0,0,both,True
grid_full_prefix,0.66,62,20081212123313,16,16,both,True
grid_full_prefix,0.66,62,20081212124756,3,3,both,True
grid_full_prefix,0.66,62,20081213031012,0,0,both,True
grid_full_prefix,0.66,62,20081213041039,0,0,both,True
grid_full_prefix,0.66,62,20081213083317,0,0,both,True
grid_full_prefix,0.66,62,20081213085201,20,20,both,True
grid_full_prefix,0.66,62,20081213101537,0,0,both,True
grid_full_prefix,0.66,62,20081213104202,0,0,both,True
grid_full_prefix,0.66,62,20081214013702,0,0,both,True
grid_full_prefix,0.66,62,20081214032551,0,0,both,True
grid_full_prefix,0.66,62,20081215032028,49,49,both,True
grid_full_prefix,0.66,62,20081215035525,153,153,both,True
grid_full_prefix,0.66,65,20111001075633,0,0,both,True
grid_full_prefix,0.66,65,20111001163901,17,17,both,True
grid_full_prefix,0.66,65,20111003025152,17,17,both,True
grid_full_prefix,0.66,65,20111004071203,17,17,both,True
grid_full_prefix,0.66,65,20111005004827,0,0,both,True
grid_full_prefix,0.66,65,20111005143605,17,17,both,True
grid_full_prefix,0.66,65,20111006041158,17,17,both,True
grid_full_prefix,0.66,65,20111008004733,9,9,both,True
grid_full_prefix,0.66,65,20111008134933,17,17,both,True
grid_full_prefix,0.66,65,20111009012500,0,0,both,True
grid_full_prefix,0.66,65,20111009120503,0,0,both,True
grid_full_prefix,0.66,65,20111010010951,9,9,both,True
grid_full_prefix,0.66,65,20111010105222,0,0,both,True
grid_full_prefix,0.66,65,20111011011203,9,9,both,True
grid_full_prefix,0.66,65,20111012120903,17,17,both,True
grid_full_prefix,0.66,65,20111013010933,9,9,both,True
grid_full_prefix,0.66,65,20111014005928,9,9,both,True
grid_full_prefix,0.66,65,20111014095751,0,0,both,True
grid_full_prefix,0.66,65,20111015014827,9,9,both,True
grid_full_prefix,0.66,65,20111016005657,17,17,both,True
grid_full_prefix,0.66,65,20111018004457,9,9,both,True
grid_full_prefix,0.66,65,20111018080247,0,0,both,True
grid_full_prefix,0.66,65,20111019004851,9,9,both,True
grid_full_prefix,0.66,65,20111022024141,0,0,both,True
grid_full_prefix,0.66,65,20111023043229,17,17,both,True
grid_full_prefix,0.66,65,20111024012351,9,9,both,True
grid_full_prefix,0.66,65,20111024120905,0,0,both,True
grid_full_prefix,0.66,65,20111025003027,9,9,both,True
grid_full_prefix,0.66,65,20111025085403,0,0,both,True
grid_full_prefix,0.66,65,20111027004021,9,9,both,True
grid_full_prefix,0.66,68,20090630205134,6,6,both,True
grid_full_prefix,0.66,68,20090701074905,0,0,both,True
grid_full_prefix,0.66,68,20090701181923,6,6,both,True
grid_full_prefix,0.66,68,20090702074805,0,0,both,True
grid_full_prefix,0.66,68,20090702205953,6,6,both,True
grid_full_prefix,0.66,68,20090703073758,0,0,both,True
grid_full_prefix,0.66,68,20090703185151,6,6,both,True
grid_full_prefix,0.66,68,20090704104258,6,6,both,True
grid_full_prefix,0.66,68,20090705105928,6,6,both,True
grid_full_prefix,0.66,68,20090705235905,0,0,both,True
grid_full_prefix,0.66,68,20090706064435,0,0,both,True
grid_full_prefix,0.66,68,20090706234533,0,0,both,True
grid_full_prefix,0.66,68,20090708001134,0,0,both,True
grid_full_prefix,0.66,68,20090708144605,6,6,both,True
grid_full_prefix,0.66,68,20090708233822,6,6,both,True
grid_full_prefix,0.66,68,20090709085503,6,6,both,True
grid_full_prefix,0.66,68,20090709143513,9,9,both,True
grid_full_prefix,0.66,68,20090709235104,0,0,both,True
grid_full_prefix,0.66,68,20090710090629,6,6,both,True
grid_full_prefix,0.66,68,20090711012705,0,0,both,True
grid_full_prefix,0.66,68,20090711092304,6,6,both,True
grid_full_prefix,0.66,68,20090712064105,6,6,both,True
grid_full_prefix,0.66,68,20090713045105,0,0,both,True
grid_full_prefix,0.66,68,20090713140828,0,0,both,True
grid_full_prefix,0.66,68,20090715002935,0,0,both,True
grid_full_prefix,0.66,68,20090715121905,6,6,both,True
grid_full_prefix,0.66,68,20090715215034,0,0,both,True
grid_full_prefix,0.66,68,20090716111259,0,0,both,True
grid_full_prefix,0.66,68,20090717074427,0,0,both,True
grid_full_prefix,0.66,68,20090717213805,0,0,both,True
grid_full_prefix,0.66,68,20090719030259,6,6,both,True
grid_full_prefix,0.66,68,20090719115152,6,6,both,True
grid_full_prefix,0.66,68,20090719235707,0,0,both,True
grid_full_prefix,0.66,68,20090720103922,8,8,both,True
grid_full_prefix,0.66,68,20090721111753,8,8,both,True
grid_full_prefix,0.66,68,20090722002059,9,9,both,True
grid_full_prefix,0.66,68,20090723022153,6,6,both,True
grid_full_prefix,0.66,68,20090724024547,0,0,both,True
grid_full_prefix,0.66,68,20090725024235,6,6,both,True
grid_full_prefix,0.66,68,20090726012536,0,0,both,True
grid_full_prefix,0.66,68,20090726133122,6,6,both,True
grid_full_prefix,0.66,68,20090727033605,0,0,both,True
grid_full_prefix,0.66,68,20090728003024,6,6,both,True
grid_full_prefix,0.66,68,20090728235053,4,4,both,True
grid_full_prefix,0.66,68,20090730024623,0,0,both,True
grid_full_prefix,0.66,68,20090731022320,0,0,both,True
grid_full_prefix,0.66,68,20090801004504,0,0,both,True
grid_full_prefix,0.66,68,20090802072835,6,6,both,True
grid_full_prefix,0.66,68,20090803092652,6,6,both,True
grid_full_prefix,0.66,68,20090803220235,6,6,both,True
grid_full_prefix,0.66,68,20090805041404,6,6,both,True
grid_full_prefix,0.66,68,20090805190322,6,6,both,True
grid_full_prefix,0.66,68,20090807023405,6,6,both,True
grid_full_prefix,0.66,68,20090808053222,6,6,both,True
grid_full_prefix,0.66,68,20090809094405,6,6,both,True
grid_full_prefix,0.66,68,20090810032021,6,6,both,True
grid_full_prefix,0.66,68,20090810183104,8,8,both,True
grid_full_prefix,0.66,68,20090813015422,6,6,both,True
grid_full_prefix,0.66,68,20090814072529,0,0,both,True
grid_full_prefix,0.66,68,20090814181033,6,6,both,True
grid_full_prefix,0.66,68,20090816052035,0,0,both,True
grid_full_prefix,0.66,68,20090816134451,6,6,both,True
grid_full_prefix,0.66,68,20090817104629,6,6,both,True
grid_full_prefix,0.66,68,20090818012535,6,6,both,True
grid_full_prefix,0.66,68,20090818101222,6,6,both,True
grid_full_prefix,0.66,68,20090819010505,6,6,both,True
grid_full_prefix,0.66,68,20090819122858,0,0,both,True
grid_full_prefix,0.66,68,20090820004357,6,6,both,True
grid_full_prefix,0.66,68,20090821091927,6,6,both,True
grid_full_prefix,0.66,68,20090822103421,6,6,both,True
grid_full_prefix,0.66,68,20090823073459,6,6,both,True
grid_full_prefix,0.66,68,20090824010435,6,6,both,True
grid_full_prefix,0.66,68,20090825064227,0,0,both,True
grid_full_prefix,0.66,68,20090826003333,0,0,both,True
grid_full_prefix,0.66,68,20090826122919,6,6,both,True
grid_full_prefix,0.66,68,20090827024729,0,0,both,True
grid_full_prefix,0.66,68,20090827110635,6,6,both,True
grid_full_prefix,0.66,68,20090828015903,0,0,both,True
grid_full_prefix,0.66,68,20090828100904,6,6,both,True
grid_full_prefix,0.66,68,20090829060159,6,6,both,True
grid_full_prefix,0.66,68,20090830053605,6,6,both,True
grid_full_prefix,0.66,68,20090831010452,6,6,both,True
grid_full_prefix,0.66,68,20090902004959,6,6,both,True
grid_full_prefix,0.66,68,20090904000334,0,0,both,True
grid_full_prefix,0.66,68,20090905031005,0,0,both,True
grid_full_prefix,0.66,68,20090905120929,0,0,both,True
grid_full_prefix,0.66,68,20090906022616,6,6,both,True
grid_full_prefix,0.66,68,20090906023120,6,6,both,True
grid_full_prefix,0.66,68,20090907000653,0,0,both,True
grid_full_prefix,0.66,68,20090907142605,6,6,both,True
grid_full_prefix,0.66,68,20090907233334,0,0,both,True
grid_full_prefix,0.66,68,20090908133634,0,0,both,True
grid_full_prefix,0.66,68,20090908234334,0,0,both,True
grid_full_prefix,0.66,68,20090909081304,6,6,both,True
grid_full_prefix,0.66,68,20090909235503,0,0,both,True
grid_full_prefix,0.66,68,20090910235728,0,0,both,True
grid_full_prefix,0.66,68,20090912021805,6,6,both,True
grid_full_prefix,0.66,68,20090912121851,0,0,both,True
grid_full_prefix,0.66,68,20090913013234,6,6,both,True
grid_full_prefix,0.66,71,20120401025128,1,1,both,True
grid_full_prefix,0.66,71,20120404051527,1,1,both,True
grid_full_prefix,0.66,71,20120407094504,1,1,both,True
grid_full_prefix,0.66,71,20120409015352,1,1,both,True
grid_full_prefix,0.66,71,20120409053858,2,2,both,True
grid_full_prefix,0.66,71,20120409130704,1,1,both,True
grid_full_prefix,0.66,71,20120412113604,2,2,both,True
grid_full_prefix,0.66,71,20120412235005,1,1,both,True
grid_full_prefix,0.66,71,20120414034358,1,1,both,True
grid_full_prefix,0.66,71,20120417092818,2,2,both,True
grid_full_prefix,0.66,71,20120419011052,1,1,both,True
grid_full_prefix,0.66,71,20120425150728,2,2,both,True
grid_full_prefix,0.66,71,20120426013640,1,1,both,True
grid_full_prefix,0.66,71,20120430083558,2,2,both,True
grid_full_prefix,0.66,71,20120504232458,0,0,both,True
grid_full_prefix,0.66,71,20120511140034,2,2,both,True
grid_full_prefix,0.66,71,20120513150457,2,2,both,True
grid_full_prefix,0.66,71,20120513230847,1,1,both,True
grid_full_prefix,0.66,85,20090614025506,2,2,both,True
grid_full_prefix,0.66,85,20090614121829,9,9,both,True
grid_full_prefix,0.66,85,20090615013707,39,39,both,True
grid_full_prefix,0.66,85,20090617020536,39,39,both,True
grid_full_prefix,0.66,85,20090617090807,9,9,both,True
grid_full_prefix,0.66,85,20090618065134,7,7,both,True
grid_full_prefix,0.66,85,20090619011407,39,39,both,True
grid_full_prefix,0.66,85,20090619093937,9,9,both,True
grid_full_prefix,0.66,85,20090620025025,39,39,both,True
grid_full_prefix,0.66,85,20090622012237,39,39,both,True
grid_full_prefix,0.66,85,20090622093855,9,9,both,True
grid_full_prefix,0.66,85,20090623011429,9,9,both,True
grid_full_prefix,0.66,85,20090623232900,9,9,both,True
grid_full_prefix,0.66,85,20090623233655,39,39,both,True
grid_full_prefix,0.66,85,20090624084534,9,9,both,True
grid_full_prefix,0.66,85,20090625234631,39,39,both,True
grid_full_prefix,0.66,85,20090626091732,7,7,both,True
grid_full_prefix,0.66,85,20090627014225,39,39,both,True
grid_full_prefix,0.66,85,20090627104937,9,9,both,True
grid_full_prefix,0.66,85,20090627235736,39,39,both,True
grid_full_prefix,0.66,85,20090629012308,39,39,both,True
grid_full_prefix,0.66,85,20090629092537,9,9,both,True
grid_full_prefix,0.66,85,20090701002752,39,39,both,True
grid_full_prefix,0.66,85,20090701012444,39,39,both,True
grid_full_prefix,0.66,85,20090701090337,9,9,both,True
grid_full_prefix,0.66,85,20090702013158,7,7,both,True
grid_full_prefix,0.66,85,20090703011734,9,9,both,True
grid_full_prefix,0.66,85,20090703012649,39,39,both,True
grid_full_prefix,0.66,85,20090703082122,9,9,both,True
grid_full_prefix,0.66,85,20090703231838,39,39,both,True
grid_full_prefix,0.66,85,20090705042531,13,13,both,True
grid_full_prefix,0.66,85,20090705224406,2,2,both,True
grid_full_prefix,0.66,85,20090706091838,7,7,both,True
grid_full_prefix,0.66,85,20090706230438,2,2,both,True
grid_full_prefix,0.66,85,20090707090828,7,7,both,True
grid_full_prefix,0.66,85,20090707225636,2,2,both,True
grid_full_prefix,0.66,85,20090708103205,9,9,both,True
grid_full_prefix,0.66,85,20090728224637,2,2,both,True
grid_full_prefix,0.66,85,20090729094626,7,7,both,True
grid_full_prefix,0.66,85,20090729224538,2,2,both,True
grid_full_prefix,0.66,85,20090731012359,14,14,both,True
grid_full_prefix,0.66,85,20090731143502,39,39,both,True
grid_full_prefix,0.66,85,20090731144247,53,53,both,True
grid_full_prefix,0.66,85,20090803041141,0,0,both,True
grid_full_prefix,0.66,85,20090806224424,37,37,both,True
grid_full_prefix,0.66,85,20090806224944,9,9,both,True
grid_full_prefix,0.66,85,20090808054506,7,7,both,True
grid_full_prefix,0.66,85,20090810010623,9,9,both,True
grid_full_prefix,0.66,85,20090811003034,7,7,both,True
grid_full_prefix,0.66,85,20090811112747,39,39,both,True
grid_full_prefix,0.66,85,20090812004828,9,9,both,True
grid_full_prefix,0.66,85,20090812113901,9,9,both,True
grid_full_prefix,0.66,85,20090815062008,9,9,both,True
grid_full_prefix,0.66,85,20090819113327,39,39,both,True
grid_full_prefix,0.66,85,20090821113358,39,39,both,True
grid_full_prefix,0.66,85,20090823235050,9,9,both,True
grid_full_prefix,0.66,85,20090824104328,7,7,both,True
grid_full_prefix,0.66,85,20090825112752,39,39,both,True
grid_full_prefix,0.66,85,20090826004628,9,9,both,True
grid_full_prefix,0.66,85,20090826120059,39,39,both,True
grid_full_prefix,0.66,85,20090827005251,9,9,both,True
grid_full_prefix,0.66,85,20090827133834,39,39,both,True
grid_full_prefix,0.66,85,20090831000922,9,9,both,True
grid_full_prefix,0.66,85,20090831113328,9,9,both,True
grid_full_prefix,0.66,85,20090831234852,9,9,both,True
grid_full_prefix,0.66,85,20090901110034,37,37,both,True
grid_full_prefix,0.66,85,20090902012058,9,9,both,True
grid_full_prefix,0.66,85,20090902084004,7,7,both,True
grid_full_prefix,0.66,85,20090903104733,7,7,both,True
grid_full_prefix,0.66,85,20090907010827,9,9,both,True
grid_full_prefix,0.66,85,20090907132604,39,39,both,True
grid_full_prefix,0.66,85,20090908003822,9,9,both,True
grid_full_prefix,0.66,85,20090908112534,39,39,both,True
grid_full_prefix,0.66,85,20090908120539,39,39,both,True
grid_full_prefix,0.66,85,20090909004052,9,9,both,True
grid_full_prefix,0.66,85,20090909114334,39,39,both,True
grid_full_prefix,0.66,85,20090910011022,9,9,both,True
grid_full_prefix,0.66,85,20090910111233,39,39,both,True
grid_full_prefix,0.66,85,20090911004404,9,9,both,True
grid_full_prefix,0.66,85,20090911105604,39,39,both,True
grid_full_prefix,0.66,85,20090912064500,9,9,both,True
grid_full_prefix,0.66,85,20090913233334,9,9,both,True
grid_full_prefix,0.66,85,20090914142328,39,39,both,True
grid_full_prefix,0.66,85,20090915122804,39,39,both,True
grid_full_prefix,0.66,85,20090915235904,9,9,both,True
grid_full_prefix,0.66,85,20090916114222,39,39,both,True
grid_full_prefix,0.66,85,20090917000404,9,9,both,True
grid_full_prefix,0.66,85,20090917140604,39,39,both,True
grid_full_prefix,0.66,85,20090918004028,9,9,both,True
grid_full_prefix,0.66,85,20090918103558,39,39,both,True
grid_full_prefix,0.66,85,20090920235003,9,9,both,True
grid_full_prefix,0.66,85,20090921114804,39,39,both,True
grid_full_prefix,0.66,85,20090922005527,9,9,both,True
grid_full_prefix,0.66,85,20090922112322,39,39,both,True
grid_full_prefix,0.66,85,20090923004734,9,9,both,True
grid_full_prefix,0.66,85,20090923114133,7,7,both,True
grid_full_prefix,0.66,85,20090924003152,9,9,both,True
grid_full_prefix,0.66,85,20090924102917,39,39,both,True
grid_full_prefix,0.66,85,20090925010022,9,9,both,True
grid_full_prefix,0.66,85,20090925110722,39,39,both,True
grid_full_prefix,0.66,85,20090927005434,9,9,both,True
grid_full_prefix,0.66,85,20090927113103,39,39,both,True
grid_full_prefix,0.66,85,20090928005404,9,9,both,True
grid_full_prefix,0.66,85,20090928104630,39,39,both,True
grid_full_prefix,0.66,88,20081008230701,1,1,both,True
grid_full_prefix,0.66,88,20081009110224,0,0,both,True
grid_full_prefix,0.66,88,20081010083431,0,0,both,True
grid_full_prefix,0.66,88,20081010093335,4,4,both,True
grid_full_prefix,0.66,88,20081011042923,4,4,both,True
grid_full_prefix,0.66,88,20081011060634,1,1,both,True
grid_full_prefix,0.66,88,20081011065339,0,0,both,True
grid_full_prefix,0.66,88,20081011085649,4,4,both,True
grid_full_prefix,0.66,88,20081012062217,4,4,both,True
grid_full_prefix,0.66,88,20081012070422,1,1,both,True
grid_full_prefix,0.66,88,20081012074052,1,1,both,True
grid_full_prefix,0.66,88,20081012075807,4,4,both,True
grid_full_prefix,0.66,89,20080608133334,16,16,both,True
grid_full_prefix,0.66,89,20080630042612,1,1,both,True
grid_full_prefix,0.66,89,20080630112527,0,0,both,True
grid_full_prefix,0.66,89,20080701013734,1,1,both,True
grid_full_prefix,0.66,89,20080701152128,0,0,both,True
grid_full_prefix,0.66,89,20080702024722,1,1,both,True
grid_full_prefix,0.66,89,20080702111733,0,0,both,True
grid_full_prefix,0.66,89,20080703232504,1,1,both,True
grid_full_prefix,0.66,89,20080704113017,0,0,both,True
grid_full_prefix,0.66,89,20080707015234,1,1,both,True
grid_full_prefix,0.66,89,20080707111403,0,0,both,True
grid_full_prefix,0.66,89,20080708040557,1,1,both,True
grid_full_prefix,0.66,89,20080708112620,0,0,both,True
grid_full_prefix,0.66,89,20080710112328,0,0,both,True
grid_full_prefix,0.66,89,20080801060709,3,3,both,True
grid_full_prefix,0.66,91,20071225091747,2,2,both,True
grid_full_prefix,0.66,91,20071226090757,1,1,both,True
grid_full_prefix,0.66,91,20071226222755,0,0,both,True
grid_full_prefix,0.66,91,20071229205638,0,0,both,True
grid_full_prefix,0.66,91,20071230151046,2,2,both,True
grid_full_prefix,0.66,91,20071231224803,0,0,both,True
grid_full_prefix,0.66,91,20080101092300,1,1,both,True
grid_full_prefix,0.66,91,20080103223737,0,0,both,True
grid_full_prefix,0.66,91,20080104094315,7,7,both,True
grid_full_prefix,0.66,91,20080104230531,0,0,both,True
grid_full_prefix,0.66,91,20080105133207,1,1,both,True
grid_full_prefix,0.66,91,20080106220745,0,0,both,True
grid_full_prefix,0.66,91,20080107095553,3,3,both,True
grid_full_prefix,0.66,91,20080107215023,0,0,both,True
grid_full_prefix,0.66,91,20080108092013,1,1,both,True
grid_full_prefix,0.66,91,20080108230737,0,0,both,True
grid_full_prefix,0.66,91,20080109222750,0,0,both,True
grid_full_prefix,0.66,91,20080110083725,2,2,both,True
grid_full_prefix,0.66,91,20080110221246,0,0,both,True
grid_full_prefix,0.66,91,20080111220619,0,0,both,True
grid_full_prefix,0.66,91,20080114222434,0,0,both,True
grid_full_prefix,0.66,91,20080115080303,0,0,both,True
grid_full_prefix,0.66,91,20080118230907,0,0,both,True
grid_full_prefix,0.66,92,20080609070837,3,3,both,True
grid_full_prefix,0.66,92,20080615000608,25,25,both,True
grid_full_prefix,0.66,92,20080615074701,3,3,both,True
grid_full_prefix,0.66,92,20080620065746,3,3,both,True
grid_full_prefix,0.66,92,20080620073920,3,3,both,True
grid_full_prefix,0.66,92,20080621132447,3,3,both,True
grid_full_prefix,0.66,92,20080621171637,3,3,both,True
grid_full_prefix,0.66,92,20080626112007,3,3,both,True
grid_full_prefix,0.66,92,20080626181626,3,3,both,True
grid_full_prefix,0.66,92,20080629095405,3,3,both,True
grid_full_prefix,0.66,92,20080703052933,3,3,both,True
grid_full_prefix,0.66,92,20080703142414,3,3,both,True
grid_full_prefix,0.66,92,20080705083321,25,25,both,True
grid_full_prefix,0.66,92,20080705191801,3,3,both,True
grid_full_prefix,0.66,92,20080707094314,3,3,both,True
grid_full_prefix,0.66,92,20080710083328,7,7,both,True
grid_full_prefix,0.66,92,20080714074403,30,30,both,True
grid_full_prefix,0.66,92,20080715131602,7,7,both,True
grid_full_prefix,0.66,92,20080715132532,25,25,both,True
grid_full_prefix,0.66,92,20080718073025,17,17,both,True
grid_full_prefix,0.66,92,20080719182301,3,3,both,True
grid_full_prefix,0.66,92,20080720155229,3,3,both,True
grid_full_prefix,0.66,92,20080721072245,15,15,both,True
grid_full_prefix,0.66,92,20080721174236,3,3,both,True
grid_full_prefix,0.66,92,20080723191215,3,3,both,True
grid_full_prefix,0.66,92,20080725173515,3,3,both,True
grid_full_prefix,0.66,92,20080728072301,3,3,both,True
grid_full_prefix,0.66,92,20080730161553,3,3,both,True
grid_full_prefix,0.66,92,20080802183007,9,9,both,True
grid_full_prefix,0.66,92,20080804123326,17,17,both,True
grid_full_prefix,0.66,92,20080806073008,17,17,both,True
grid_full_prefix,0.66,92,20080806235848,9,9,both,True
grid_full_prefix,0.66,92,20080811072411,3,3,both,True
grid_full_prefix,0.66,92,20080812073233,15,15,both,True
grid_full_prefix,0.66,92,20080813073848,17,17,both,True
grid_full_prefix,0.66,92,20080814074950,36,36,both,True
grid_full_prefix,0.66,96,20081026021723,0,0,both,True
grid_full_prefix,0.66,96,20081026113752,1,1,both,True
grid_full_prefix,0.66,96,20081027012336,1,1,both,True
grid_full_prefix,0.66,96,20081027052305,0,0,both,True
grid_full_prefix,0.66,96,20081027060537,1,1,both,True
grid_full_prefix,0.66,96,20081028111959,1,1,both,True
grid_full_prefix,0.66,96,20081030135435,1,1,both,True
grid_full_prefix,0.66,96,20081101013523,1,1,both,True
grid_full_prefix,0.66,96,20081105141854,1,1,both,True
grid_full_prefix,0.66,96,20081106023054,1,1,both,True
grid_full_prefix,0.66,96,20081107090836,1,1,both,True
grid_full_prefix,0.66,96,20081109014530,1,1,both,True
grid_full_prefix,0.66,96,20081109120329,1,1,both,True
grid_full_prefix,0.66,96,20081114044453,0,0,both,True
grid_full_prefix,0.66,96,20081115015705,1,1,both,True
grid_full_prefix,0.66,96,20081115105653,1,1,both,True
grid_full_prefix,0.66,96,20081116065153,1,1,both,True
grid_full_prefix,0.66,96,20081117023535,0,0,both,True
grid_full_prefix,0.66,96,20081117030757,1,1,both,True
grid_full_prefix,0.66,96,20081128113925,1,1,both,True
grid_full_prefix,0.66,96,20081129015805,0,0,both,True
grid_full_prefix,0.66,96,20081201120252,1,1,both,True
grid_full_prefix,0.66,96,20081203134752,1,1,both,True
grid_full_prefix,0.66,96,20081205054605,0,0,both,True
grid_full_prefix,0.66,96,20081208033705,0,0,both,True
grid_full_prefix,0.66,96,20081210094559,1,1,both,True
grid_full_prefix,0.66,96,20081211005853,0,0,both,True
grid_full_prefix,0.66,101,20080402055227,5,5,both,True
grid_full_prefix,0.66,101,20080402064856,5,5,both,True
grid_full_prefix,0.66,101,20080402125307,5,5,both,True
grid_full_prefix,0.66,101,20080402130216,5,5,both,True
grid_full_prefix,0.66,101,20080406052656,5,5,both,True
grid_full_prefix,0.66,101,20080407030128,5,5,both,True
grid_full_prefix,0.66,101,20080411121437,5,5,both,True
grid_full_prefix,0.66,101,20080418035836,5,5,both,True
grid_full_prefix,0.66,101,20080507062347,5,5,both,True
grid_full_prefix,0.66,101,20080507070528,5,5,both,True
grid_full_prefix,0.66,101,20080509115416,5,5,both,True
grid_full_prefix,0.66,101,20080522095436,5,5,both,True
grid_full_prefix,0.66,101,20080629025234,5,5,both,True
grid_full_prefix,0.66,101,20080629063734,5,5,both,True
grid_full_prefix,0.66,101,20080629075340,5,5,both,True
grid_full_prefix,0.66,101,20080629121541,5,5,both,True
grid_full_prefix,0.66,103,20080916044613,0,0,both,True
grid_full_prefix,0.66,103,20080916101236,0,0,both,True
grid_full_prefix,0.66,103,20080917110637,2,2,both,True
grid_full_prefix,0.66,103,20080917135224,2,2,both,True
grid_full_prefix,0.66,103,20080917231611,2,2,both,True
grid_full_prefix,0.66,103,20080918042849,0,0,both,True
grid_full_prefix,0.66,103,20080918070148,0,0,both,True
grid_full_prefix,0.66,103,20080919061140,0,0,both,True
grid_full_prefix,0.66,103,20080919070700,0,0,both,True
grid_full_prefix,0.66,103,20080919092921,0,0,both,True
grid_full_prefix,0.66,103,20080920061016,2,2,both,True
grid_full_prefix,0.66,103,20080920104637,2,2,both,True
grid_full_prefix,0.66,112,20080625011601,0,0,both,True
grid_full_prefix,0.66,112,20080625172633,18,18,both,True
grid_full_prefix,0.66,112,20080626031425,0,0,both,True
grid_full_prefix,0.66,112,20080626165615,18,18,both,True
grid_full_prefix,0.66,112,20080627103629,18,18,both,True
grid_full_prefix,0.66,112,20080628100846,0,0,both,True
grid_full_prefix,0.66,112,20080628165309,18,18,both,True
grid_full_prefix,0.66,112,20080629004633,28,28,both,True
grid_full_prefix,0.66,112,20080629043556,0,0,both,True
grid_full_prefix,0.66,112,20080629165831,18,18,both,True
grid_full_prefix,0.66,112,20080630015803,0,0,both,True
grid_full_prefix,0.66,112,20080630160716,18,18,both,True
grid_full_prefix,0.66,112,20080701052937,32,32,both,True
grid_full_prefix,0.66,112,20080701194739,18,18,both,True
grid_full_prefix,0.66,112,20080702020309,0,0,both,True
grid_full_prefix,0.66,112,20080702161309,18,18,both,True
grid_full_prefix,0.66,112,20080703015604,0,0,both,True
grid_full_prefix,0.66,112,20080703153003,18,18,both,True
grid_full_prefix,0.66,112,20080704021011,0,0,both,True
grid_full_prefix,0.66,112,20080704171509,18,18,both,True
grid_full_prefix,0.66,112,20080705053420,0,0,both,True
grid_full_prefix,0.66,112,20080705164758,18,18,both,True
grid_full_prefix,0.66,112,20080706014330,0,0,both,True
grid_full_prefix,0.66,112,20080706083034,0,0,both,True
grid_full_prefix,0.66,112,20080706173438,18,18,both,True
grid_full_prefix,0.66,112,20080707022437,0,0,both,True
grid_full_prefix,0.66,112,20080707162139,18,18,both,True
grid_full_prefix,0.66,112,20080708162052,18,18,both,True
grid_full_prefix,0.66,112,20080709012639,0,0,both,True
grid_full_prefix,0.66,112,20080709171521,18,18,both,True
grid_full_prefix,0.66,112,20080710022932,0,0,both,True
grid_full_prefix,0.66,112,20080710095337,18,18,both,True
grid_full_prefix,0.66,112,20080710114615,0,0,both,True
grid_full_prefix,0.66,112,20080711020311,0,0,both,True
grid_full_prefix,0.66,112,20080713004126,28,28,both,True
grid_full_prefix,0.66,112,20080713064523,0,0,both,True
grid_full_prefix,0.66,112,20080713093807,18,18,both,True
grid_full_prefix,0.66,112,20080713162846,18,18,both,True
grid_full_prefix,0.66,112,20080715125857,18,18,both,True
grid_full_prefix,0.66,112,20080715141929,18,18,both,True
grid_full_prefix,0.66,112,20080715165809,18,18,both,True
grid_full_prefix,0.66,112,20080716020639,0,0,both,True
grid_full_prefix,0.66,112,20080716103338,0,0,both,True
grid_full_prefix,0.66,112,20080716154342,18,18,both,True
grid_full_prefix,0.66,112,20080717012048,0,0,both,True
grid_full_prefix,0.66,112,20080717152304,18,18,both,True
grid_full_prefix,0.66,112,20080718013204,0,0,both,True
grid_full_prefix,0.66,119,20080922003552,0,0,both,True
grid_full_prefix,0.66,119,20080922141505,0,0,both,True
grid_full_prefix,0.66,119,20080923103305,0,0,both,True
grid_full_prefix,0.66,119,20080924010734,0,0,both,True
grid_full_prefix,0.66,119,20080925002004,0,0,both,True
grid_full_prefix,0.66,119,20080927005205,0,0,both,True
grid_full_prefix,0.66,119,20080927125153,0,0,both,True
grid_full_prefix,0.66,119,20080930070335,3,3,both,True
grid_full_prefix,0.66,119,20080930075522,0,0,both,True
grid_full_prefix,0.66,119,20081005041023,0,0,both,True
grid_full_prefix,0.66,119,20081006001735,0,0,both,True
grid_full_prefix,0.66,126,20081212033806,4,4,both,True
grid_full_prefix,0.66,126,20081213004659,4,4,both,True
grid_full_prefix,0.66,126,20081214061053,4,4,both,True
grid_full_prefix,0.66,126,20081215091804,4,4,both,True
grid_full_prefix,0.66,126,20081215092501,4,4,both,True
grid_full_prefix,0.66,126,20081216145734,11,11,both,True
grid_full_prefix,0.66,126,20081217012730,4,4,both,True
grid_full_prefix,0.66,126,20081220053722,5,5,both,True
grid_full_prefix,0.66,126,20081221091036,11,11,both,True
grid_full_prefix,0.66,126,20081222152354,11,11,both,True
grid_full_prefix,0.66,126,20081223021508,4,4,both,True
grid_full_prefix,0.66,126,20081223114649,4,4,both,True
grid_full_prefix,0.66,126,20081224083759,5,5,both,True
grid_full_prefix,0.66,126,20081224150332,11,11,both,True
grid_full_prefix,0.66,126,20081225013437,4,4,both,True
grid_full_prefix,0.66,126,20081225175024,11,11,both,True
grid_full_prefix,0.66,126,20081226014209,4,4,both,True
grid_full_prefix,0.66,126,20081228032227,11,11,both,True
grid_full_prefix,0.66,126,20081228171208,11,11,both,True
grid_full_prefix,0.66,126,20081229023536,4,4,both,True
grid_full_prefix,0.66,126,20081229160739,11,11,both,True
grid_full_prefix,0.66,126,20081231100109,4,4,both,True
grid_full_prefix,0.66,126,20090101140537,11,11,both,True
grid_full_prefix,0.66,126,20090106101155,11,11,both,True
grid_full_prefix,0.66,126,20090111132534,11,11,both,True
grid_full_prefix,0.66,126,20090112034936,4,4,both,True
grid_full_prefix,0.66,126,20090112162902,11,11,both,True
grid_full_prefix,0.66,126,20090113015238,11,11,both,True
grid_full_prefix,0.66,126,20090114122432,4,4,both,True
grid_full_prefix,0.66,126,20090115014729,5,5,both,True
grid_full_prefix,0.66,126,20090116023156,4,4,both,True
grid_full_prefix,0.66,126,20090116161154,11,11,both,True
grid_full_prefix,0.66,126,20090117023705,4,4,both,True
grid_full_prefix,0.66,126,20090118041307,11,11,both,True
grid_full_prefix,0.66,126,20090118143859,5,5,both,True
grid_full_prefix,0.66,126,20090119070358,4,4,both,True
grid_full_prefix,0.66,126,20090120055508,4,4,both,True
grid_full_prefix,0.66,126,20090121064258,4,4,both,True
grid_full_prefix,0.66,126,20090121183707,11,11,both,True
grid_full_prefix,0.66,126,20090122050259,5,5,both,True
grid_full_prefix,0.66,126,20090124035138,4,4,both,True
grid_full_prefix,0.66,126,20090125020229,4,4,both,True
grid_full_prefix,0.66,126,20090126054447,4,4,both,True
grid_full_prefix,0.66,126,20090128035001,4,4,both,True
grid_full_prefix,0.66,126,20090202105828,11,11,both,True
grid_full_prefix,0.66,126,20090203063004,4,4,both,True
grid_full_prefix,0.66,126,20090203143356,11,11,both,True
grid_full_prefix,0.66,126,20090204035659,4,4,both,True
grid_full_prefix,0.66,126,20090205033759,4,4,both,True
grid_full_prefix,0.66,126,20090206055100,4,4,both,True
grid_full_prefix,0.66,126,20090207004237,4,4,both,True
grid_full_prefix,0.66,126,20090207103659,11,11,both,True
grid_full_prefix,0.66,126,20090208012352,5,5,both,True
grid_full_prefix,0.66,126,20090210154623,11,11,both,True
grid_full_prefix,0.66,126,20090211044036,4,4,both,True
grid_full_prefix,0.66,126,20090213025810,4,4,both,True
grid_full_prefix,0.66,126,20090214035934,11,11,both,True
grid_full_prefix,0.66,126,20090215103622,5,5,both,True
grid_full_prefix,0.66,126,20090215180922,11,11,both,True
grid_full_prefix,0.66,126,20090216032915,4,4,both,True
grid_full_prefix,0.66,126,20090216172536,11,11,both,True
grid_full_prefix,0.66,126,20090217015359,4,4,both,True
grid_full_prefix,0.66,126,20090222102105,4,4,both,True
grid_full_prefix,0.66,134,20080103185715,4,4,both,True
grid_full_prefix,0.66,134,20080104192055,1,1,both,True
grid_full_prefix,0.66,134,20080105101716,0,0,both,True
grid_full_prefix,0.66,134,20080105224708,1,1,both,True
grid_full_prefix,0.66,134,20080107232831,4,4,both,True
grid_full_prefix,0.66,134,20080109110907,0,0,both,True
grid_full_prefix,0.66,134,20080111104704,0,0,both,True
grid_full_prefix,0.66,134,20080123204917,1,1,both,True
grid_full_prefix,0.66,134,20080124232414,1,1,both,True
grid_full_prefix,0.66,134,20080125214105,1,1,both,True
grid_full_prefix,0.66,134,20080126201731,1,1,both,True
grid_full_prefix,0.66,134,20080128232012,4,4,both,True
grid_full_prefix,0.66,134,20080131181918,0,0,both,True
grid_full_prefix,0.66,134,20080201122139,1,1,both,True
grid_full_prefix,0.66,134,20080204234133,1,1,both,True
grid_full_prefix,0.66,134,20080205091700,0,0,both,True
grid_full_prefix,0.66,144,20090320105734,8,8,both,True
grid_full_prefix,0.66,144,20090320220234,77,77,both,True
grid_full_prefix,0.66,144,20090321083221,39,39,both,True
grid_full_prefix,0.66,144,20090322014034,39,39,both,True
grid_full_prefix,0.66,144,20090323015052,39,39,both,True
grid_full_prefix,0.66,144,20090324004422,39,39,both,True
grid_full_prefix,0.66,144,20090326091104,8,8,both,True
grid_full_prefix,0.66,144,20090520102033,8,8,both,True
grid_full_prefix,0.66,144,20090521014154,16,16,both,True
grid_full_prefix,0.66,144,20090522002338,16,16,both,True
grid_full_prefix,0.66,144,20090522091556,8,8,both,True
grid_full_prefix,0.66,144,20090522221207,0,0,both,True
grid_full_prefix,0.66,144,20090525235137,8,8,both,True
grid_full_prefix,0.66,144,20090527145304,95,95,both,True
grid_full_prefix,0.66,144,20090529010040,97,97,both,True
grid_full_prefix,0.66,144,20090529232430,97,97,both,True
grid_full_prefix,0.66,144,20090531114801,8,8,both,True
grid_full_prefix,0.66,144,20090601112421,25,25,both,True
grid_full_prefix,0.66,144,20090601235432,25,25,both,True
grid_full_prefix,0.66,144,20090602235107,9,9,both,True
grid_full_prefix,0.66,144,20090603101837,8,8,both,True
grid_full_prefix,0.66,144,20090606065236,8,8,both,True
grid_full_prefix,0.66,144,20090607060603,16,16,both,True
grid_full_prefix,0.66,144,20090608235536,25,25,both,True
grid_full_prefix,0.66,144,20090609110322,25,25,both,True
grid_full_prefix,0.66,144,20090609235238,25,25,both,True
grid_full_prefix,0.66,144,20090613020636,98,98,both,True
grid_full_prefix,0.66,144,20090614073117,7,7,both,True
grid_full_prefix,0.66,144,20090614235131,9,9,both,True
grid_full_prefix,0.66,144,20090616024001,65,65,both,True
grid_full_prefix,0.66,144,20090616235600,16,16,both,True
grid_full_prefix,0.66,144,20090617102729,8,8,both,True
grid_full_prefix,0.66,144,20090620033405,70,70,both,True
grid_full_prefix,0.66,144,20090622113007,25,25,both,True
grid_full_prefix,0.66,144,20090622234605,9,9,both,True
grid_full_prefix,0.66,144,20090624235454,9,9,both,True
grid_full_prefix,0.66,144,20090625103805,8,8,both,True
grid_full_prefix,0.66,144,20090626000502,25,25,both,True
grid_full_prefix,0.66,144,20090627030407,87,87,both,True
grid_full_prefix,0.66,144,20090628061504,7,7,both,True
grid_full_prefix,0.66,144,20090628234833,9,9,both,True
grid_full_prefix,0.66,144,20090629235727,25,25,both,True
grid_full_prefix,0.66,144,20090701235103,9,9,both,True
grid_full_prefix,0.66,144,20090702235757,25,25,both,True
grid_full_prefix,0.66,144,20090704015352,71,71,both,True
grid_full_prefix,0.66,144,20090706033310,72,72,both,True
grid_full_prefix,0.66,144,20090707230534,74,74,both,True
grid_full_prefix,0.66,144,20090715203207,8,8,both,True
grid_full_prefix,0.66,144,20090715203922,123,123,both,True
grid_full_prefix,0.66,144,20090717111355,16,16,both,True
grid_full_prefix,0.66,144,20090719065636,86,86,both,True
grid_full_prefix,0.66,144,20090720000052,8,8,both,True
grid_full_prefix,0.66,144,20090722104535,8,8,both,True
grid_full_prefix,0.66,144,20090723102429,8,8,both,True
grid_full_prefix,0.66,144,20090723235233,25,25,both,True
grid_full_prefix,0.66,144,20090724100436,8,8,both,True
grid_full_prefix,0.66,144,20090725012937,68,68,both,True
grid_full_prefix,0.66,144,20090726084226,0,0,both,True
grid_full_prefix,0.66,144,20090726235306,9,9,both,True
grid_full_prefix,0.66,144,20090727110936,8,8,both,True
grid_full_prefix,0.66,144,20090728000707,16,16,both,True
grid_full_prefix,0.66,144,20090729001633,16,16,both,True
grid_full_prefix,0.66,144,20090729235433,9,9,both,True
grid_full_prefix,0.66,144,20090730104305,8,8,both,True
grid_full_prefix,0.66,144,20090731024535,67,67,both,True
grid_full_prefix,0.66,144,20090731233637,4,4,both,True
grid_full_prefix,0.66,144,20090802001036,3,3,both,True
grid_full_prefix,0.66,144,20090802235254,9,9,both,True
grid_full_prefix,0.66,144,20090803110500,25,25,both,True
grid_full_prefix,0.66,144,20090803235536,25,25,both,True
grid_full_prefix,0.66,144,20090804110750,8,8,both,True
grid_full_prefix,0.66,144,20090808060826,16,16,both,True
grid_full_prefix,0.66,144,20090808220159,43,43,both,True
grid_full_prefix,0.66,144,20090810235059,25,25,both,True
grid_full_prefix,0.66,144,20090811104834,89,89,both,True
grid_full_prefix,0.66,144,20090812100836,8,8,both,True
grid_full_prefix,0.66,144,20090813010535,16,16,both,True
grid_full_prefix,0.66,144,20090815031237,8,8,both,True
grid_full_prefix,0.66,144,20090816234933,9,9,both,True
grid_full_prefix,0.66,144,20090818104808,8,8,both,True
grid_full_prefix,0.66,144,20090819002103,16,16,both,True
grid_full_prefix,0.66,144,20090819093007,8,8,both,True
grid_full_prefix,0.66,144,20090819225202,77,77,both,True
grid_full_prefix,0.66,144,20090821003737,25,25,both,True
grid_full_prefix,0.66,144,20090821110053,8,8,both,True
grid_full_prefix,0.66,144,20090822075806,7,7,both,True
grid_full_prefix,0.66,144,20090823034437,8,8,both,True
grid_full_prefix,0.66,144,20090824101938,8,8,both,True
grid_full_prefix,0.66,144,20090825034334,35,35,both,True
grid_full_prefix,0.66,144,20090825235926,96,96,both,True
grid_full_prefix,0.66,144,20090827005038,96,96,both,True
grid_full_prefix,0.66,144,20090827114400,96,96,both,True
grid_full_prefix,0.66,144,20090828022936,21,21,both,True
grid_full_prefix,0.66,144,20090828154632,8,8,both,True
grid_full_prefix,0.66,144,20090830022303,67,67,both,True
grid_full_prefix,0.66,144,20090830235305,25,25,both,True
grid_full_prefix,0.66,144,20090903014903,25,25,both,True
grid_full_prefix,0.66,144,20090904034156,19,19,both,True
grid_full_prefix,0.66,144,20090905032524,8,8,both,True
grid_full_prefix,0.66,144,20090906023103,16,16,both,True
grid_full_prefix,0.66,144,20090906092908,8,8,both,True
grid_full_prefix,0.66,144,20090908234759,9,9,both,True
grid_full_prefix,0.66,144,20090909110407,8,8,both,True
grid_full_prefix,0.66,144,20090910004838,16,16,both,True
grid_full_prefix,0.66,144,20090911113635,8,8,both,True
grid_full_prefix,0.66,144,20090912053533,67,67,both,True
grid_full_prefix,0.66,144,20090913065703,8,8,both,True
grid_full_prefix,0.66,144,20090916001807,16,16,both,True
grid_full_prefix,0.66,144,20090916104304,8,8,both,True
grid_full_prefix,0.66,144,20090916234959,9,9,both,True
grid_full_prefix,0.66,144,20090917101935,8,8,both,True
grid_full_prefix,0.66,144,20090917235434,89,89,both,True
grid_full_prefix,0.66,144,20090918063018,8,8,both,True
grid_full_prefix,0.66,144,20090920052628,8,8,both,True
grid_full_prefix,0.66,144,20090920234831,25,25,both,True
grid_full_prefix,0.66,144,20090921102607,8,8,both,True
grid_full_prefix,0.66,144,20090921234959,25,25,both,True
grid_full_prefix,0.66,144,20090922235636,25,25,both,True
grid_full_prefix,0.66,144,20090923101746,86,86,both,True
grid_full_prefix,0.66,144,20090924054331,22,22,both,True
grid_full_prefix,0.66,147,20110429211108,3,3,both,True
grid_full_prefix,0.66,147,20110503092256,1,1,both,True
grid_full_prefix,0.66,147,20110503211058,3,3,both,True
grid_full_prefix,0.66,147,20110504090804,1,1,both,True
grid_full_prefix,0.66,147,20110504222727,3,3,both,True
grid_full_prefix,0.66,147,20110505093137,1,1,both,True
grid_full_prefix,0.66,147,20110509090537,1,1,both,True
grid_full_prefix,0.66,147,20110509213336,3,3,both,True
grid_full_prefix,0.66,147,20110510091728,1,1,both,True
grid_full_prefix,0.66,147,20110510220025,3,3,both,True
grid_full_prefix,0.66,147,20110511090033,1,1,both,True
grid_full_prefix,0.66,147,20110511220208,3,3,both,True
grid_full_prefix,0.66,147,20110512092100,1,1,both,True
grid_full_prefix,0.66,147,20110512213721,3,3,both,True
grid_full_prefix,0.66,147,20110513085630,1,1,both,True
grid_full_prefix,0.66,147,20110515092153,1,1,both,True
grid_full_prefix,0.66,147,20110516213330,3,3,both,True
grid_full_prefix,0.66,147,20110517221041,3,3,both,True
grid_full_prefix,0.66,147,20110518210025,3,3,both,True
grid_full_prefix,0.66,147,20110519084458,1,1,both,True
grid_full_prefix,0.66,168,20110808223334,5,5,both,True
grid_full_prefix,0.66,168,20110809130404,1,1,both,True
grid_full_prefix,0.66,168,20110809223728,5,5,both,True
grid_full_prefix,0.66,168,20110810114128,1,1,both,True
grid_full_prefix,0.66,168,20110810230703,1,1,both,True
grid_full_prefix,0.66,168,20110811111352,1,1,both,True
grid_full_prefix,0.66,168,20110813021333,1,1,both,True
grid_full_prefix,0.66,168,20110814082752,0,0,both,True
grid_full_prefix,0.66,168,20110814223234,5,5,both,True
grid_full_prefix,0.66,168,20110815094533,1,1,both,True
grid_full_prefix,0.66,168,20110815223434,5,5,both,True
grid_full_prefix,0.66,168,20110816121403,1,1,both,True
grid_full_prefix,0.66,168,20110816223828,5,5,both,True
grid_full_prefix,0.66,168,20110817113458,1,1,both,True
grid_full_prefix,0.66,168,20110817223957,5,5,both,True
grid_full_prefix,0.66,168,20110818101352,1,1,both,True
grid_full_prefix,0.66,168,20110820061322,5,5,both,True
grid_full_prefix,0.66,168,20110821223758,5,5,both,True
grid_full_prefix,0.66,168,20110822115552,1,1,both,True
grid_full_prefix,0.66,168,20110822224028,5,5,both,True
grid_full_prefix,0.66,168,20110823095558,1,1,both,True
grid_full_prefix,0.66,168,20110823224234,5,5,both,True
grid_full_prefix,0.66,168,20110824134528,1,1,both,True
grid_full_prefix,0.66,168,20110824224328,5,5,both,True
grid_full_prefix,0.66,179,20081021012324,9,9,both,True
grid_full_prefix,0.66,179,20081021110030,0,0,both,True
grid_full_prefix,0.66,179,20081026014505,0,0,both,True
grid_full_prefix,0.66,179,20081026113752,0,0,both,True
grid_full_prefix,0.66,179,20081027012336,9,9,both,True
grid_full_prefix,0.66,179,20081027123634,9,9,both,True
grid_full_prefix,0.66,179,20081027124519,0,0,both,True
grid_full_prefix,0.66,179,20081101013523,0,0,both,True
grid_full_prefix,0.66,179,20081106023054,0,0,both,True
grid_full_prefix,0.66,179,20081107090836,0,0,both,True
grid_full_prefix,0.66,179,20081109014530,0,0,both,True
grid_full_prefix,0.66,179,20081109120329,0,0,both,True
grid_full_prefix,0.66,179,20081115015705,9,9,both,True
grid_full_prefix,0.66,179,20081115105653,0,0,both,True
grid_full_prefix,0.66,179,20081116065153,0,0,both,True
grid_full_prefix,0.66,179,20081117025429,0,0,both,True
grid_full_prefix,0.66,179,20081117030421,0,0,both,True
grid_full_prefix,0.66,179,20081129015805,7,7,both,True
grid_full_prefix,0.75,0,20090603064302,0,0,both,True
grid_full_prefix,0.75,0,20090604053730,15,15,both,True
grid_full_prefix,0.75,0,20090605012707,4,4,both,True
grid_full_prefix,0.75,0,20090606060037,4,4,both,True
grid_full_prefix,0.75,0,20090607075255,4,4,both,True
grid_full_prefix,0.75,0,20090607163831,0,0,both,True
grid_full_prefix,0.75,0,20090608060034,4,4,both,True
grid_full_prefix,0.75,0,20090609002030,4,4,both,True
grid_full_prefix,0.75,0,20090610062438,0,0,both,True
grid_full_prefix,0.75,0,20090610223636,11,11,both,True
grid_full_prefix,0.75,0,20090611221204,0,0,both,True
grid_full_prefix,0.75,0,20090612072227,4,4,both,True
grid_full_prefix,0.75,0,20090612220336,0,0,both,True
grid_full_prefix,0.75,0,20090614065303,0,0,both,True
grid_full_prefix,0.75,0,20090615055603,4,4,both,True
grid_full_prefix,0.75,0,20090615183206,0,0,both,True
grid_full_prefix,0.75,0,20090616054128,11,11,both,True
grid_full_prefix,0.75,0,20090618005931,0,0,both,True
grid_full_prefix,0.75,0,20090619004036,4,4,both,True
grid_full_prefix,0.75,0,20090620024527,0,0,both,True
grid_full_prefix,0.75,0,20090621101407,4,4,both,True
grid_full_prefix,0.75,0,20090622095432,0,0,both,True
grid_full_prefix,0.75,0,20090623043635,0,0,both,True
grid_full_prefix,0.75,0,20090623233404,0,0,both,True
grid_full_prefix,0.75,0,20090624070430,4,4,both,True
grid_full_prefix,0.75,0,20090624215736,0,0,both,True
grid_full_prefix,0.75,0,20090625041631,14,14,both,True
grid_full_prefix,0.75,0,20090626101307,4,4,both,True
grid_full_prefix,0.75,0,20090627025208,4,4,both,True
grid_full_prefix,0.75,0,20090627101821,4,4,both,True
grid_full_prefix,0.75,0,20090628005229,16,16,both,True
grid_full_prefix,0.75,0,20090629011630,14,14,both,True
grid_full_prefix,0.75,0,20090629173335,0,0,both,True
grid_full_prefix,0.75,0,20090630045606,4,4,both,True
grid_full_prefix,0.75,0,20090701044033,0,0,both,True
grid_full_prefix,0.75,0,20090701171936,0,0,both,True
grid_full_prefix,0.75,0,20090702022530,4,4,both,True
grid_full_prefix,0.75,0,20090703002800,4,4,both,True
grid_full_prefix,0.75,0,20090704042634,4,4,both,True
grid_full_prefix,0.75,0,20090705025307,11,11,both,True
grid_full_prefix,0.75,16,20081202110923,3,3,both,True
grid_full_prefix,0.75,16,20081203091735,4,4,both,True
grid_full_prefix,0.75,16,20081208003122,3,3,both,True
grid_full_prefix,0.75,16,20081209014205,3,3,both,True
grid_full_prefix,0.75,16,20081210004205,3,3,both,True
grid_full_prefix,0.75,16,20081210102335,3,3,both,True
grid_full_prefix,0.75,16,20081211005204,3,3,both,True
grid_full_prefix,0.75,16,20081212071854,0,0,both,True
grid_full_prefix,0.75,16,20081213085404,0,0,both,True
grid_full_prefix,0.75,16,20081214050759,3,3,both,True
grid_full_prefix,0.75,16,20081215004559,0,0,both,True
grid_full_prefix,0.75,16,20081216010805,0,0,both,True
grid_full_prefix,0.75,17,20090319050008,0,0,both,True
grid_full_prefix,0.75,17,20090319091136,0,0,both,True
grid_full_prefix,0.75,17,20090319124458,0,0,both,True
grid_full_prefix,0.75,17,20090320000946,3,3,both,True
grid_full_prefix,0.75,17,20090320004539,0,0,both,True
grid_full_prefix,0.75,17,20090321050356,1,1,both,True
grid_full_prefix,0.75,17,20090322052036,0,0,both,True
grid_full_prefix,0.75,17,20090323000531,0,0,both,True
grid_full_prefix,0.75,17,20090323145837,0,0,both,True
grid_full_prefix,0.75,17,20090323212145,54,54,both,True
grid_full_prefix,0.75,17,20090325000739,3,3,both,True
grid_full_prefix,0.75,17,20090326000154,1,1,both,True
grid_full_prefix,0.75,17,20090326113406,0,0,both,True
grid_full_prefix,0.75,17,20090327002511,0,0,both,True
grid_full_prefix,0.75,17,20090328041725,1,1,both,True
grid_full_prefix,0.75,17,20090329025818,0,0,both,True
grid_full_prefix,0.75,17,20090329235347,3,3,both,True
grid_full_prefix,0.75,17,20090330112458,0,0,both,True
grid_full_prefix,0.75,17,20090331235635,0,0,both,True
grid_full_prefix,0.75,17,20090401235303,3,3,both,True
grid_full_prefix,0.75,17,20090402235820,53,53,both,True
grid_full_prefix,0.75,17,20090403131503,0,0,both,True
grid_full_prefix,0.75,17,20090404020155,0,0,both,True
grid_full_prefix,0.75,17,20090405053007,1,1,both,True
grid_full_prefix,0.75,17,20090406060347,0,0,both,True
grid_full_prefix,0.75,17,20090406233133,1,1,both,True
grid_full_prefix,0.75,17,20090407122913,0,0,both,True
grid_full_prefix,0.75,17,20090407234410,8,8,both,True
grid_full_prefix,0.75,17,20090408235354,0,0,both,True
grid_full_prefix,0.75,17,20090409234539,0,0,both,True
grid_full_prefix,0.75,17,20090411000325,0,0,both,True
grid_full_prefix,0.75,17,20090412014730,0,0,both,True
grid_full_prefix,0.75,17,20090413000008,3,3,both,True
grid_full_prefix,0.75,17,20090413235216,0,0,both,True
grid_full_prefix,0.75,17,20090415234514,3,3,both,True
grid_full_prefix,0.75,17,20090416234739,0,0,both,True
grid_full_prefix,0.75,17,20090418014515,1,1,both,True
grid_full_prefix,0.75,17,20090419010400,0,0,both,True
grid_full_prefix,0.75,17,20090419130441,0,0,both,True
grid_full_prefix,0.75,17,20090420000026,9,9,both,True
grid_full_prefix,0.75,17,20090420110816,3,3,both,True
grid_full_prefix,0.75,17,20090420235733,66,66,both,True
grid_full_prefix,0.75,17,20090421124855,0,0,both,True
grid_full_prefix,0.75,17,20090421234946,1,1,both,True
grid_full_prefix,0.75,17,20090513094309,0,0,both,True
grid_full_prefix,0.75,17,20090513232947,1,1,both,True
grid_full_prefix,0.75,17,20090514090933,0,0,both,True
grid_full_prefix,0.75,17,20090515020800,3,3,both,True
grid_full_prefix,0.75,17,20090516010239,3,3,both,True
grid_full_prefix,0.75,17,20090517033915,0,0,both,True
grid_full_prefix,0.75,17,20090517054300,0,0,both,True
grid_full_prefix,0.75,17,20090519003045,3,3,both,True
grid_full_prefix,0.75,17,20090520231518,26,26,both,True
grid_full_prefix,0.75,17,20090521234308,0,0,both,True
grid_full_prefix,0.75,17,20090523022436,0,0,both,True
grid_full_prefix,0.75,17,20090524232403,0,0,both,True
grid_full_prefix,0.75,17,20090526051336,3,3,both,True
grid_full_prefix,0.75,17,20090528012914,5,5,both,True
grid_full_prefix,0.75,17,20090530054703,0,0,both,True
grid_full_prefix,0.75,17,20090531001952,0,0,both,True
grid_full_prefix,0.75,17,20090601000744,0,0,both,True
grid_full_prefix,0.75,17,20090601235202,1,1,both,True
grid_full_prefix,0.75,17,20090602131142,0,0,both,True
grid_full_prefix,0.75,17,20090603233338,0,0,both,True
grid_full_prefix,0.75,17,20090604232209,63,63,both,True
grid_full_prefix,0.75,17,20090607021214,0,0,both,True
grid_full_prefix,0.75,17,20090607234645,0,0,both,True
grid_full_prefix,0.75,17,20090608233046,0,0,both,True
grid_full_prefix,0.75,17,20090609233900,1,1,both,True
grid_full_prefix,0.75,17,20090610135201,0,0,both,True
grid_full_prefix,0.75,17,20090610232548,3,3,both,True
grid_full_prefix,0.75,17,20090611234447,66,66,both,True
grid_full_prefix,0.75,17,20090613010507,0,0,both,True
grid_full_prefix,0.75,17,20090613144446,0,0,both,True
grid_full_prefix,0.75,17,20090613231704,54,54,both,True
grid_full_prefix,0.75,17,20090614233331,0,0,both,True
grid_full_prefix,0.75,17,20090615233906,0,0,both,True
grid_full_prefix,0.75,17,20090617131111,1,1,both,True
grid_full_prefix,0.75,17,20090617235133,0,0,both,True
grid_full_prefix,0.75,17,20090618235545,0,0,both,True
grid_full_prefix,0.75,17,20090619234854,0,0,both,True
grid_full_prefix,0.75,17,20090621012524,1,1,both,True
grid_full_prefix,0.75,17,20090621094628,3,3,both,True
grid_full_prefix,0.75,17,20090623000214,9,9,both,True
grid_full_prefix,0.75,17,20090623141709,0,0,both,True
grid_full_prefix,0.75,17,20090624121832,0,0,both,True
grid_full_prefix,0.75,17,20090625014745,0,0,both,True
grid_full_prefix,0.75,17,20090625232715,0,0,both,True
grid_full_prefix,0.75,17,20090627012536,66,66,both,True
grid_full_prefix,0.75,17,20090628013245,1,1,both,True
grid_full_prefix,0.75,17,20090630001301,3,3,both,True
grid_full_prefix,0.75,17,20090702000608,3,3,both,True
grid_full_prefix,0.75,17,20090702094931,0,0,both,True
grid_full_prefix,0.75,17,20090703000110,0,0,both,True
grid_full_prefix,0.75,17,20090704063554,0,0,both,True
grid_full_prefix,0.75,19,20081208063648,4,4,both,True
grid_full_prefix,0.75,19,20081208093749,25,25,both,True
grid_full_prefix,0.75,19,20081208115451,0,0,both,True
grid_full_prefix,0.75,19,20081209002742,7,7,both,True
grid_full_prefix,0.75,19,20081209101839,0,0,both,True
grid_full_prefix,0.75,19,20081209125837,0,0,both,True
grid_full_prefix,0.75,19,20081209150349,0,0,both,True
grid_full_prefix,0.75,19,20081210051634,4,4,both,True
grid_full_prefix,0.75,19,20081210055142,6,6,both,True
grid_full_prefix,0.75,19,20081210062239,0,0,both,True
grid_full_prefix,0.75,19,20081210085203,0,0,both,True
grid_full_prefix,0.75,19,20081210093504,0,0,both,True
grid_full_prefix,0.75,19,20081211001406,4,4,both,True
grid_full_prefix,0.75,19,20081211024057,23,23,both,True
grid_full_prefix,0.75,19,20081211034454,5,5,both,True
grid_full_prefix,0.75,19,20081211044214,0,0,both,True
grid_full_prefix,0.75,19,20081213075114,25,25,both,True
grid_full_prefix,0.75,19,20081214002807,6,6,both,True
grid_full_prefix,0.75,19,20081214092748,0,0,both,True
grid_full_prefix,0.75,20,20111115013237,1,1,both,True
grid_full_prefix,0.75,20,20111116153831,0,0,both,True
grid_full_prefix,0.75,20,20111117020931,1,1,both,True
grid_full_prefix,0.75,20,20111118101629,1,1,both,True
grid_full_prefix,0.75,20,20111119042142,1,1,both,True
grid_full_prefix,0.75,20,20111119155101,0,0,both,True
grid_full_prefix,0.75,20,20111120161356,0,0,both,True
grid_full_prefix,0.75,20,20111121013035,1,1,both,True
grid_full_prefix,0.75,20,20111122014130,1,1,both,True
grid_full_prefix,0.75,20,20111122151957,0,0,both,True
grid_full_prefix,0.75,20,20111123154525,0,0,both,True
grid_full_prefix,0.75,20,20111124020829,1,1,both,True
grid_full_prefix,0.75,20,20111124154938,0,0,both,True
grid_full_prefix,0.75,20,20111125014422,1,1,both,True
grid_full_prefix,0.75,20,20111125152106,0,0,both,True
grid_full_prefix,0.75,20,20111128015322,1,1,both,True
grid_full_prefix,0.75,20,20111128151537,0,0,both,True
grid_full_prefix,0.75,20,20111129015531,1,1,both,True
grid_full_prefix,0.75,20,20111129151955,0,0,both,True
grid_full_prefix,0.75,20,20111130015030,1,1,both,True
grid_full_prefix,0.75,20,20111130151807,0,0,both,True
grid_full_prefix,0.75,20,20111130152335,0,0,both,True
grid_full_prefix,0.75,20,20111201020105,1,1,both,True
grid_full_prefix,0.75,20,20111202020153,1,1,both,True
grid_full_prefix,0.75,20,20111206145735,0,0,both,True
grid_full_prefix,0.75,20,20111209015635,1,1,both,True
grid_full_prefix,0.75,20,20111213143458,0,0,both,True
grid_full_prefix,0.75,20,20111220145401,0,0,both,True
grid_full_prefix,0.75,20,20111221014028,1,1,both,True
grid_full_prefix,0.75,20,20111221150308,0,0,both,True
grid_full_prefix,0.75,20,20111222021305,1,1,both,True
grid_full_prefix,0.75,20,20111223015835,1,1,both,True
grid_full_prefix,0.75,20,20111227051001,1,1,both,True
grid_full_prefix,0.75,24,20090318010336,3,3,both,True
grid_full_prefix,0.75,24,20090319051300,3,3,both,True
grid_full_prefix,0.75,24,20090319232505,3,3,both,True
grid_full_prefix,0.75,24,20090320092600,3,3,both,True
grid_full_prefix,0.75,24,20090321000237,3,3,both,True
grid_full_prefix,0.75,24,20090321235532,3,3,both,True
grid_full_prefix,0.75,24,20090322063047,3,3,both,True
grid_full_prefix,0.75,24,20090323232430,11,11,both,True
grid_full_prefix,0.75,24,20090325001055,3,3,both,True
grid_full_prefix,0.75,24,20090325232230,3,3,both,True
grid_full_prefix,0.75,24,20090512010704,4,4,both,True
grid_full_prefix,0.75,24,20090512231006,3,3,both,True
grid_full_prefix,0.75,24,20090514001608,3,3,both,True
grid_full_prefix,0.75,24,20090515051736,3,3,both,True
grid_full_prefix,0.75,24,20090516000230,3,3,both,True
grid_full_prefix,0.75,24,20090518010033,3,3,both,True
grid_full_prefix,0.75,24,20090519002637,3,3,both,True
grid_full_prefix,0.75,24,20090519231433,3,3,both,True
grid_full_prefix,0.75,24,20090520231037,3,3,both,True
grid_full_prefix,0.75,24,20090522012954,3,3,both,True
grid_full_prefix,0.75,24,20090523001107,3,3,both,True
grid_full_prefix,0.75,24,20090524061723,3,3,both,True
grid_full_prefix,0.75,24,20090525230436,4,4,both,True
grid_full_prefix,0.75,24,20090526104409,3,3,both,True
grid_full_prefix,0.75,25,20090511025404,0,0,both,True
grid_full_prefix,0.75,25,20090511074253,3,3,both,True
grid_full_prefix,0.75,25,20090511120543,0,0,both,True
grid_full_prefix,0.75,25,20090512000606,38,38,both,True
grid_full_prefix,0.75,25,20090512082957,40,40,both,True
grid_full_prefix,0.75,25,20090513013740,40,40,both,True
grid_full_prefix,0.75,25,20090513105350,41,41,both,True
grid_full_prefix,0.75,25,20090514000001,41,41,both,True
grid_full_prefix,0.75,25,20090514015739,41,41,both,True
grid_full_prefix,0.75,25,20090514025341,40,40,both,True
grid_full_prefix,0.75,25,20090514100158,41,41,both,True
grid_full_prefix,0.75,25,20090515000000,41,41,both,True
grid_full_prefix,0.75,25,20090516044805,115,115,both,True
grid_full_prefix,0.75,25,20090516061230,45,45,both,True
grid_full_prefix,0.75,25,20090516105352,115,115,both,True
grid_full_prefix,0.75,25,20090517010002,47,47,both,True
grid_full_prefix,0.75,25,20090517055402,51,51,both,True
grid_full_prefix,0.75,25,20090517092755,40,40,both,True
grid_full_prefix,0.75,25,20090517120000,44,44,both,True
grid_full_prefix,0.75,25,20090518101843,40,40,both,True
grid_full_prefix,0.75,25,20090518121117,40,40,both,True
grid_full_prefix,0.75,25,20090519013040,51,51,both,True
grid_full_prefix,0.75,25,20090519122006,40,40,both,True
grid_full_prefix,0.75,25,20090520000243,5,5,both,True
grid_full_prefix,0.75,25,20090520114811,0,0,both,True
grid_full_prefix,0.75,25,20090520234651,2,2,both,True
grid_full_prefix,0.75,25,20090521042205,0,0,both,True
grid_full_prefix,0.75,25,20090521053513,0,0,both,True
grid_full_prefix,0.75,25,20090521235502,2,2,both,True
grid_full_prefix,0.75,25,20090522042917,93,93,both,True
grid_full_prefix,0.75,25,20090523000115,2,2,both,True
grid_full_prefix,0.75,25,20090523044126,93,93,both,True
grid_full_prefix,0.75,25,20090524000415,2,2,both,True
grid_full_prefix,0.75,25,20090524042347,93,93,both,True
grid_full_prefix,0.75,25,20090524075447,0,0,both,True
grid_full_prefix,0.75,25,20090525000736,2,2,both,True
grid_full_prefix,0.75,25,20090525040854,0,0,both,True
grid_full_prefix,0.75,25,20090525074414,0,0,both,True
grid_full_prefix,0.75,25,20090525081250,0,0,both,True
grid_full_prefix,0.75,25,20090525235606,2,2,both,True
grid_full_prefix,0.75,25,20090526044933,93,93,both,True
grid_full_prefix,0.75,25,20090526084328,0,0,both,True
grid_full_prefix,0.75,25,20090526235709,2,2,both,True
grid_full_prefix,0.75,25,20090527045639,0,0,both,True
grid_full_prefix,0.75,25,20090527092852,0,0,both,True
grid_full_prefix,0.75,25,20090528000132,2,2,both,True
grid_full_prefix,0.75,25,20090528043016,0,0,both,True
grid_full_prefix,0.75,25,20090528074406,93,93,both,True
grid_full_prefix,0.75,25,20090528104309,0,0,both,True
grid_full_prefix,0.75,25,20090528123505,0,0,both,True
grid_full_prefix,0.75,25,20090529021453,2,2,both,True
grid_full_prefix,0.75,25,20090529044013,0,0,both,True
grid_full_prefix,0.75,25,20090529081236,93,93,both,True
grid_full_prefix,0.75,25,20090529100124,0,0,both,True
grid_full_prefix,0.75,25,20090530000803,2,2,both,True
grid_full_prefix,0.75,25,20090530092855,93,93,both,True
grid_full_prefix,0.75,25,20090531000007,2,2,both,True
grid_full_prefix,0.75,25,20090531090700,0,0,both,True
grid_full_prefix,0.75,25,20090601104724,0,0,both,True
grid_full_prefix,0.75,25,20090601113739,0,0,both,True
grid_full_prefix,0.75,25,20090601121555,0,0,both,True
grid_full_prefix,0.75,25,20090602041611,2,2,both,True
grid_full_prefix,0.75,25,20090602101840,0,0,both,True
grid_full_prefix,0.75,25,20090603033735,2,2,both,True
grid_full_prefix,0.75,25,20090603102054,93,93,both,True
grid_full_prefix,0.75,25,20090604040956,111,111,both,True
grid_full_prefix,0.75,25,20090604104645,0,0,both,True
grid_full_prefix,0.75,25,20090605035359,98,98,both,True
grid_full_prefix,0.75,25,20090605094502,93,93,both,True
grid_full_prefix,0.75,25,20090605112034,0,0,both,True
grid_full_prefix,0.75,25,20090606005515,2,2,both,True
grid_full_prefix,0.75,25,20090606093819,93,93,both,True
grid_full_prefix,0.75,25,20090606120215,0,0,both,True
grid_full_prefix,0.75,25,20090606234144,74,74,both,True
grid_full_prefix,0.75,25,20090607113902,5,5,both,True
grid_full_prefix,0.75,25,20090608005335,5,5,both,True
grid_full_prefix,0.75,25,20090609012637,74,74,both,True
grid_full_prefix,0.75,25,20090609090605,5,5,both,True
grid_full_prefix,0.75,25,20090609112946,5,5,both,True
grid_full_prefix,0.75,25,20090610023300,5,5,both,True
grid_full_prefix,0.75,25,20090610095604,34,34,both,True
grid_full_prefix,0.75,25,20090610170259,0,0,both,True
grid_full_prefix,0.75,25,20090611085512,10,10,both,True
grid_full_prefix,0.75,25,20090611113001,0,0,both,True
grid_full_prefix,0.75,25,20090612040740,0,0,both,True
grid_full_prefix,0.75,25,20090612064142,0,0,both,True
grid_full_prefix,0.75,25,20090612130630,0,0,both,True
grid_full_prefix,0.75,25,20090612145033,0,0,both,True
grid_full_prefix,0.75,25,20090614050830,0,0,both,True
grid_full_prefix,0.75,25,20090614085036,111,111,both,True
grid_full_prefix,0.75,25,20090614123454,0,0,both,True
grid_full_prefix,0.75,25,20090615074716,0,0,both,True
grid_full_prefix,0.75,25,20090615132630,0,0,both,True
grid_full_prefix,0.75,25,20090615142743,0,0,both,True
grid_full_prefix,0.75,25,20090616000900,2,2,both,True
grid_full_prefix,0.75,25,20090616093056,0,0,both,True
grid_full_prefix,0.75,25,20090617042939,2,2,both,True
grid_full_prefix,0.75,25,20090617104840,0,0,both,True
grid_full_prefix,0.75,25,20090618010806,2,2,both,True
grid_full_prefix,0.75,25,20090618064236,93,93,both,True
grid_full_prefix,0.75,25,20090619002314,0,0,both,True
grid_full_prefix,0.75,25,20090619023451,13,13,both,True
grid_full_prefix,0.75,25,20090620001440,2,2,both,True
grid_full_prefix,0.75,25,20090620035727,0,0,both,True
grid_full_prefix,0.75,25,20090620092630,93,93,both,True
grid_full_prefix,0.75,25,20090621005632,2,2,both,True
grid_full_prefix,0.75,25,20090621094130,0,0,both,True
grid_full_prefix,0.75,25,20090621130111,0,0,both,True
grid_full_prefix,0.75,25,20090622001245,0,0,both,True
grid_full_prefix,0.75,25,20090622050547,2,2,both,True
grid_full_prefix,0.75,25,20090622092840,5,5,both,True
grid_full_prefix,0.75,25,20090623012719,0,0,both,True
grid_full_prefix,0.75,25,20090623042946,0,0,both,True
grid_full_prefix,0.75,25,20090623085109,4,4,both,True
grid_full_prefix,0.75,25,20090623100934,5,5,both,True
grid_full_prefix,0.75,25,20090623133306,93,93,both,True
grid_full_prefix,0.75,25,20090623153918,104,104,both,True
grid_full_prefix,0.75,25,20090624024641,0,0,both,True
grid_full_prefix,0.75,25,20090624081836,0,0,both,True
grid_full_prefix,0.75,25,20090625000008,74,74,both,True
grid_full_prefix,0.75,25,20090625034002,0,0,both,True
grid_full_prefix,0.75,25,20090626071038,0,0,both,True
grid_full_prefix,0.75,25,20090626115640,0,0,both,True
grid_full_prefix,0.75,25,20090626142016,0,0,both,True
grid_full_prefix,0.75,25,20090627022716,88,88,both,True
grid_full_prefix,0.75,25,20090627065710,0,0,both,True
grid_full_prefix,0.75,25,20090628101336,0,0,both,True
grid_full_prefix,0.75,25,20090629002542,0,0,both,True
grid_full_prefix,0.75,25,20090629013154,0,0,both,True
grid_full_prefix,0.75,25,20090629081014,0,0,both,True
grid_full_prefix,0.75,25,20090630074500,0,0,both,True
grid_full_prefix,0.75,25,20090630110602,0,0,both,True
grid_full_prefix,0.75,25,20090630123834,0,0,both,True
grid_full_prefix,0.75,25,20090701084100,0,0,both,True
grid_full_prefix,0.75,25,20090701091446,0,0,both,True
grid_full_prefix,0.75,25,20090701143746,0,0,both,True
grid_full_prefix,0.75,25,20090701165346,0,0,both,True
grid_full_prefix,0.75,25,20090702025218,0,0,both,True
grid_full_prefix,0.75,25,20090702091404,88,88,both,True
grid_full_prefix,0.75,25,20090702114731,0,0,both,True
grid_full_prefix,0.75,25,20090703013710,3,3,both,True
grid_full_prefix,0.75,25,20090703022251,0,0,both,True
grid_full_prefix,0.75,25,20090703053357,0,0,both,True
grid_full_prefix,0.75,25,20090703093956,0,0,both,True
grid_full_prefix,0.75,25,20090703135348,0,0,both,True
grid_full_prefix,0.75,25,20090704042738,88,88,both,True
grid_full_prefix,0.75,25,20090704101609,0,0,both,True
grid_full_prefix,0.75,25,20090705044519,0,0,both,True
grid_full_prefix,0.75,25,20090705093145,0,0,both,True
grid_full_prefix,0.75,25,20090705142119,0,0,both,True
grid_full_prefix,0.75,25,20090705234132,0,0,both,True
grid_full_prefix,0.75,25,20090706033701,88,88,both,True
grid_full_prefix,0.75,25,20090706042627,0,0,both,True
grid_full_prefix,0.75,25,20090706112513,0,0,both,True
grid_full_prefix,0.75,25,20090706124423,0,0,both,True
grid_full_prefix,0.75,25,20090707072302,0,0,both,True
grid_full_prefix,0.75,25,20090707091545,0,0,both,True
grid_full_prefix,0.75,25,20090708020049,0,0,both,True
grid_full_prefix,0.75,25,20090708032528,0,0,both,True
grid_full_prefix,0.75,25,20090708083822,104,104,both,True
grid_full_prefix,0.75,25,20090708112912,38,38,both,True
grid_full_prefix,0.75,25,20090709001109,40,40,both,True
grid_full_prefix,0.75,25,20090710102416,51,51,both,True
grid_full_prefix,0.75,25,20090710134415,40,40,both,True
grid_full_prefix,0.75,25,20090711073706,57,57,both,True
grid_full_prefix,0.75,25,20090711091028,40,40,both,True
grid_full_prefix,0.75,26,20090321063103,0,0,both,True
grid_full_prefix,0.75,26,20090321235040,0,0,both,True
grid_full_prefix,0.75,26,20090325081528,0,0,both,True
grid_full_prefix,0.75,26,20090405033104,0,0,both,True
grid_full_prefix,0.75,26,20090405164834,0,0,both,True
grid_full_prefix,0.75,26,20090407094503,0,0,both,True
grid_full_prefix,0.75,26,20090408040922,0,0,both,True
grid_full_prefix,0.75,26,20090411011503,0,0,both,True
grid_full_prefix,0.75,26,20090414091952,0,0,both,True
grid_full_prefix,0.75,26,20090415014804,0,0,both,True
grid_full_prefix,0.75,26,20090418032222,0,0,both,True
grid_full_prefix,0.75,28,20090408000034,2,2,both,True
grid_full_prefix,0.75,28,20090408091659,12,12,both,True
grid_full_prefix,0.75,28,20090408234136,12,12,both,True
grid_full_prefix,0.75,28,20090410052703,6,6,both,True
grid_full_prefix,0.75,28,20090413091309,2,2,both,True
grid_full_prefix,0.75,28,20090413222107,3,3,both,True
grid_full_prefix,0.75,28,20090414104608,2,2,both,True
grid_full_prefix,0.75,28,20090414222138,3,3,both,True
grid_full_prefix,0.75,28,20090415080832,2,2,both,True
grid_full_prefix,0.75,28,20090416091157,2,2,both,True
grid_full_prefix,0.75,28,20090416222138,3,3,both,True
grid_full_prefix,0.75,28,20090417073556,2,2,both,True
grid_full_prefix,0.75,28,20090420091753,2,2,both,True
grid_full_prefix,0.75,28,20090420222226,3,3,both,True
grid_full_prefix,0.75,28,20090421093501,2,2,both,True
grid_full_prefix,0.75,28,20090421222226,3,3,both,True
grid_full_prefix,0.75,29,20090310075634,0,0,both,True
grid_full_prefix,0.75,29,20090310230051,1,1,both,True
grid_full_prefix,0.75,29,20090311225433,1,1,both,True
grid_full_prefix,0.75,29,20090312112334,0,0,both,True
grid_full_prefix,0.75,29,20090312231752,1,1,both,True
grid_full_prefix,0.75,29,20090313090729,0,0,both,True
grid_full_prefix,0.75,29,20090315225504,1,1,both,True
grid_full_prefix,0.75,29,20090316090503,0,0,both,True
grid_full_prefix,0.75,29,20090317225758,1,1,both,True
grid_full_prefix,0.75,29,20090318090128,0,0,both,True
grid_full_prefix,0.75,29,20090321022628,0,0,both,True
grid_full_prefix,0.75,35,20090407073512,0,0,both,True
grid_full_prefix,0.75,35,20090407210407,0,0,both,True
grid_full_prefix,0.75,35,20090409210105,0,0,both,True
grid_full_prefix,0.75,35,20090411000535,0,0,both,True
grid_full_prefix,0.75,35,20090412205936,0,0,both,True
grid_full_prefix,0.75,35,20090413063915,0,0,both,True
grid_full_prefix,0.75,35,20090413210306,0,0,both,True
grid_full_prefix,0.75,35,20090414210553,0,0,both,True
grid_full_prefix,0.75,35,20090415210305,0,0,both,True
grid_full_prefix,0.75,35,20090416210531,0,0,both,True
grid_full_prefix,0.75,35,20090418035753,0,0,both,True
grid_full_prefix,0.75,35,20090419210937,0,0,both,True
grid_full_prefix,0.75,35,20090420064050,0,0,both,True
grid_full_prefix,0.75,35,20090420205905,0,0,both,True
grid_full_prefix,0.75,35,20090421205900,0,0,both,True
grid_full_prefix,0.75,35,20090422210636,0,0,both,True
grid_full_prefix,0.75,35,20090426050031,0,0,both,True
grid_full_prefix,0.75,35,20090426132556,0,0,both,True
grid_full_prefix,0.75,35,20090426211055,0,0,both,True
grid_full_prefix,0.75,36,20090407033154,8,8,both,True
grid_full_prefix,0.75,36,20090408094615,8,8,both,True
grid_full_prefix,0.75,36,20090409012524,8,8,both,True
grid_full_prefix,0.75,36,20090410053505,8,8,both,True
grid_full_prefix,0.75,36,20090411021801,8,8,both,True
grid_full_prefix,0.75,36,20090412125703,4,4,both,True
grid_full_prefix,0.75,36,20090413034508,4,4,both,True
grid_full_prefix,0.75,36,20090417083536,8,8,both,True
grid_full_prefix,0.75,36,20090418004038,4,4,both,True
grid_full_prefix,0.75,36,20090419025430,4,4,both,True
grid_full_prefix,0.75,36,20090423102604,8,8,both,True
grid_full_prefix,0.75,36,20090424112604,8,8,both,True
grid_full_prefix,0.75,36,20090426095159,4,4,both,True
grid_full_prefix,0.75,36,20090702005634,4,4,both,True
grid_full_prefix,0.75,36,20090705231822,4,4,both,True
grid_full_prefix,0.75,36,20090707011733,4,4,both,True
grid_full_prefix,0.75,36,20090708012505,4,4,both,True
grid_full_prefix,0.75,36,20090709003722,4,4,both,True
grid_full_prefix,0.75,37,20090412233403,2,2,both,True
grid_full_prefix,0.75,37,20090413051250,0,0,both,True
grid_full_prefix,0.75,37,20090414235037,0,0,both,True
grid_full_prefix,0.75,37,20090415021434,0,0,both,True
grid_full_prefix,0.75,37,20090415053841,0,0,both,True
grid_full_prefix,0.75,37,20090415095346,0,0,both,True
grid_full_prefix,0.75,37,20090416000510,0,0,both,True
grid_full_prefix,0.75,37,20090416015706,0,0,both,True
grid_full_prefix,0.75,37,20090416060054,0,0,both,True
grid_full_prefix,0.75,37,20090416105528,17,17,both,True
grid_full_prefix,0.75,37,20090416231030,0,0,both,True
grid_full_prefix,0.75,37,20090417084221,0,0,both,True
grid_full_prefix,0.75,37,20090418004033,0,0,both,True
grid_full_prefix,0.75,37,20090418025919,0,0,both,True
grid_full_prefix,0.75,37,20090418071235,0,0,both,True
grid_full_prefix,0.75,37,20090418100418,17,17,both,True
grid_full_prefix,0.75,37,20090419123615,2,2,both,True
grid_full_prefix,0.75,37,20090420054955,0,0,both,True
grid_full_prefix,0.75,37,20090421021702,0,0,both,True
grid_full_prefix,0.75,37,20090429121018,0,0,both,True
grid_full_prefix,0.75,37,20090710082418,0,0,both,True
grid_full_prefix,0.75,37,20090711025530,0,0,both,True
grid_full_prefix,0.75,37,20090711074039,0,0,both,True
grid_full_prefix,0.75,37,20090713004736,3,3,both,True
grid_full_prefix,0.75,37,20090713040933,3,3,both,True
grid_full_prefix,0.75,37,20090713232437,0,0,both,True
grid_full_prefix,0.75,37,20090713234910,0,0,both,True
grid_full_prefix,0.75,37,20090714081132,0,0,both,True
grid_full_prefix,0.75,37,20090714081826,0,0,both,True
grid_full_prefix,0.75,37,20090714235210,0,0,both,True
grid_full_prefix,0.75,37,20090715235505,0,0,both,True
grid_full_prefix,0.75,37,20090717064434,0,0,both,True
grid_full_prefix,0.75,37,20090719222647,0,0,both,True
grid_full_prefix,0.75,37,20090720231809,0,0,both,True
grid_full_prefix,0.75,37,20090722000259,0,0,both,True
grid_full_prefix,0.75,37,20090724195433,0,0,both,True
grid_full_prefix,0.75,37,20090730101508,17,17,both,True
grid_full_prefix,0.75,38,20090410124138,4,4,both,True
grid_full_prefix,0.75,38,20090410223116,4,4,both,True
grid_full_prefix,0.75,38,20090412021706,4,4,both,True
grid_full_prefix,0.75,38,20090412125448,4,4,both,True
grid_full_prefix,0.75,38,20090413002310,4,4,both,True
grid_full_prefix,0.75,38,20090414223045,4,4,both,True
grid_full_prefix,0.75,38,20090415091526,4,4,both,True
grid_full_prefix,0.75,38,20090416085408,4,4,both,True
grid_full_prefix,0.75,38,20090417034936,4,4,both,True
grid_full_prefix,0.75,38,20090418002306,4,4,both,True
grid_full_prefix,0.75,38,20090420014909,4,4,both,True
grid_full_prefix,0.75,38,20090422033246,4,4,both,True
grid_full_prefix,0.75,38,20090709081828,4,4,both,True
grid_full_prefix,0.75,38,20090710051732,4,4,both,True
grid_full_prefix,0.75,38,20090711114358,4,4,both,True
grid_full_prefix,0.75,38,20090712094253,4,4,both,True
grid_full_prefix,0.75,38,20090714101239,4,4,both,True
grid_full_prefix,0.75,38,20090714233650,4,4,both,True
grid_full_prefix,0.75,38,20090715231037,4,4,both,True
grid_full_prefix,0.75,38,20090716053929,4,4,both,True
grid_full_prefix,0.75,38,20090717053438,4,4,both,True
grid_full_prefix,0.75,38,20090718043013,3,3,both,True
grid_full_prefix,0.75,38,20090718083524,1,1,both,True
grid_full_prefix,0.75,38,20090719040838,4,4,both,True
grid_full_prefix,0.75,38,20090720080933,0,0,both,True
grid_full_prefix,0.75,38,20090723012633,4,4,both,True
grid_full_prefix,0.75,39,20090611095140,14,14,both,True
grid_full_prefix,0.75,39,20090612000513,1,1,both,True
grid_full_prefix,0.75,39,20090612112705,14,14,both,True
grid_full_prefix,0.75,39,20090613040756,26,26,both,True
grid_full_prefix,0.75,39,20090614114654,14,14,both,True
grid_full_prefix,0.75,39,20090615000438,14,14,both,True
grid_full_prefix,0.75,39,20090615094738,9,9,both,True
grid_full_prefix,0.75,39,20090616000719,1,1,both,True
grid_full_prefix,0.75,39,20090616094433,14,14,both,True
grid_full_prefix,0.75,39,20090617000200,1,1,both,True
grid_full_prefix,0.75,39,20090617095205,14,14,both,True
grid_full_prefix,0.75,39,20090617232821,26,26,both,True
grid_full_prefix,0.75,39,20090618103325,14,14,both,True
grid_full_prefix,0.75,39,20090619094325,14,14,both,True
grid_full_prefix,0.75,39,20090619230550,14,14,both,True
grid_full_prefix,0.75,39,20090620115005,14,14,both,True
grid_full_prefix,0.75,39,20090621070937,26,26,both,True
grid_full_prefix,0.75,39,20090622000238,1,1,both,True
grid_full_prefix,0.75,39,20090622095036,14,14,both,True
grid_full_prefix,0.75,39,20090623095056,14,14,both,True
grid_full_prefix,0.75,39,20090624000338,14,14,both,True
grid_full_prefix,0.75,39,20090624094458,14,14,both,True
grid_full_prefix,0.75,39,20090625000532,1,1,both,True
grid_full_prefix,0.75,39,20090625094635,14,14,both,True
grid_full_prefix,0.75,39,20090626000538,1,1,both,True
grid_full_prefix,0.75,39,20090626110001,14,14,both,True
grid_full_prefix,0.75,39,20090626211826,13,13,both,True
grid_full_prefix,0.75,39,20090628034817,2,2,both,True
grid_full_prefix,0.75,39,20090628234328,14,14,both,True
grid_full_prefix,0.75,39,20090629094605,14,14,both,True
grid_full_prefix,0.75,39,20090630000205,14,14,both,True
grid_full_prefix,0.75,39,20090630094433,14,14,both,True
grid_full_prefix,0.75,39,20090701000224,1,1,both,True
grid_full_prefix,0.75,39,20090701093936,9,9,both,True
grid_full_prefix,0.75,39,20090702000204,1,1,both,True
grid_full_prefix,0.75,39,20090702103027,14,14,both,True
grid_full_prefix,0.75,39,20090703093804,2,2,both,True
grid_full_prefix,0.75,39,20090704024525,2,2,both,True
grid_full_prefix,0.75,39,20090704132701,14,14,both,True
grid_full_prefix,0.75,39,20090705053006,14,14,both,True
grid_full_prefix,0.75,39,20090706111727,14,14,both,True
grid_full_prefix,0.75,39,20090706233342,14,14,both,True
grid_full_prefix,0.75,39,20090707113005,14,14,both,True
grid_full_prefix,0.75,39,20090707235526,14,14,both,True
grid_full_prefix,0.75,39,20090708103301,14,14,both,True
grid_full_prefix,0.75,39,20090708233906,14,14,both,True
grid_full_prefix,0.75,39,20090709102054,14,14,both,True
grid_full_prefix,0.75,39,20090709234004,1,1,both,True
grid_full_prefix,0.75,39,20090710094259,14,14,both,True
grid_full_prefix,0.75,39,20090711043552,26,26,both,True
grid_full_prefix,0.75,39,20090712041628,2,2,both,True
grid_full_prefix,0.75,39,20090712234404,14,14,both,True
grid_full_prefix,0.75,39,20090713113106,14,14,both,True
grid_full_prefix,0.75,39,20090713235707,1,1,both,True
grid_full_prefix,0.75,39,20090714114356,14,14,both,True
grid_full_prefix,0.75,39,20090714233956,1,1,both,True
grid_full_prefix,0.75,51,20080217140611,12,12,both,True
grid_full_prefix,0.75,51,20080218192042,12,12,both,True
grid_full_prefix,0.75,51,20080219123720,11,11,both,True
grid_full_prefix,0.75,51,20080221105029,2,2,both,True
grid_full_prefix,0.75,51,20080222090047,2,2,both,True
grid_full_prefix,0.75,51,20080309120949,2,2,both,True
grid_full_prefix,0.75,51,20080324085807,2,2,both,True
grid_full_prefix,0.75,51,20080326153045,2,2,both,True
grid_full_prefix,0.75,51,20080328085804,2,2,both,True
grid_full_prefix,0.75,51,20080329111039,2,2,both,True
grid_full_prefix,0.75,51,20080430181146,2,2,both,True
grid_full_prefix,0.75,52,20080819232504,14,14,both,True
grid_full_prefix,0.75,52,20080821232859,14,14,both,True
grid_full_prefix,0.75,52,20080822085236,14,14,both,True
grid_full_prefix,0.75,52,20080824233822,14,14,both,True
grid_full_prefix,0.75,52,20080825085006,14,14,both,True
grid_full_prefix,0.75,52,20080826232036,14,14,both,True
grid_full_prefix,0.75,52,20080827111000,0,0,both,True
grid_full_prefix,0.75,52,20080831073208,0,0,both,True
grid_full_prefix,0.75,52,20080831233436,14,14,both,True
grid_full_prefix,0.75,52,20080901114634,14,14,both,True
grid_full_prefix,0.75,52,20080902055635,14,14,both,True
grid_full_prefix,0.75,52,20081001224837,0,0,both,True
grid_full_prefix,0.75,52,20081003042430,0,0,both,True
grid_full_prefix,0.75,52,20081005094923,0,0,both,True
grid_full_prefix,0.75,52,20081006134237,14,14,both,True
grid_full_prefix,0.75,52,20081006235830,14,14,both,True
grid_full_prefix,0.75,52,20081007111938,14,14,both,True
grid_full_prefix,0.75,52,20081008035138,0,0,both,True
grid_full_prefix,0.75,52,20081009100736,0,0,both,True
grid_full_prefix,0.75,52,20081010011727,14,14,both,True
grid_full_prefix,0.75,52,20081010120707,5,5,both,True
grid_full_prefix,0.75,52,20081011033025,0,0,both,True
grid_full_prefix,0.75,52,20081012064254,0,0,both,True
grid_full_prefix,0.75,52,20081017050637,0,0,both,True
grid_full_prefix,0.75,52,20081030050200,0,0,both,True
grid_full_prefix,0.75,62,20081103005437,0,0,both,True
grid_full_prefix,0.75,62,20081103015601,0,0,both,True
grid_full_prefix,0.75,62,20081103025353,0,0,both,True
grid_full_prefix,0.75,62,20081103115039,4,4,both,True
grid_full_prefix,0.75,62,20081104010333,0,0,both,True
grid_full_prefix,0.75,62,20081104013441,0,0,both,True
grid_full_prefix,0.75,62,20081104041114,4,4,both,True
grid_full_prefix,0.75,62,20081104063603,4,4,both,True
grid_full_prefix,0.75,62,20081105010014,58,58,both,True
grid_full_prefix,0.75,62,20081105023944,0,0,both,True
grid_full_prefix,0.75,62,20081105032159,0,0,both,True
grid_full_prefix,0.75,62,20081105044046,58,58,both,True
grid_full_prefix,0.75,62,20081105053031,0,0,both,True
grid_full_prefix,0.75,62,20081105060230,0,0,both,True
grid_full_prefix,0.75,62,20081105083830,0,0,both,True
grid_full_prefix,0.75,62,20081105085221,3,3,both,True
grid_full_prefix,0.75,62,20081105102345,0,0,both,True
grid_full_prefix,0.75,62,20081105104452,0,0,both,True
grid_full_prefix,0.75,62,20081105111108,0,0,both,True
grid_full_prefix,0.75,62,20081105112326,4,4,both,True
grid_full_prefix,0.75,62,20081105123909,0,0,both,True
grid_full_prefix,0.75,62,20081105124617,0,0,both,True
grid_full_prefix,0.75,62,20081106011127,0,0,both,True
grid_full_prefix,0.75,62,20081106011708,162,162,both,True
grid_full_prefix,0.75,62,20081106020014,153,153,both,True
grid_full_prefix,0.75,62,20081106024201,16,16,both,True
grid_full_prefix,0.75,62,20081106031826,0,0,both,True
grid_full_prefix,0.75,62,20081106064828,16,16,both,True
grid_full_prefix,0.75,62,20081106071234,49,49,both,True
grid_full_prefix,0.75,62,20081106085050,152,152,both,True
grid_full_prefix,0.75,62,20081106092632,0,0,both,True
grid_full_prefix,0.75,62,20081106093504,0,0,both,True
grid_full_prefix,0.75,62,20081106104833,0,0,both,True
grid_full_prefix,0.75,62,20081106112738,4,4,both,True
grid_full_prefix,0.75,62,20081106113950,0,0,both,True
grid_full_prefix,0.75,62,20081107000607,0,0,both,True
grid_full_prefix,0.75,62,20081107003353,0,0,both,True
grid_full_prefix,0.75,62,20081107121527,0,0,both,True
grid_full_prefix,0.75,62,20081107122148,13,13,both,True
grid_full_prefix,0.75,62,20081108042815,4,4,both,True
grid_full_prefix,0.75,62,20081108060646,0,0,both,True
grid_full_prefix,0.75,62,20081109013429,0,0,both,True
grid_full_prefix,0.75,62,20081109053559,0,0,both,True
grid_full_prefix,0.75,62,20081109062802,0,0,both,True
grid_full_prefix,0.75,62,20081109080315,0,0,both,True
grid_full_prefix,0.75,62,20081109083245,3,3,both,True
grid_full_prefix,0.75,62,20081109093929,0,0,both,True
grid_full_prefix,0.75,62,20081109095422,0,0,both,True
grid_full_prefix,0.75,62,20081109100916,4,4,both,True
grid_full_prefix,0.75,62,20081109110807,0,0,both,True
grid_full_prefix,0.75,62,20081110013116,49,49,both,True
grid_full_prefix,0.75,62,20081110030128,164,164,both,True
grid_full_prefix,0.75,62,20081110030808,16,16,both,True
grid_full_prefix,0.75,62,20081110032953,158,158,both,True
grid_full_prefix,0.75,62,20081110042038,0,0,both,True
grid_full_prefix,0.75,62,20081110111835,0,0,both,True
grid_full_prefix,0.75,62,20081111021901,0,0,both,True
grid_full_prefix,0.75,62,20081111042301,49,49,both,True
grid_full_prefix,0.75,62,20081111045929,153,153,both,True
grid_full_prefix,0.75,62,20081111052247,154,154,both,True
grid_full_prefix,0.75,62,20081111080126,4,4,both,True
grid_full_prefix,0.75,62,20081111084153,82,82,both,True
grid_full_prefix,0.75,62,20081111090528,3,3,both,True
grid_full_prefix,0.75,62,20081111095640,3,3,both,True
grid_full_prefix,0.75,62,20081111103634,0,0,both,True
grid_full_prefix,0.75,62,20081112012435,0,0,both,True
grid_full_prefix,0.75,62,20081112013226,0,0,both,True
grid_full_prefix,0.75,62,20081112021100,0,0,both,True
grid_full_prefix,0.75,62,20081112033338,0,0,both,True
grid_full_prefix,0.75,62,20081112101140,0,0,both,True
grid_full_prefix,0.75,62,20081112101655,20,20,both,True
grid_full_prefix,0.75,62,20081112105415,3,3,both,True
grid_full_prefix,0.75,62,20081113010001,0,0,both,True
grid_full_prefix,0.75,62,20081113012910,170,170,both,True
grid_full_prefix,0.75,62,20081113095812,16,16,both,True
grid_full_prefix,0.75,62,20081113110912,0,0,both,True
grid_full_prefix,0.75,62,20081113124253,0,0,both,True
grid_full_prefix,0.75,62,20081114010438,49,49,both,True
grid_full_prefix,0.75,62,20081114101455,16,16,both,True
grid_full_prefix,0.75,62,20081114105400,0,0,both,True
grid_full_prefix,0.75,62,20081115010837,20,20,both,True
grid_full_prefix,0.75,62,20081115015759,149,149,both,True
grid_full_prefix,0.75,62,20081115030457,56,56,both,True
grid_full_prefix,0.75,62,20081116061411,172,172,both,True
grid_full_prefix,0.75,62,20081116081559,80,80,both,True
grid_full_prefix,0.75,62,20081116084956,0,0,both,True
grid_full_prefix,0.75,62,20081116093710,0,0,both,True
grid_full_prefix,0.75,62,20081117010846,162,162,both,True
grid_full_prefix,0.75,62,20081203010728,0,0,both,True
grid_full_prefix,0.75,62,20081204010407,0,0,both,True
grid_full_prefix,0.75,62,20081204012250,0,0,both,True
grid_full_prefix,0.75,62,20081204060141,0,0,both,True
grid_full_prefix,0.75,62,20081204085719,0,0,both,True
grid_full_prefix,0.75,62,20081204101128,0,0,both,True
grid_full_prefix,0.75,62,20081205011235,88,88,both,True
grid_full_prefix,0.75,62,20081205023009,154,154,both,True
grid_full_prefix,0.75,62,20081205081804,154,154,both,True
grid_full_prefix,0.75,62,20081205082456,4,4,both,True
grid_full_prefix,0.75,62,20081205095048,0,0,both,True
grid_full_prefix,0.75,62,20081206040631,0,0,both,True
grid_full_prefix,0.75,62,20081206100322,0,0,both,True
grid_full_prefix,0.75,62,20081207023122,0,0,both,True
grid_full_prefix,0.75,62,20081207080318,52,52,both,True
grid_full_prefix,0.75,62,20081207082100,0,0,both,True
grid_full_prefix,0.75,62,20081207083840,0,0,both,True
grid_full_prefix,0.75,62,20081207085047,0,0,both,True
grid_full_prefix,0.75,62,20081207092914,0,0,both,True
grid_full_prefix,0.75,62,20081207110215,0,0,both,True
grid_full_prefix,0.75,62,20081208070512,0,0,both,True
grid_full_prefix,0.75,62,20081208095853,0,0,both,True
grid_full_prefix,0.75,62,20081208104810,0,0,both,True
grid_full_prefix,0.75,62,20081208110023,0,0,both,True
grid_full_prefix,0.75,62,20081209010002,49,49,both,True
grid_full_prefix,0.75,62,20081209083554,0,0,both,True
grid_full_prefix,0.75,62,20081209090839,0,0,both,True
grid_full_prefix,0.75,62,20081209093448,0,0,both,True
grid_full_prefix,0.75,62,20081209094610,0,0,both,True
grid_full_prefix,0.75,62,20081209123601,0,0,both,True
grid_full_prefix,0.75,62,20081210055344,0,0,both,True
grid_full_prefix,0.75,62,20081210084524,0,0,both,True
grid_full_prefix,0.75,62,20081210093042,0,0,both,True
grid_full_prefix,0.75,62,20081211013737,0,0,both,True
grid_full_prefix,0.75,62,20081211020211,16,16,both,True
grid_full_prefix,0.75,62,20081211035950,0,0,both,True
grid_full_prefix,0.75,62,20081211040737,0,0,both,True
grid_full_prefix,0.75,62,20081211051513,0,0,both,True
grid_full_prefix,0.75,62,20081212010000,164,164,both,True
grid_full_prefix,0.75,62,20081212011859,0,0,both,True
grid_full_prefix,0.75,62,20081212013950,0,0,both,True
grid_full_prefix,0.75,62,20081212082600,0,0,both,True
grid_full_prefix,0.75,62,20081212101946,0,0,both,True
grid_full_prefix,0.75,62,20081212102654,16,16,both,True
grid_full_prefix,0.75,62,20081212122437,0,0,both,True
grid_full_prefix,0.75,62,20081212123313,16,16,both,True
grid_full_prefix,0.75,62,20081212124756,3,3,both,True
grid_full_prefix,0.75,62,20081213031012,0,0,both,True
grid_full_prefix,0.75,62,20081213041039,0,0,both,True
grid_full_prefix,0.75,62,20081213083317,0,0,both,True
grid_full_prefix,0.75,62,20081213085201,20,20,both,True
grid_full_prefix,0.75,62,20081213101537,0,0,both,True
grid_full_prefix,0.75,62,20081213104202,0,0,both,True
grid_full_prefix,0.75,62,20081214013702,0,0,both,True
grid_full_prefix,0.75,62,20081214032551,0,0,both,True
grid_full_prefix,0.75,62,20081215032028,49,49,both,True
grid_full_prefix,0.75,62,20081215035525,153,153,both,True
grid_full_prefix,0.75,65,20111001075633,0,0,both,True
grid_full_prefix,0.75,65,20111001163901,17,17,both,True
grid_full_prefix,0.75,65,20111003025152,17,17,both,True
grid_full_prefix,0.75,65,20111004071203,17,17,both,True
grid_full_prefix,0.75,65,20111005004827,0,0,both,True
grid_full_prefix,0.75,65,20111005143605,17,17,both,True
grid_full_prefix,0.75,65,20111006041158,17,17,both,True
grid_full_prefix,0.75,65,20111008004733,9,9,both,True
grid_full_prefix,0.75,65,20111008134933,17,17,both,True
grid_full_prefix,0.75,65,20111009012500,9,9,both,True
grid_full_prefix,0.75,65,20111009120503,0,0,both,True
grid_full_prefix,0.75,65,20111010010951,9,9,both,True
grid_full_prefix,0.75,65,20111010105222,0,0,both,True
grid_full_prefix,0.75,65,20111011011203,9,9,both,True
grid_full_prefix,0.75,65,20111012120903,17,17,both,True
grid_full_prefix,0.75,65,20111013010933,9,9,both,True
grid_full_prefix,0.75,65,20111014005928,9,9,both,True
grid_full_prefix,0.75,65,20111014095751,0,0,both,True
grid_full_prefix,0.75,65,20111015014827,9,9,both,True
grid_full_prefix,0.75,65,20111016005657,17,17,both,True
grid_full_prefix,0.75,65,20111018004457,9,9,both,True
grid_full_prefix,0.75,65,20111018080247,0,0,both,True
grid_full_prefix,0.75,65,20111019004851,9,9,both,True
grid_full_prefix,0.75,65,20111022024141,0,0,both,True
grid_full_prefix,0.75,65,20111023043229,17,17,both,True
grid_full_prefix,0.75,65,20111024012351,9,9,both,True
grid_full_prefix,0.75,65,20111024120905,17,17,both,True
grid_full_prefix,0.75,65,20111025003027,9,9,both,True
grid_full_prefix,0.75,65,20111025085403,0,0,both,True
grid_full_prefix,0.75,65,20111027004021,9,9,both,True
grid_full_prefix,0.75,68,20090630205134,6,6,both,True
grid_full_prefix,0.75,68,20090701074905,0,0,both,True
grid_full_prefix,0.75,68,20090701181923,6,6,both,True
grid_full_prefix,0.75,68,20090702074805,0,0,both,True
grid_full_prefix,0.75,68,20090702205953,6,6,both,True
grid_full_prefix,0.75,68,20090703073758,0,0,both,True
grid_full_prefix,0.75,68,20090703185151,6,6,both,True
grid_full_prefix,0.75,68,20090704104258,6,6,both,True
grid_full_prefix,0.75,68,20090705105928,6,6,both,True
grid_full_prefix,0.75,68,20090705235905,0,0,both,True
grid_full_prefix,0.75,68,20090706064435,0,0,both,True
grid_full_prefix,0.75,68,20090706234533,0,0,both,True
grid_full_prefix,0.75,68,20090708001134,0,0,both,True
grid_full_prefix,0.75,68,20090708144605,6,6,both,True
grid_full_prefix,0.75,68,20090708233822,6,6,both,True
grid_full_prefix,0.75,68,20090709085503,6,6,both,True
grid_full_prefix,0.75,68,20090709143513,9,9,both,True
grid_full_prefix,0.75,68,20090709235104,0,0,both,True
grid_full_prefix,0.75,68,20090710090629,6,6,both,True
grid_full_prefix,0.75,68,20090711012705,0,0,both,True
grid_full_prefix,0.75,68,20090711092304,6,6,both,True
grid_full_prefix,0.75,68,20090712064105,10,10,both,True
grid_full_prefix,0.75,68,20090713045105,0,0,both,True
grid_full_prefix,0.75,68,20090713140828,0,0,both,True
grid_full_prefix,0.75,68,20090715002935,0,0,both,True
grid_full_prefix,0.75,68,20090715121905,6,6,both,True
grid_full_prefix,0.75,68,20090715215034,0,0,both,True
grid_full_prefix,0.75,68,20090716111259,0,0,both,True
grid_full_prefix,0.75,68,20090717074427,0,0,both,True
grid_full_prefix,0.75,68,20090717213805,0,0,both,True
grid_full_prefix,0.75,68,20090719030259,6,6,both,True
grid_full_prefix,0.75,68,20090719115152,6,6,both,True
grid_full_prefix,0.75,68,20090719235707,8,8,both,True
grid_full_prefix,0.75,68,20090720103922,8,8,both,True
grid_full_prefix,0.75,68,20090721111753,8,8,both,True
grid_full_prefix,0.75,68,20090722002059,9,9,both,True
grid_full_prefix,0.75,68,20090723022153,6,6,both,True
grid_full_prefix,0.75,68,20090724024547,0,0,both,True
grid_full_prefix,0.75,68,20090725024235,6,6,both,True
grid_full_prefix,0.75,68,20090726012536,6,6,both,True
grid_full_prefix,0.75,68,20090726133122,6,6,both,True
grid_full_prefix,0.75,68,20090727033605,0,0,both,True
grid_full_prefix,0.75,68,20090728003024,6,6,both,True
grid_full_prefix,0.75,68,20090728235053,4,4,both,True
grid_full_prefix,0.75,68,20090730024623,0,0,both,True
grid_full_prefix,0.75,68,20090731022320,0,0,both,True
grid_full_prefix,0.75,68,20090801004504,0,0,both,True
grid_full_prefix,0.75,68,20090802072835,6,6,both,True
grid_full_prefix,0.75,68,20090803092652,6,6,both,True
grid_full_prefix,0.75,68,20090803220235,6,6,both,True
grid_full_prefix,0.75,68,20090805041404,6,6,both,True
grid_full_prefix,0.75,68,20090805190322,4,4,both,True
grid_full_prefix,0.75,68,20090807023405,0,0,both,True
grid_full_prefix,0.75,68,20090808053222,6,6,both,True
grid_full_prefix,0.75,68,20090809094405,6,6,both,True
grid_full_prefix,0.75,68,20090810032021,6,6,both,True
grid_full_prefix,0.75,68,20090810183104,0,0,both,True
grid_full_prefix,0.75,68,20090813015422,0,0,both,True
grid_full_prefix,0.75,68,20090814072529,6,6,both,True
grid_full_prefix,0.75,68,20090814181033,6,6,both,True
grid_full_prefix,0.75,68,20090816052035,0,0,both,True
grid_full_prefix,0.75,68,20090816134451,6,6,both,True
grid_full_prefix,0.75,68,20090817104629,6,6,both,True
grid_full_prefix,0.75,68,20090818012535,6,6,both,True
grid_full_prefix,0.75,68,20090818101222,6,6,both,True
grid_full_prefix,0.75,68,20090819010505,0,0,both,True
grid_full_prefix,0.75,68,20090819122858,0,0,both,True
grid_full_prefix,0.75,68,20090820004357,6,6,both,True
grid_full_prefix,0.75,68,20090821091927,6,6,both,True
grid_full_prefix,0.75,68,20090822103421,6,6,both,True
grid_full_prefix,0.75,68,20090823073459,6,6,both,True
grid_full_prefix,0.75,68,20090824010435,6,6,both,True
grid_full_prefix,0.75,68,20090825064227,0,0,both,True
grid_full_prefix,0.75,68,20090826003333,0,0,both,True
grid_full_prefix,0.75,68,20090826122919,6,6,both,True
grid_full_prefix,0.75,68,20090827024729,0,0,both,True
grid_full_prefix,0.75,68,20090827110635,6,6,both,True
grid_full_prefix,0.75,68,20090828015903,0,0,both,True
grid_full_prefix,0.75,68,20090828100904,6,6,both,True
grid_full_prefix,0.75,68,20090829060159,6,6,both,True
grid_full_prefix,0.75,68,20090830053605,6,6,both,True
grid_full_prefix,0.75,68,20090831010452,6,6,both,True
grid_full_prefix,0.75,68,20090902004959,6,6,both,True
grid_full_prefix,0.75,68,20090904000334,0,0,both,True
grid_full_prefix,0.75,68,20090905031005,0,0,both,True
grid_full_prefix,0.75,68,20090905120929,6,6,both,True
grid_full_prefix,0.75,68,20090906022616,6,6,both,True
grid_full_prefix,0.75,68,20090906023120,6,6,both,True
grid_full_prefix,0.75,68,20090907000653,0,0,both,True
grid_full_prefix,0.75,68,20090907142605,6,6,both,True
grid_full_prefix,0.75,68,20090907233334,0,0,both,True
grid_full_prefix,0.75,68,20090908133634,0,0,both,True
grid_full_prefix,0.75,68,20090908234334,0,0,both,True
grid_full_prefix,0.75,68,20090909081304,6,6,both,True
grid_full_prefix,0.75,68,20090909235503,0,0,both,True
grid_full_prefix,0.75,68,20090910235728,0,0,both,True
grid_full_prefix,0.75,68,20090912021805,0,0,both,True
grid_full_prefix,0.75,68,20090912121851,0,0,both,True
grid_full_prefix,0.75,68,20090913013234,6,6,both,True
grid_full_prefix,0.75,71,20120401025128,1,1,both,True
grid_full_prefix,0.75,71,20120404051527,1,1,both,True
grid_full_prefix,0.75,71,20120407094504,2,2,both,True
grid_full_prefix,0.75,71,20120409015352,1,1,both,True
grid_full_prefix,0.75,71,20120409053858,2,2,both,True
grid_full_prefix,0.75,71,20120409130704,1,1,both,True
grid_full_prefix,0.75,71,20120412113604,2,2,both,True
grid_full_prefix,0.75,71,20120412235005,0,0,both,True
grid_full_prefix,0.75,71,20120414034358,1,1,both,True
grid_full_prefix,0.75,71,20120417092818,2,2,both,True
grid_full_prefix,0.75,71,20120419011052,1,1,both,True
grid_full_prefix,0.75,71,20120425150728,2,2,both,True
grid_full_prefix,0.75,71,20120426013640,1,1,both,True
grid_full_prefix,0.75,71,20120430083558,2,2,both,True
grid_full_prefix,0.75,71,20120504232458,0,0,both,True
grid_full_prefix,0.75,71,20120511140034,2,2,both,True
grid_full_prefix,0.75,71,20120513150457,2,2,both,True
grid_full_prefix,0.75,71,20120513230847,1,1,both,True
grid_full_prefix,0.75,85,20090614025506,2,2,both,True
grid_full_prefix,0.75,85,20090614121829,9,9,both,True
grid_full_prefix,0.75,85,20090615013707,39,39,both,True
grid_full_prefix,0.75,85,20090617020536,39,39,both,True
grid_full_prefix,0.75,85,20090617090807,9,9,both,True
grid_full_prefix,0.75,85,20090618065134,7,7,both,True
grid_full_prefix,0.75,85,20090619011407,39,39,both,True
grid_full_prefix,0.75,85,20090619093937,9,9,both,True
grid_full_prefix,0.75,85,20090620025025,9,9,both,True
grid_full_prefix,0.75,85,20090622012237,39,39,both,True
grid_full_prefix,0.75,85,20090622093855,9,9,both,True
grid_full_prefix,0.75,85,20090623011429,9,9,both,True
grid_full_prefix,0.75,85,20090623232900,9,9,both,True
grid_full_prefix,0.75,85,20090623233655,39,39,both,True
grid_full_prefix,0.75,85,20090624084534,9,9,both,True
grid_full_prefix,0.75,85,20090625234631,39,39,both,True
grid_full_prefix,0.75,85,20090626091732,7,7,both,True
grid_full_prefix,0.75,85,20090627014225,39,39,both,True
grid_full_prefix,0.75,85,20090627104937,9,9,both,True
grid_full_prefix,0.75,85,20090627235736,39,39,both,True
grid_full_prefix,0.75,85,20090629012308,39,39,both,True
grid_full_prefix,0.75,85,20090629092537,9,9,both,True
grid_full_prefix,0.75,85,20090701002752,39,39,both,True
grid_full_prefix,0.75,85,20090701012444,39,39,both,True
grid_full_prefix,0.75,85,20090701090337,9,9,both,True
grid_full_prefix,0.75,85,20090702013158,7,7,both,True
grid_full_prefix,0.75,85,20090703011734,9,9,both,True
grid_full_prefix,0.75,85,20090703012649,39,39,both,True
grid_full_prefix,0.75,85,20090703082122,9,9,both,True
grid_full_prefix,0.75,85,20090703231838,39,39,both,True
grid_full_prefix,0.75,85,20090705042531,13,13,both,True
grid_full_prefix,0.75,85,20090705224406,2,2,both,True
grid_full_prefix,0.75,85,20090706091838,7,7,both,True
grid_full_prefix,0.75,85,20090706230438,2,2,both,True
grid_full_prefix,0.75,85,20090707090828,7,7,both,True
grid_full_prefix,0.75,85,20090707225636,2,2,both,True
grid_full_prefix,0.75,85,20090708103205,9,9,both,True
grid_full_prefix,0.75,85,20090728224637,2,2,both,True
grid_full_prefix,0.75,85,20090729094626,7,7,both,True
grid_full_prefix,0.75,85,20090729224538,2,2,both,True
grid_full_prefix,0.75,85,20090731012359,14,14,both,True
grid_full_prefix,0.75,85,20090731143502,52,52,both,True
grid_full_prefix,0.75,85,20090731144247,53,53,both,True
grid_full_prefix,0.75,85,20090803041141,7,7,both,True
grid_full_prefix,0.75,85,20090806224424,37,37,both,True
grid_full_prefix,0.75,85,20090806224944,9,9,both,True
grid_full_prefix,0.75,85,20090808054506,7,7,both,True
grid_full_prefix,0.75,85,20090810010623,9,9,both,True
grid_full_prefix,0.75,85,20090811003034,7,7,both,True
grid_full_prefix,0.75,85,20090811112747,39,39,both,True
grid_full_prefix,0.75,85,20090812004828,9,9,both,True
grid_full_prefix,0.75,85,20090812113901,9,9,both,True
grid_full_prefix,0.75,85,20090815062008,9,9,both,True
grid_full_prefix,0.75,85,20090819113327,39,39,both,True
grid_full_prefix,0.75,85,20090821113358,39,39,both,True
grid_full_prefix,0.75,85,20090823235050,9,9,both,True
grid_full_prefix,0.75,85,20090824104328,7,7,both,True
grid_full_prefix,0.75,85,20090825112752,39,39,both,True
grid_full_prefix,0.75,85,20090826004628,9,9,both,True
grid_full_prefix,0.75,85,20090826120059,39,39,both,True
grid_full_prefix,0.75,85,20090827005251,9,9,both,True
grid_full_prefix,0.75,85,20090827133834,39,39,both,True
grid_full_prefix,0.75,85,20090831000922,9,9,both,True
grid_full_prefix,0.75,85,20090831113328,9,9,both,True
grid_full_prefix,0.75,85,20090831234852,9,9,both,True
grid_full_prefix,0.75,85,20090901110034,37,37,both,True
grid_full_prefix,0.75,85,20090902012058,50,50,both,True
grid_full_prefix,0.75,85,20090902084004,7,7,both,True
grid_full_prefix,0.75,85,20090903104733,7,7,both,True
grid_full_prefix,0.75,85,20090907010827,9,9,both,True
grid_full_prefix,0.75,85,20090907132604,39,39,both,True
grid_full_prefix,0.75,85,20090908003822,9,9,both,True
grid_full_prefix,0.75,85,20090908112534,39,39,both,True
grid_full_prefix,0.75,85,20090908120539,39,39,both,True
grid_full_prefix,0.75,85,20090909004052,9,9,both,True
grid_full_prefix,0.75,85,20090909114334,39,39,both,True
grid_full_prefix,0.75,85,20090910011022,9,9,both,True
grid_full_prefix,0.75,85,20090910111233,39,39,both,True
grid_full_prefix,0.75,85,20090911004404,9,9,both,True
grid_full_prefix,0.75,85,20090911105604,39,39,both,True
grid_full_prefix,0.75,85,20090912064500,50,50,both,True
grid_full_prefix,0.75,85,20090913233334,9,9,both,True
grid_full_prefix,0.75,85,20090914142328,39,39,both,True
grid_full_prefix,0.75,85,20090915122804,39,39,both,True
grid_full_prefix,0.75,85,20090915235904,9,9,both,True
grid_full_prefix,0.75,85,20090916114222,39,39,both,True
grid_full_prefix,0.75,85,20090917000404,9,9,both,True
grid_full_prefix,0.75,85,20090917140604,39,39,both,True
grid_full_prefix,0.75,85,20090918004028,9,9,both,True
grid_full_prefix,0.75,85,20090918103558,39,39,both,True
grid_full_prefix,0.75,85,20090920235003,9,9,both,True
grid_full_prefix,0.75,85,20090921114804,39,39,both,True
grid_full_prefix,0.75,85,20090922005527,9,9,both,True
grid_full_prefix,0.75,85,20090922112322,39,39,both,True
grid_full_prefix,0.75,85,20090923004734,9,9,both,True
grid_full_prefix,0.75,85,20090923114133,39,39,both,True
grid_full_prefix,0.75,85,20090924003152,9,9,both,True
grid_full_prefix,0.75,85,20090924102917,39,39,both,True
grid_full_prefix,0.75,85,20090925010022,9,9,both,True
grid_full_prefix,0.75,85,20090925110722,37,37,both,True
grid_full_prefix,0.75,85,20090927005434,9,9,both,True
grid_full_prefix,0.75,85,20090927113103,39,39,both,True
grid_full_prefix,0.75,85,20090928005404,9,9,both,True
grid_full_prefix,0.75,85,20090928104630,39,39,both,True
grid_full_prefix,0.75,88,20081008230701,1,1,both,True
grid_full_prefix,0.75,88,20081009110224,0,0,both,True
grid_full_prefix,0.75,88,20081010083431,0,0,both,True
grid_full_prefix,0.75,88,20081010093335,4,4,both,True
grid_full_prefix,0.75,88,20081011042923,4,4,both,True
grid_full_prefix,0.75,88,20081011060634,0,0,both,True
grid_full_prefix,0.75,88,20081011065339,0,0,both,True
grid_full_prefix,0.75,88,20081011085649,4,4,both,True
grid_full_prefix,0.75,88,20081012062217,4,4,both,True
grid_full_prefix,0.75,88,20081012070422,0,0,both,True
grid_full_prefix,0.75,88,20081012074052,4,4,both,True
grid_full_prefix,0.75,88,20081012075807,4,4,both,True
grid_full_prefix,0.75,89,20080608133334,16,16,both,True
grid_full_prefix,0.75,89,20080630042612,1,1,both,True
grid_full_prefix,0.75,89,20080630112527,0,0,both,True
grid_full_prefix,0.75,89,20080701013734,1,1,both,True
grid_full_prefix,0.75,89,20080701152128,0,0,both,True
grid_full_prefix,0.75,89,20080702024722,1,1,both,True
grid_full_prefix,0.75,89,20080702111733,0,0,both,True
grid_full_prefix,0.75,89,20080703232504,1,1,both,True
grid_full_prefix,0.75,89,20080704113017,0,0,both,True
grid_full_prefix,0.75,89,20080707015234,1,1,both,True
grid_full_prefix,0.75,89,20080707111403,0,0,both,True
grid_full_prefix,0.75,89,20080708040557,1,1,both,True
grid_full_prefix,0.75,89,20080708112620,0,0,both,True
grid_full_prefix,0.75,89,20080710112328,0,0,both,True
grid_full_prefix,0.75,89,20080801060709,3,3,both,True
grid_full_prefix,0.75,91,20071225091747,2,2,both,True
grid_full_prefix,0.75,91,20071226090757,1,1,both,True
grid_full_prefix,0.75,91,20071226222755,0,0,both,True
grid_full_prefix,0.75,91,20071229205638,0,0,both,True
grid_full_prefix,0.75,91,20071230151046,2,2,both,True
grid_full_prefix,0.75,91,20071231224803,0,0,both,True
grid_full_prefix,0.75,91,20080101092300,3,3,both,True
grid_full_prefix,0.75,91,20080103223737,0,0,both,True
grid_full_prefix,0.75,91,20080104094315,7,7,both,True
grid_full_prefix,0.75,91,20080104230531,0,0,both,True
grid_full_prefix,0.75,91,20080105133207,1,1,both,True
grid_full_prefix,0.75,91,20080106220745,0,0,both,True
grid_full_prefix,0.75,91,20080107095553,1,1,both,True
grid_full_prefix,0.75,91,20080107215023,0,0,both,True
grid_full_prefix,0.75,91,20080108092013,1,1,both,True
grid_full_prefix,0.75,91,20080108230737,0,0,both,True
grid_full_prefix,0.75,91,20080109222750,0,0,both,True
grid_full_prefix,0.75,91,20080110083725,2,2,both,True
grid_full_prefix,0.75,91,20080110221246,0,0,both,True
grid_full_prefix,0.75,91,20080111220619,0,0,both,True
grid_full_prefix,0.75,91,20080114222434,0,0,both,True
grid_full_prefix,0.75,91,20080115080303,0,0,both,True
grid_full_prefix,0.75,91,20080118230907,0,0,both,True
grid_full_prefix,0.75,92,20080609070837,3,3,both,True
grid_full_prefix,0.75,92,20080615000608,25,25,both,True
grid_full_prefix,0.75,92,20080615074701,3,3,both,True
grid_full_prefix,0.75,92,20080620065746,3,3,both,True
grid_full_prefix,0.75,92,20080620073920,3,3,both,True
grid_full_prefix,0.75,92,20080621132447,3,3,both,True
grid_full_prefix,0.75,92,20080621171637,3,3,both,True
grid_full_prefix,0.75,92,20080626112007,3,3,both,True
grid_full_prefix,0.75,92,20080626181626,3,3,both,True
grid_full_prefix,0.75,92,20080629095405,3,3,both,True
grid_full_prefix,0.75,92,20080703052933,3,3,both,True
grid_full_prefix,0.75,92,20080703142414,3,3,both,True
grid_full_prefix,0.75,92,20080705083321,25,25,both,True
grid_full_prefix,0.75,92,20080705191801,3,3,both,True
grid_full_prefix,0.75,92,20080707094314,3,3,both,True
grid_full_prefix,0.75,92,20080710083328,3,3,both,True
grid_full_prefix,0.75,92,20080714074403,30,30,both,True
grid_full_prefix,0.75,92,20080715131602,7,7,both,True
grid_full_prefix,0.75,92,20080715132532,10,10,both,True
grid_full_prefix,0.75,92,20080718073025,17,17,both,True
grid_full_prefix,0.75,92,20080719182301,3,3,both,True
grid_full_prefix,0.75,92,20080720155229,3,3,both,True
grid_full_prefix,0.75,92,20080721072245,15,15,both,True
grid_full_prefix,0.75,92,20080721174236,3,3,both,True
grid_full_prefix,0.75,92,20080723191215,3,3,both,True
grid_full_prefix,0.75,92,20080725173515,3,3,both,True
grid_full_prefix,0.75,92,20080728072301,3,3,both,True
grid_full_prefix,0.75,92,20080730161553,18,18,both,True
grid_full_prefix,0.75,92,20080802183007,3,3,both,True
grid_full_prefix,0.75,92,20080804123326,17,17,both,True
grid_full_prefix,0.75,92,20080806073008,17,17,both,True
grid_full_prefix,0.75,92,20080806235848,7,7,both,True
grid_full_prefix,0.75,92,20080811072411,17,17,both,True
grid_full_prefix,0.75,92,20080812073233,15,15,both,True
grid_full_prefix,0.75,92,20080813073848,17,17,both,True
grid_full_prefix,0.75,92,20080814074950,36,36,both,True
grid_full_prefix,0.75,96,20081026021723,0,0,both,True
grid_full_prefix,0.75,96,20081026113752,0,0,both,True
grid_full_prefix,0.75,96,20081027012336,1,1,both,True
grid_full_prefix,0.75,96,20081027052305,0,0,both,True
grid_full_prefix,0.75,96,20081027060537,1,1,both,True
grid_full_prefix,0.75,96,20081028111959,1,1,both,True
grid_full_prefix,0.75,96,20081030135435,1,1,both,True
grid_full_prefix,0.75,96,20081101013523,1,1,both,True
grid_full_prefix,0.75,96,20081105141854,1,1,both,True
grid_full_prefix,0.75,96,20081106023054,1,1,both,True
grid_full_prefix,0.75,96,20081107090836,1,1,both,True
grid_full_prefix,0.75,96,20081109014530,1,1,both,True
grid_full_prefix,0.75,96,20081109120329,0,0,both,True
grid_full_prefix,0.75,96,20081114044453,0,0,both,True
grid_full_prefix,0.75,96,20081115015705,1,1,both,True
grid_full_prefix,0.75,96,20081115105653,1,1,both,True
grid_full_prefix,0.75,96,20081116065153,0,0,both,True
grid_full_prefix,0.75,96,20081117023535,0,0,both,True
grid_full_prefix,0.75,96,20081117030757,1,1,both,True
grid_full_prefix,0.75,96,20081128113925,1,1,both,True
grid_full_prefix,0.75,96,20081129015805,0,0,both,True
grid_full_prefix,0.75,96,20081201120252,1,1,both,True
grid_full_prefix,0.75,96,20081203134752,1,1,both,True
grid_full_prefix,0.75,96,20081205054605,0,0,both,True
grid_full_prefix,0.75,96,20081208033705,0,0,both,True
grid_full_prefix,0.75,96,20081210094559,1,1,both,True
grid_full_prefix,0.75,96,20081211005853,0,0,both,True
grid_full_prefix,0.75,101,20080402055227,5,5,both,True
grid_full_prefix,0.75,101,20080402064856,5,5,both,True
grid_full_prefix,0.75,101,20080402125307,5,5,both,True
grid_full_prefix,0.75,101,20080402130216,5,5,both,True
grid_full_prefix,0.75,101,20080406052656,5,5,both,True
grid_full_prefix,0.75,101,20080407030128,5,5,both,True
grid_full_prefix,0.75,101,20080411121437,5,5,both,True
grid_full_prefix,0.75,101,20080418035836,5,5,both,True
grid_full_prefix,0.75,101,20080507062347,5,5,both,True
grid_full_prefix,0.75,101,20080507070528,5,5,both,True
grid_full_prefix,0.75,101,20080509115416,5,5,both,True
grid_full_prefix,0.75,101,20080522095436,5,5,both,True
grid_full_prefix,0.75,101,20080629025234,5,5,both,True
grid_full_prefix,0.75,101,20080629063734,5,5,both,True
grid_full_prefix,0.75,101,20080629075340,5,5,both,True
grid_full_prefix,0.75,101,20080629121541,5,5,both,True
grid_full_prefix,0.75,103,20080916044613,0,0,both,True
grid_full_prefix,0.75,103,20080916101236,2,2,both,True
grid_full_prefix,0.75,103,20080917110637,2,2,both,True
grid_full_prefix,0.75,103,20080917135224,2,2,both,True
grid_full_prefix,0.75,103,20080917231611,2,2,both,True
grid_full_prefix,0.75,103,20080918042849,0,0,both,True
grid_full_prefix,0.75,103,20080918070148,0,0,both,True
grid_full_prefix,0.75,103,20080919061140,0,0,both,True
grid_full_prefix,0.75,103,20080919070700,0,0,both,True
grid_full_prefix,0.75,103,20080919092921,0,0,both,True
grid_full_prefix,0.75,103,20080920061016,2,2,both,True
grid_full_prefix,0.75,103,20080920104637,2,2,both,True
grid_full_prefix,0.75,112,20080625011601,0,0,both,True
grid_full_prefix,0.75,112,20080625172633,18,18,both,True
grid_full_prefix,0.75,112,20080626031425,0,0,both,True
grid_full_prefix,0.75,112,20080626165615,18,18,both,True
grid_full_prefix,0.75,112,20080627103629,18,18,both,True
grid_full_prefix,0.75,112,20080628100846,0,0,both,True
grid_full_prefix,0.75,112,20080628165309,18,18,both,True
grid_full_prefix,0.75,112,20080629004633,28,28,both,True
grid_full_prefix,0.75,112,20080629043556,0,0,both,True
grid_full_prefix,0.75,112,20080629165831,18,18,both,True
grid_full_prefix,0.75,112,20080630015803,0,0,both,True
grid_full_prefix,0.75,112,20080630160716,18,18,both,True
grid_full_prefix,0.75,112,20080701052937,32,32,both,True
grid_full_prefix,0.75,112,20080701194739,18,18,both,True
grid_full_prefix,0.75,112,20080702020309,0,0,both,True
grid_full_prefix,0.75,112,20080702161309,18,18,both,True
grid_full_prefix,0.75,112,20080703015604,0,0,both,True
grid_full_prefix,0.75,112,20080703153003,18,18,both,True
grid_full_prefix,0.75,112,20080704021011,0,0,both,True
grid_full_prefix,0.75,112,20080704171509,18,18,both,True
grid_full_prefix,0.75,112,20080705053420,0,0,both,True
grid_full_prefix,0.75,112,20080705164758,18,18,both,True
grid_full_prefix,0.75,112,20080706014330,0,0,both,True
grid_full_prefix,0.75,112,20080706083034,0,0,both,True
grid_full_prefix,0.75,112,20080706173438,18,18,both,True
grid_full_prefix,0.75,112,20080707022437,0,0,both,True
grid_full_prefix,0.75,112,20080707162139,18,18,both,True
grid_full_prefix,0.75,112,20080708162052,18,18,both,True
grid_full_prefix,0.75,112,20080709012639,0,0,both,True
grid_full_prefix,0.75,112,20080709171521,18,18,both,True
grid_full_prefix,0.75,112,20080710022932,0,0,both,True
grid_full_prefix,0.75,112,20080710095337,18,18,both,True
grid_full_prefix,0.75,112,20080710114615,0,0,both,True
grid_full_prefix,0.75,112,20080711020311,0,0,both,True
grid_full_prefix,0.75,112,20080713004126,28,28,both,True
grid_full_prefix,0.75,112,20080713064523,0,0,both,True
grid_full_prefix,0.75,112,20080713093807,18,18,both,True
grid_full_prefix,0.75,112,20080713162846,18,18,both,True
grid_full_prefix,0.75,112,20080715125857,18,18,both,True
grid_full_prefix,0.75,112,20080715141929,18,18,both,True
grid_full_prefix,0.75,112,20080715165809,18,18,both,True
grid_full_prefix,0.75,112,20080716020639,0,0,both,True
grid_full_prefix,0.75,112,20080716103338,0,0,both,True
grid_full_prefix,0.75,112,20080716154342,18,18,both,True
grid_full_prefix,0.75,112,20080717012048,0,0,both,True
grid_full_prefix,0.75,112,20080717152304,18,18,both,True
grid_full_prefix,0.75,112,20080718013204,0,0,both,True
grid_full_prefix,0.75,119,20080922003552,0,0,both,True
grid_full_prefix,0.75,119,20080922141505,0,0,both,True
grid_full_prefix,0.75,119,20080923103305,0,0,both,True
grid_full_prefix,0.75,119,20080924010734,0,0,both,True
grid_full_prefix,0.75,119,20080925002004,0,0,both,True
grid_full_prefix,0.75,119,20080927005205,0,0,both,True
grid_full_prefix,0.75,119,20080927125153,0,0,both,True
grid_full_prefix,0.75,119,20080930070335,0,0,both,True
grid_full_prefix,0.75,119,20080930075522,0,0,both,True
grid_full_prefix,0.75,119,20081005041023,0,0,both,True
grid_full_prefix,0.75,119,20081006001735,0,0,both,True
grid_full_prefix,0.75,126,20081212033806,4,4,both,True
grid_full_prefix,0.75,126,20081213004659,4,4,both,True
grid_full_prefix,0.75,126,20081214061053,5,5,both,True
grid_full_prefix,0.75,126,20081215091804,4,4,both,True
grid_full_prefix,0.75,126,20081215092501,4,4,both,True
grid_full_prefix,0.75,126,20081216145734,11,11,both,True
grid_full_prefix,0.75,126,20081217012730,4,4,both,True
grid_full_prefix,0.75,126,20081220053722,4,4,both,True
grid_full_prefix,0.75,126,20081221091036,11,11,both,True
grid_full_prefix,0.75,126,20081222152354,11,11,both,True
grid_full_prefix,0.75,126,20081223021508,4,4,both,True
grid_full_prefix,0.75,126,20081223114649,4,4,both,True
grid_full_prefix,0.75,126,20081224083759,4,4,both,True
grid_full_prefix,0.75,126,20081224150332,11,11,both,True
grid_full_prefix,0.75,126,20081225013437,4,4,both,True
grid_full_prefix,0.75,126,20081225175024,11,11,both,True
grid_full_prefix,0.75,126,20081226014209,4,4,both,True
grid_full_prefix,0.75,126,20081228032227,11,11,both,True
grid_full_prefix,0.75,126,20081228171208,11,11,both,True
grid_full_prefix,0.75,126,20081229023536,4,4,both,True
grid_full_prefix,0.75,126,20081229160739,11,11,both,True
grid_full_prefix,0.75,126,20081231100109,4,4,both,True
grid_full_prefix,0.75,126,20090101140537,11,11,both,True
grid_full_prefix,0.75,126,20090106101155,11,11,both,True
grid_full_prefix,0.75,126,20090111132534,11,11,both,True
grid_full_prefix,0.75,126,20090112034936,4,4,both,True
grid_full_prefix,0.75,126,20090112162902,11,11,both,True
grid_full_prefix,0.75,126,20090113015238,11,11,both,True
grid_full_prefix,0.75,126,20090114122432,4,4,both,True
grid_full_prefix,0.75,126,20090115014729,4,4,both,True
grid_full_prefix,0.75,126,20090116023156,4,4,both,True
grid_full_prefix,0.75,126,20090116161154,11,11,both,True
grid_full_prefix,0.75,126,20090117023705,4,4,both,True
grid_full_prefix,0.75,126,20090118041307,4,4,both,True
grid_full_prefix,0.75,126,20090118143859,5,5,both,True
grid_full_prefix,0.75,126,20090119070358,4,4,both,True
grid_full_prefix,0.75,126,20090120055508,11,11,both,True
grid_full_prefix,0.75,126,20090121064258,4,4,both,True
grid_full_prefix,0.75,126,20090121183707,11,11,both,True
grid_full_prefix,0.75,126,20090122050259,5,5,both,True
grid_full_prefix,0.75,126,20090124035138,4,4,both,True
grid_full_prefix,0.75,126,20090125020229,4,4,both,True
grid_full_prefix,0.75,126,20090126054447,5,5,both,True
grid_full_prefix,0.75,126,20090128035001,4,4,both,True
grid_full_prefix,0.75,126,20090202105828,11,11,both,True
grid_full_prefix,0.75,126,20090203063004,4,4,both,True
grid_full_prefix,0.75,126,20090203143356,11,11,both,True
grid_full_prefix,0.75,126,20090204035659,4,4,both,True
grid_full_prefix,0.75,126,20090205033759,4,4,both,True
grid_full_prefix,0.75,126,20090206055100,4,4,both,True
grid_full_prefix,0.75,126,20090207004237,4,4,both,True
grid_full_prefix,0.75,126,20090207103659,11,11,both,True
grid_full_prefix,0.75,126,20090208012352,4,4,both,True
grid_full_prefix,0.75,126,20090210154623,11,11,both,True
grid_full_prefix,0.75,126,20090211044036,4,4,both,True
grid_full_prefix,0.75,126,20090213025810,4,4,both,True
grid_full_prefix,0.75,126,20090214035934,5,5,both,True
grid_full_prefix,0.75,126,20090215103622,5,5,both,True
grid_full_prefix,0.75,126,20090215180922,11,11,both,True
grid_full_prefix,0.75,126,20090216032915,4,4,both,True
grid_full_prefix,0.75,126,20090216172536,11,11,both,True
grid_full_prefix,0.75,126,20090217015359,4,4,both,True
grid_full_prefix,0.75,126,20090222102105,4,4,both,True
grid_full_prefix,0.75,134,20080103185715,4,4,both,True
grid_full_prefix,0.75,134,20080104192055,1,1,both,True
grid_full_prefix,0.75,134,20080105101716,0,0,both,True
grid_full_prefix,0.75,134,20080105224708,1,1,both,True
grid_full_prefix,0.75,134,20080107232831,4,4,both,True
grid_full_prefix,0.75,134,20080109110907,0,0,both,True
grid_full_prefix,0.75,134,20080111104704,0,0,both,True
grid_full_prefix,0.75,134,20080123204917,1,1,both,True
grid_full_prefix,0.75,134,20080124232414,1,1,both,True
grid_full_prefix,0.75,134,20080125214105,1,1,both,True
grid_full_prefix,0.75,134,20080126201731,1,1,both,True
grid_full_prefix,0.75,134,20080128232012,4,4,both,True
grid_full_prefix,0.75,134,20080131181918,0,0,both,True
grid_full_prefix,0.75,134,20080201122139,0,0,both,True
grid_full_prefix,0.75,134,20080204234133,1,1,both,True
grid_full_prefix,0.75,134,20080205091700,0,0,both,True
grid_full_prefix,0.75,144,20090320105734,8,8,both,True
grid_full_prefix,0.75,144,20090320220234,77,77,both,True
grid_full_prefix,0.75,144,20090321083221,81,81,both,True
grid_full_prefix,0.75,144,20090322014034,39,39,both,True
grid_full_prefix,0.75,144,20090323015052,39,39,both,True
grid_full_prefix,0.75,144,20090324004422,39,39,both,True
grid_full_prefix,0.75,144,20090326091104,8,8,both,True
grid_full_prefix,0.75,144,20090520102033,8,8,both,True
grid_full_prefix,0.75,144,20090521014154,16,16,both,True
grid_full_prefix,0.75,144,20090522002338,16,16,both,True
grid_full_prefix,0.75,144,20090522091556,8,8,both,True
grid_full_prefix,0.75,144,20090522221207,16,16,both,True
grid_full_prefix,0.75,144,20090525235137,8,8,both,True
grid_full_prefix,0.75,144,20090527145304,95,95,both,True
grid_full_prefix,0.75,144,20090529010040,95,95,both,True
grid_full_prefix,0.75,144,20090529232430,97,97,both,True
grid_full_prefix,0.75,144,20090531114801,8,8,both,True
grid_full_prefix,0.75,144,20090601112421,25,25,both,True
grid_full_prefix,0.75,144,20090601235432,25,25,both,True
grid_full_prefix,0.75,144,20090602235107,9,9,both,True
grid_full_prefix,0.75,144,20090603101837,8,8,both,True
grid_full_prefix,0.75,144,20090606065236,8,8,both,True
grid_full_prefix,0.75,144,20090607060603,8,8,both,True
grid_full_prefix,0.75,144,20090608235536,25,25,both,True
grid_full_prefix,0.75,144,20090609110322,8,8,both,True
grid_full_prefix,0.75,144,20090609235238,25,25,both,True
grid_full_prefix,0.75,144,20090613020636,8,8,both,True
grid_full_prefix,0.75,144,20090614073117,7,7,both,True
grid_full_prefix,0.75,144,20090614235131,9,9,both,True
grid_full_prefix,0.75,144,20090616024001,1,1,both,True
grid_full_prefix,0.75,144,20090616235600,16,16,both,True
grid_full_prefix,0.75,144,20090617102729,8,8,both,True
grid_full_prefix,0.75,144,20090620033405,70,70,both,True
grid_full_prefix,0.75,144,20090622113007,8,8,both,True
grid_full_prefix,0.75,144,20090622234605,9,9,both,True
grid_full_prefix,0.75,144,20090624235454,9,9,both,True
grid_full_prefix,0.75,144,20090625103805,8,8,both,True
grid_full_prefix,0.75,144,20090626000502,25,25,both,True
grid_full_prefix,0.75,144,20090627030407,8,8,both,True
grid_full_prefix,0.75,144,20090628061504,7,7,both,True
grid_full_prefix,0.75,144,20090628234833,9,9,both,True
grid_full_prefix,0.75,144,20090629235727,25,25,both,True
grid_full_prefix,0.75,144,20090701235103,9,9,both,True
grid_full_prefix,0.75,144,20090702235757,25,25,both,True
grid_full_prefix,0.75,144,20090704015352,71,71,both,True
grid_full_prefix,0.75,144,20090706033310,72,72,both,True
grid_full_prefix,0.75,144,20090707230534,74,74,both,True
grid_full_prefix,0.75,144,20090715203207,8,8,both,True
grid_full_prefix,0.75,144,20090715203922,89,89,both,True
grid_full_prefix,0.75,144,20090717111355,131,131,both,True
grid_full_prefix,0.75,144,20090719065636,86,86,both,True
grid_full_prefix,0.75,144,20090720000052,8,8,both,True
grid_full_prefix,0.75,144,20090722104535,8,8,both,True
grid_full_prefix,0.75,144,20090723102429,8,8,both,True
grid_full_prefix,0.75,144,20090723235233,25,25,both,True
grid_full_prefix,0.75,144,20090724100436,8,8,both,True
grid_full_prefix,0.75,144,20090725012937,68,68,both,True
grid_full_prefix,0.75,144,20090726084226,0,0,both,True
grid_full_prefix,0.75,144,20090726235306,9,9,both,True
grid_full_prefix,0.75,144,20090727110936,8,8,both,True
grid_full_prefix,0.75,144,20090728000707,16,16,both,True
grid_full_prefix,0.75,144,20090729001633,16,16,both,True
grid_full_prefix,0.75,144,20090729235433,9,9,both,True
grid_full_prefix,0.75,144,20090730104305,8,8,both,True
grid_full_prefix,0.75,144,20090731024535,67,67,both,True
grid_full_prefix,0.75,144,20090731233637,4,4,both,True
grid_full_prefix,0.75,144,20090802001036,4,4,both,True
grid_full_prefix,0.75,144,20090802235254,9,9,both,True
grid_full_prefix,0.75,144,20090803110500,8,8,both,True
grid_full_prefix,0.75,144,20090803235536,25,25,both,True
grid_full_prefix,0.75,144,20090804110750,8,8,both,True
grid_full_prefix,0.75,144,20090808060826,94,94,both,True
grid_full_prefix,0.75,144,20090808220159,43,43,both,True
grid_full_prefix,0.75,144,20090810235059,25,25,both,True
grid_full_prefix,0.75,144,20090811104834,89,89,both,True
grid_full_prefix,0.75,144,20090812100836,8,8,both,True
grid_full_prefix,0.75,144,20090813010535,16,16,both,True
grid_full_prefix,0.75,144,20090815031237,8,8,both,True
grid_full_prefix,0.75,144,20090816234933,9,9,both,True
grid_full_prefix,0.75,144,20090818104808,8,8,both,True
grid_full_prefix,0.75,144,20090819002103,16,16,both,True
grid_full_prefix,0.75,144,20090819093007,8,8,both,True
grid_full_prefix,0.75,144,20090819225202,8,8,both,True
grid_full_prefix,0.75,144,20090821003737,25,25,both,True
grid_full_prefix,0.75,144,20090821110053,8,8,both,True
grid_full_prefix,0.75,144,20090822075806,7,7,both,True
grid_full_prefix,0.75,144,20090823034437,8,8,both,True
grid_full_prefix,0.75,144,20090824101938,8,8,both,True
grid_full_prefix,0.75,144,20090825034334,35,35,both,True
grid_full_prefix,0.75,144,20090825235926,96,96,both,True
grid_full_prefix,0.75,144,20090827005038,96,96,both,True
grid_full_prefix,0.75,144,20090827114400,37,37,both,True
grid_full_prefix,0.75,144,20090828022936,21,21,both,True
grid_full_prefix,0.75,144,20090828154632,8,8,both,True
grid_full_prefix,0.75,144,20090830022303,25,25,both,True
grid_full_prefix,0.75,144,20090830235305,25,25,both,True
grid_full_prefix,0.75,144,20090903014903,16,16,both,True
grid_full_prefix,0.75,144,20090904034156,19,19,both,True
grid_full_prefix,0.75,144,20090905032524,8,8,both,True
grid_full_prefix,0.75,144,20090906023103,16,16,both,True
grid_full_prefix,0.75,144,20090906092908,19,19,both,True
grid_full_prefix,0.75,144,20090908234759,9,9,both,True
grid_full_prefix,0.75,144,20090909110407,8,8,both,True
grid_full_prefix,0.75,144,20090910004838,16,16,both,True
grid_full_prefix,0.75,144,20090911113635,8,8,both,True
grid_full_prefix,0.75,144,20090912053533,67,67,both,True
grid_full_prefix,0.75,144,20090913065703,8,8,both,True
grid_full_prefix,0.75,144,20090916001807,16,16,both,True
grid_full_prefix,0.75,144,20090916104304,8,8,both,True
grid_full_prefix,0.75,144,20090916234959,9,9,both,True
grid_full_prefix,0.75,144,20090917101935,8,8,both,True
grid_full_prefix,0.75,144,20090917235434,8,8,both,True
grid_full_prefix,0.75,144,20090918063018,8,8,both,True
grid_full_prefix,0.75,144,20090920052628,8,8,both,True
grid_full_prefix,0.75,144,20090920234831,9,9,both,True
grid_full_prefix,0.75,144,20090921102607,8,8,both,True
grid_full_prefix,0.75,144,20090921234959,25,25,both,True
grid_full_prefix,0.75,144,20090922235636,25,25,both,True
grid_full_prefix,0.75,144,20090923101746,86,86,both,True
grid_full_prefix,0.75,144,20090924054331,46,46,both,True
grid_full_prefix,0.75,147,20110429211108,3,3,both,True
grid_full_prefix,0.75,147,20110503092256,1,1,both,True
grid_full_prefix,0.75,147,20110503211058,3,3,both,True
grid_full_prefix,0.75,147,20110504090804,1,1,both,True
grid_full_prefix,0.75,147,20110504222727,3,3,both,True
grid_full_prefix,0.75,147,20110505093137,1,1,both,True
grid_full_prefix,0.75,147,20110509090537,1,1,both,True
grid_full_prefix,0.75,147,20110509213336,3,3,both,True
grid_full_prefix,0.75,147,20110510091728,1,1,both,True
grid_full_prefix,0.75,147,20110510220025,3,3,both,True
grid_full_prefix,0.75,147,20110511090033,1,1,both,True
grid_full_prefix,0.75,147,20110511220208,3,3,both,True
grid_full_prefix,0.75,147,20110512092100,1,1,both,True
grid_full_prefix,0.75,147,20110512213721,3,3,both,True
grid_full_prefix,0.75,147,20110513085630,1,1,both,True
grid_full_prefix,0.75,147,20110515092153,1,1,both,True
grid_full_prefix,0.75,147,20110516213330,3,3,both,True
grid_full_prefix,0.75,147,20110517221041,3,3,both,True
grid_full_prefix,0.75,147,20110518210025,3,3,both,True
grid_full_prefix,0.75,147,20110519084458,1,1,both,True
grid_full_prefix,0.75,168,20110808223334,5,5,both,True
grid_full_prefix,0.75,168,20110809130404,1,1,both,True
grid_full_prefix,0.75,168,20110809223728,5,5,both,True
grid_full_prefix,0.75,168,20110810114128,15,15,both,True
grid_full_prefix,0.75,168,20110810230703,1,1,both,True
grid_full_prefix,0.75,168,20110811111352,1,1,both,True
grid_full_prefix,0.75,168,20110813021333,1,1,both,True
grid_full_prefix,0.75,168,20110814082752,0,0,both,True
grid_full_prefix,0.75,168,20110814223234,5,5,both,True
grid_full_prefix,0.75,168,20110815094533,1,1,both,True
grid_full_prefix,0.75,168,20110815223434,5,5,both,True
grid_full_prefix,0.75,168,20110816121403,1,1,both,True
grid_full_prefix,0.75,168,20110816223828,5,5,both,True
grid_full_prefix,0.75,168,20110817113458,1,1,both,True
grid_full_prefix,0.75,168,20110817223957,5,5,both,True
grid_full_prefix,0.75,168,20110818101352,1,1,both,True
grid_full_prefix,0.75,168,20110820061322,5,5,both,True
grid_full_prefix,0.75,168,20110821223758,5,5,both,True
grid_full_prefix,0.75,168,20110822115552,1,1,both,True
grid_full_prefix,0.75,168,20110822224028,5,5,both,True
grid_full_prefix,0.75,168,20110823095558,1,1,both,True
grid_full_prefix,0.75,168,20110823224234,5,5,both,True
grid_full_prefix,0.75,168,20110824134528,1,1,both,True
grid_full_prefix,0.75,168,20110824224328,5,5,both,True
grid_full_prefix,0.75,179,20081021012324,9,9,both,True
grid_full_prefix,0.75,179,20081021110030,0,0,both,True
grid_full_prefix,0.75,179,20081026014505,0,0,both,True
grid_full_prefix,0.75,179,20081026113752,0,0,both,True
grid_full_prefix,0.75,179,20081027012336,9,9,both,True
grid_full_prefix,0.75,179,20081027123634,9,9,both,True
grid_full_prefix,0.75,179,20081027124519,0,0,both,True
grid_full_prefix,0.75,179,20081101013523,4,4,both,True
grid_full_prefix,0.75,179,20081106023054,0,0,both,True
grid_full_prefix,0.75,179,20081107090836,8,8,both,True
grid_full_prefix,0.75,179,20081109014530,0,0,both,True
grid_full_prefix,0.75,179,20081109120329,0,0,both,True
grid_full_prefix,0.75,179,20081115015705,9,9,both,True
grid_full_prefix,0.75,179,20081115105653,0,0,both,True
grid_full_prefix,0.75,179,20081116065153,0,0,both,True
grid_full_prefix,0.75,179,20081117025429,0,0,both,True
grid_full_prefix,0.75,179,20081117030421,0,0,both,True
grid_full_prefix,0.75,179,20081129015805,7,7,both,True
grid_last_state_only,0.25,0,20090603064302,4,4,both,True
grid_last_state_only,0.25,0,20090604053730,4,4,both,True
grid_last_state_only,0.25,0,20090605012707,4,4,both,True
grid_last_state_only,0.25,0,20090606060037,0,0,both,True
grid_last_state_only,0.25,0,20090607075255,0,0,both,True
grid_last_state_only,0.25,0,20090607163831,0,0,both,True
grid_last_state_only,0.25,0,20090608060034,4,4,both,True
grid_last_state_only,0.25,0,20090609002030,0,0,both,True
grid_last_state_only,0.25,0,20090610062438,4,4,both,True
grid_last_state_only,0.25,0,20090610223636,13,13,both,True
grid_last_state_only,0.25,0,20090611221204,4,4,both,True
grid_last_state_only,0.25,0,20090612072227,0,0,both,True
grid_last_state_only,0.25,0,20090612220336,4,4,both,True
grid_last_state_only,0.25,0,20090614065303,4,4,both,True
grid_last_state_only,0.25,0,20090615055603,4,4,both,True
grid_last_state_only,0.25,0,20090615183206,0,0,both,True
grid_last_state_only,0.25,0,20090616054128,0,0,both,True
grid_last_state_only,0.25,0,20090618005931,0,0,both,True
grid_last_state_only,0.25,0,20090619004036,4,4,both,True
grid_last_state_only,0.25,0,20090620024527,4,4,both,True
grid_last_state_only,0.25,0,20090621101407,0,0,both,True
grid_last_state_only,0.25,0,20090622095432,0,0,both,True
grid_last_state_only,0.25,0,20090623043635,4,4,both,True
grid_last_state_only,0.25,0,20090623233404,4,4,both,True
grid_last_state_only,0.25,0,20090624070430,0,0,both,True
grid_last_state_only,0.25,0,20090624215736,4,4,both,True
grid_last_state_only,0.25,0,20090625041631,15,15,both,True
grid_last_state_only,0.25,0,20090626101307,4,4,both,True
grid_last_state_only,0.25,0,20090627025208,4,4,both,True
grid_last_state_only,0.25,0,20090627101821,4,4,both,True
grid_last_state_only,0.25,0,20090628005229,16,16,both,True
grid_last_state_only,0.25,0,20090629011630,4,4,both,True
grid_last_state_only,0.25,0,20090629173335,0,0,both,True
grid_last_state_only,0.25,0,20090630045606,4,4,both,True
grid_last_state_only,0.25,0,20090701044033,4,4,both,True
grid_last_state_only,0.25,0,20090701171936,0,0,both,True
grid_last_state_only,0.25,0,20090702022530,11,11,both,True
grid_last_state_only,0.25,0,20090703002800,0,0,both,True
grid_last_state_only,0.25,0,20090704042634,0,0,both,True
grid_last_state_only,0.25,0,20090705025307,4,4,both,True
grid_last_state_only,0.25,16,20081202110923,3,3,both,True
grid_last_state_only,0.25,16,20081203091735,8,8,both,True
grid_last_state_only,0.25,16,20081208003122,0,0,both,True
grid_last_state_only,0.25,16,20081209014205,0,0,both,True
grid_last_state_only,0.25,16,20081210004205,3,3,both,True
grid_last_state_only,0.25,16,20081210102335,0,0,both,True
grid_last_state_only,0.25,16,20081211005204,0,0,both,True
grid_last_state_only,0.25,16,20081212071854,0,0,both,True
grid_last_state_only,0.25,16,20081213085404,3,3,both,True
grid_last_state_only,0.25,16,20081214050759,0,0,both,True
grid_last_state_only,0.25,16,20081215004559,0,0,both,True
grid_last_state_only,0.25,16,20081216010805,0,0,both,True
grid_last_state_only,0.25,17,20090319050008,0,0,both,True
grid_last_state_only,0.25,17,20090319091136,0,0,both,True
grid_last_state_only,0.25,17,20090319124458,0,0,both,True
grid_last_state_only,0.25,17,20090320000946,0,0,both,True
grid_last_state_only,0.25,17,20090320004539,3,3,both,True
grid_last_state_only,0.25,17,20090321050356,0,0,both,True
grid_last_state_only,0.25,17,20090322052036,0,0,both,True
grid_last_state_only,0.25,17,20090323000531,0,0,both,True
grid_last_state_only,0.25,17,20090323145837,0,0,both,True
grid_last_state_only,0.25,17,20090323212145,55,55,both,True
grid_last_state_only,0.25,17,20090325000739,34,34,both,True
grid_last_state_only,0.25,17,20090326000154,0,0,both,True
grid_last_state_only,0.25,17,20090326113406,3,3,both,True
grid_last_state_only,0.25,17,20090327002511,3,3,both,True
grid_last_state_only,0.25,17,20090328041725,0,0,both,True
grid_last_state_only,0.25,17,20090329025818,0,0,both,True
grid_last_state_only,0.25,17,20090329235347,0,0,both,True
grid_last_state_only,0.25,17,20090330112458,0,0,both,True
grid_last_state_only,0.25,17,20090331235635,0,0,both,True
grid_last_state_only,0.25,17,20090401235303,0,0,both,True
grid_last_state_only,0.25,17,20090402235820,3,3,both,True
grid_last_state_only,0.25,17,20090403131503,0,0,both,True
grid_last_state_only,0.25,17,20090404020155,0,0,both,True
grid_last_state_only,0.25,17,20090405053007,0,0,both,True
grid_last_state_only,0.25,17,20090406060347,0,0,both,True
grid_last_state_only,0.25,17,20090406233133,1,1,both,True
grid_last_state_only,0.25,17,20090407122913,0,0,both,True
grid_last_state_only,0.25,17,20090407234410,0,0,both,True
grid_last_state_only,0.25,17,20090408235354,3,3,both,True
grid_last_state_only,0.25,17,20090409234539,34,34,both,True
grid_last_state_only,0.25,17,20090411000325,0,0,both,True
grid_last_state_only,0.25,17,20090412014730,0,0,both,True
grid_last_state_only,0.25,17,20090413000008,3,3,both,True
grid_last_state_only,0.25,17,20090413235216,3,3,both,True
grid_last_state_only,0.25,17,20090415234514,0,0,both,True
grid_last_state_only,0.25,17,20090416234739,0,0,both,True
grid_last_state_only,0.25,17,20090418014515,0,0,both,True
grid_last_state_only,0.25,17,20090419010400,0,0,both,True
grid_last_state_only,0.25,17,20090419130441,0,0,both,True
grid_last_state_only,0.25,17,20090420000026,0,0,both,True
grid_last_state_only,0.25,17,20090420110816,0,0,both,True
grid_last_state_only,0.25,17,20090420235733,3,3,both,True
grid_last_state_only,0.25,17,20090421124855,0,0,both,True
grid_last_state_only,0.25,17,20090421234946,1,1,both,True
grid_last_state_only,0.25,17,20090513094309,0,0,both,True
grid_last_state_only,0.25,17,20090513232947,0,0,both,True
grid_last_state_only,0.25,17,20090514090933,0,0,both,True
grid_last_state_only,0.25,17,20090515020800,0,0,both,True
grid_last_state_only,0.25,17,20090516010239,0,0,both,True
grid_last_state_only,0.25,17,20090517033915,0,0,both,True
grid_last_state_only,0.25,17,20090517054300,0,0,both,True
grid_last_state_only,0.25,17,20090519003045,0,0,both,True
grid_last_state_only,0.25,17,20090520231518,0,0,both,True
grid_last_state_only,0.25,17,20090521234308,0,0,both,True
grid_last_state_only,0.25,17,20090523022436,0,0,both,True
grid_last_state_only,0.25,17,20090524232403,9,9,both,True
grid_last_state_only,0.25,17,20090526051336,0,0,both,True
grid_last_state_only,0.25,17,20090528012914,5,5,both,True
grid_last_state_only,0.25,17,20090530054703,0,0,both,True
grid_last_state_only,0.25,17,20090531001952,0,0,both,True
grid_last_state_only,0.25,17,20090601000744,34,34,both,True
grid_last_state_only,0.25,17,20090601235202,0,0,both,True
grid_last_state_only,0.25,17,20090602131142,0,0,both,True
grid_last_state_only,0.25,17,20090603233338,0,0,both,True
grid_last_state_only,0.25,17,20090604232209,0,0,both,True
grid_last_state_only,0.25,17,20090607021214,0,0,both,True
grid_last_state_only,0.25,17,20090607234645,0,0,both,True
grid_last_state_only,0.25,17,20090608233046,0,0,both,True
grid_last_state_only,0.25,17,20090609233900,0,0,both,True
grid_last_state_only,0.25,17,20090610135201,3,3,both,True
grid_last_state_only,0.25,17,20090610232548,0,0,both,True
grid_last_state_only,0.25,17,20090611234447,3,3,both,True
grid_last_state_only,0.25,17,20090613010507,0,0,both,True
grid_last_state_only,0.25,17,20090613144446,0,0,both,True
grid_last_state_only,0.25,17,20090613231704,54,54,both,True
grid_last_state_only,0.25,17,20090614233331,0,0,both,True
grid_last_state_only,0.25,17,20090615233906,0,0,both,True
grid_last_state_only,0.25,17,20090617131111,0,0,both,True
grid_last_state_only,0.25,17,20090617235133,3,3,both,True
grid_last_state_only,0.25,17,20090618235545,13,13,both,True
grid_last_state_only,0.25,17,20090619234854,0,0,both,True
grid_last_state_only,0.25,17,20090621012524,0,0,both,True
grid_last_state_only,0.25,17,20090621094628,0,0,both,True
grid_last_state_only,0.25,17,20090623000214,0,0,both,True
grid_last_state_only,0.25,17,20090623141709,0,0,both,True
grid_last_state_only,0.25,17,20090624121832,3,3,both,True
grid_last_state_only,0.25,17,20090625014745,0,0,both,True
grid_last_state_only,0.25,17,20090625232715,3,3,both,True
grid_last_state_only,0.25,17,20090627012536,53,53,both,True
grid_last_state_only,0.25,17,20090628013245,0,0,both,True
grid_last_state_only,0.25,17,20090630001301,3,3,both,True
grid_last_state_only,0.25,17,20090702000608,3,3,both,True
grid_last_state_only,0.25,17,20090702094931,3,3,both,True
grid_last_state_only,0.25,17,20090703000110,5,5,both,True
grid_last_state_only,0.25,17,20090704063554,0,0,both,True
grid_last_state_only,0.25,19,20081208063648,4,4,both,True
grid_last_state_only,0.25,19,20081208093749,25,25,both,True
grid_last_state_only,0.25,19,20081208115451,0,0,both,True
grid_last_state_only,0.25,19,20081209002742,0,0,both,True
grid_last_state_only,0.25,19,20081209101839,0,0,both,True
grid_last_state_only,0.25,19,20081209125837,0,0,both,True
grid_last_state_only,0.25,19,20081209150349,0,0,both,True
grid_last_state_only,0.25,19,20081210051634,4,4,both,True
grid_last_state_only,0.25,19,20081210055142,6,6,both,True
grid_last_state_only,0.25,19,20081210062239,0,0,both,True
grid_last_state_only,0.25,19,20081210085203,0,0,both,True
grid_last_state_only,0.25,19,20081210093504,0,0,both,True
grid_last_state_only,0.25,19,20081211001406,0,0,both,True
grid_last_state_only,0.25,19,20081211024057,23,23,both,True
grid_last_state_only,0.25,19,20081211034454,5,5,both,True
grid_last_state_only,0.25,19,20081211044214,0,0,both,True
grid_last_state_only,0.25,19,20081213075114,0,0,both,True
grid_last_state_only,0.25,19,20081214002807,0,0,both,True
grid_last_state_only,0.25,19,20081214092748,7,7,both,True
grid_last_state_only,0.25,20,20111115013237,1,1,both,True
grid_last_state_only,0.25,20,20111116153831,0,0,both,True
grid_last_state_only,0.25,20,20111117020931,0,0,both,True
grid_last_state_only,0.25,20,20111118101629,1,1,both,True
grid_last_state_only,0.25,20,20111119042142,1,1,both,True
grid_last_state_only,0.25,20,20111119155101,0,0,both,True
grid_last_state_only,0.25,20,20111120161356,0,0,both,True
grid_last_state_only,0.25,20,20111121013035,1,1,both,True
grid_last_state_only,0.25,20,20111122014130,1,1,both,True
grid_last_state_only,0.25,20,20111122151957,0,0,both,True
grid_last_state_only,0.25,20,20111123154525,0,0,both,True
grid_last_state_only,0.25,20,20111124020829,1,1,both,True
grid_last_state_only,0.25,20,20111124154938,0,0,both,True
grid_last_state_only,0.25,20,20111125014422,1,1,both,True
grid_last_state_only,0.25,20,20111125152106,0,0,both,True
grid_last_state_only,0.25,20,20111128015322,1,1,both,True
grid_last_state_only,0.25,20,20111128151537,0,0,both,True
grid_last_state_only,0.25,20,20111129015531,1,1,both,True
grid_last_state_only,0.25,20,20111129151955,1,1,both,True
grid_last_state_only,0.25,20,20111130015030,1,1,both,True
grid_last_state_only,0.25,20,20111130151807,0,0,both,True
grid_last_state_only,0.25,20,20111130152335,1,1,both,True
grid_last_state_only,0.25,20,20111201020105,1,1,both,True
grid_last_state_only,0.25,20,20111202020153,1,1,both,True
grid_last_state_only,0.25,20,20111206145735,0,0,both,True
grid_last_state_only,0.25,20,20111209015635,1,1,both,True
grid_last_state_only,0.25,20,20111213143458,0,0,both,True
grid_last_state_only,0.25,20,20111220145401,0,0,both,True
grid_last_state_only,0.25,20,20111221014028,1,1,both,True
grid_last_state_only,0.25,20,20111221150308,0,0,both,True
grid_last_state_only,0.25,20,20111222021305,1,1,both,True
grid_last_state_only,0.25,20,20111223015835,1,1,both,True
grid_last_state_only,0.25,20,20111227051001,0,0,both,True
grid_last_state_only,0.25,24,20090318010336,3,3,both,True
grid_last_state_only,0.25,24,20090319051300,3,3,both,True
grid_last_state_only,0.25,24,20090319232505,3,3,both,True
grid_last_state_only,0.25,24,20090320092600,3,3,both,True
grid_last_state_only,0.25,24,20090321000237,3,3,both,True
grid_last_state_only,0.25,24,20090321235532,4,4,both,True
grid_last_state_only,0.25,24,20090322063047,3,3,both,True
grid_last_state_only,0.25,24,20090323232430,5,5,both,True
grid_last_state_only,0.25,24,20090325001055,3,3,both,True
grid_last_state_only,0.25,24,20090325232230,3,3,both,True
grid_last_state_only,0.25,24,20090512010704,5,5,both,True
grid_last_state_only,0.25,24,20090512231006,3,3,both,True
grid_last_state_only,0.25,24,20090514001608,3,3,both,True
grid_last_state_only,0.25,24,20090515051736,3,3,both,True
grid_last_state_only,0.25,24,20090516000230,3,3,both,True
grid_last_state_only,0.25,24,20090518010033,3,3,both,True
grid_last_state_only,0.25,24,20090519002637,3,3,both,True
grid_last_state_only,0.25,24,20090519231433,3,3,both,True
grid_last_state_only,0.25,24,20090520231037,3,3,both,True
grid_last_state_only,0.25,24,20090522012954,3,3,both,True
grid_last_state_only,0.25,24,20090523001107,3,3,both,True
grid_last_state_only,0.25,24,20090524061723,3,3,both,True
grid_last_state_only,0.25,24,20090525230436,3,3,both,True
grid_last_state_only,0.25,24,20090526104409,3,3,both,True
grid_last_state_only,0.25,25,20090511025404,0,0,both,True
grid_last_state_only,0.25,25,20090511074253,0,0,both,True
grid_last_state_only,0.25,25,20090511120543,0,0,both,True
grid_last_state_only,0.25,25,20090512000606,115,115,both,True
grid_last_state_only,0.25,25,20090512082957,0,0,both,True
grid_last_state_only,0.25,25,20090513013740,0,0,both,True
grid_last_state_only,0.25,25,20090513105350,0,0,both,True
grid_last_state_only,0.25,25,20090514000001,0,0,both,True
grid_last_state_only,0.25,25,20090514015739,0,0,both,True
grid_last_state_only,0.25,25,20090514025341,0,0,both,True
grid_last_state_only,0.25,25,20090514100158,0,0,both,True
grid_last_state_only,0.25,25,20090515000000,0,0,both,True
grid_last_state_only,0.25,25,20090516044805,115,115,both,True
grid_last_state_only,0.25,25,20090516061230,115,115,both,True
grid_last_state_only,0.25,25,20090516105352,115,115,both,True
grid_last_state_only,0.25,25,20090517010002,47,47,both,True
grid_last_state_only,0.25,25,20090517055402,40,40,both,True
grid_last_state_only,0.25,25,20090517092755,57,57,both,True
grid_last_state_only,0.25,25,20090517120000,115,115,both,True
grid_last_state_only,0.25,25,20090518101843,51,51,both,True
grid_last_state_only,0.25,25,20090518121117,47,47,both,True
grid_last_state_only,0.25,25,20090519013040,57,57,both,True
grid_last_state_only,0.25,25,20090519122006,40,40,both,True
grid_last_state_only,0.25,25,20090520000243,38,38,both,True
grid_last_state_only,0.25,25,20090520114811,0,0,both,True
grid_last_state_only,0.25,25,20090520234651,0,0,both,True
grid_last_state_only,0.25,25,20090521042205,0,0,both,True
grid_last_state_only,0.25,25,20090521053513,0,0,both,True
grid_last_state_only,0.25,25,20090521235502,32,32,both,True
grid_last_state_only,0.25,25,20090522042917,93,93,both,True
grid_last_state_only,0.25,25,20090523000115,0,0,both,True
grid_last_state_only,0.25,25,20090523044126,93,93,both,True
grid_last_state_only,0.25,25,20090524000415,0,0,both,True
grid_last_state_only,0.25,25,20090524042347,93,93,both,True
grid_last_state_only,0.25,25,20090524075447,0,0,both,True
grid_last_state_only,0.25,25,20090525000736,0,0,both,True
grid_last_state_only,0.25,25,20090525040854,93,93,both,True
grid_last_state_only,0.25,25,20090525074414,93,93,both,True
grid_last_state_only,0.25,25,20090525081250,93,93,both,True
grid_last_state_only,0.25,25,20090525235606,0,0,both,True
grid_last_state_only,0.25,25,20090526044933,93,93,both,True
grid_last_state_only,0.25,25,20090526084328,0,0,both,True
grid_last_state_only,0.25,25,20090526235709,0,0,both,True
grid_last_state_only,0.25,25,20090527045639,93,93,both,True
grid_last_state_only,0.25,25,20090527092852,0,0,both,True
grid_last_state_only,0.25,25,20090528000132,0,0,both,True
grid_last_state_only,0.25,25,20090528043016,93,93,both,True
grid_last_state_only,0.25,25,20090528074406,93,93,both,True
grid_last_state_only,0.25,25,20090528104309,0,0,both,True
grid_last_state_only,0.25,25,20090528123505,0,0,both,True
grid_last_state_only,0.25,25,20090529021453,0,0,both,True
grid_last_state_only,0.25,25,20090529044013,0,0,both,True
grid_last_state_only,0.25,25,20090529081236,93,93,both,True
grid_last_state_only,0.25,25,20090529100124,0,0,both,True
grid_last_state_only,0.25,25,20090530000803,0,0,both,True
grid_last_state_only,0.25,25,20090530092855,93,93,both,True
grid_last_state_only,0.25,25,20090531000007,32,32,both,True
grid_last_state_only,0.25,25,20090531090700,93,93,both,True
grid_last_state_only,0.25,25,20090601104724,0,0,both,True
grid_last_state_only,0.25,25,20090601113739,0,0,both,True
grid_last_state_only,0.25,25,20090601121555,0,0,both,True
grid_last_state_only,0.25,25,20090602041611,0,0,both,True
grid_last_state_only,0.25,25,20090602101840,93,93,both,True
grid_last_state_only,0.25,25,20090603033735,0,0,both,True
grid_last_state_only,0.25,25,20090603102054,0,0,both,True
grid_last_state_only,0.25,25,20090604040956,0,0,both,True
grid_last_state_only,0.25,25,20090604104645,93,93,both,True
grid_last_state_only,0.25,25,20090605035359,0,0,both,True
grid_last_state_only,0.25,25,20090605094502,93,93,both,True
grid_last_state_only,0.25,25,20090605112034,0,0,both,True
grid_last_state_only,0.25,25,20090606005515,0,0,both,True
grid_last_state_only,0.25,25,20090606093819,93,93,both,True
grid_last_state_only,0.25,25,20090606120215,0,0,both,True
grid_last_state_only,0.25,25,20090606234144,115,115,both,True
grid_last_state_only,0.25,25,20090607113902,14,14,both,True
grid_last_state_only,0.25,25,20090608005335,14,14,both,True
grid_last_state_only,0.25,25,20090609012637,14,14,both,True
grid_last_state_only,0.25,25,20090609090605,14,14,both,True
grid_last_state_only,0.25,25,20090609112946,14,14,both,True
grid_last_state_only,0.25,25,20090610023300,14,14,both,True
grid_last_state_only,0.25,25,20090610095604,14,14,both,True
grid_last_state_only,0.25,25,20090610170259,0,0,both,True
grid_last_state_only,0.25,25,20090611085512,0,0,both,True
grid_last_state_only,0.25,25,20090611113001,0,0,both,True
grid_last_state_only,0.25,25,20090612040740,0,0,both,True
grid_last_state_only,0.25,25,20090612064142,0,0,both,True
grid_last_state_only,0.25,25,20090612130630,0,0,both,True
grid_last_state_only,0.25,25,20090612145033,0,0,both,True
grid_last_state_only,0.25,25,20090614050830,0,0,both,True
grid_last_state_only,0.25,25,20090614085036,0,0,both,True
grid_last_state_only,0.25,25,20090614123454,0,0,both,True
grid_last_state_only,0.25,25,20090615074716,0,0,both,True
grid_last_state_only,0.25,25,20090615132630,0,0,both,True
grid_last_state_only,0.25,25,20090615142743,0,0,both,True
grid_last_state_only,0.25,25,20090616000900,0,0,both,True
grid_last_state_only,0.25,25,20090616093056,0,0,both,True
grid_last_state_only,0.25,25,20090617042939,0,0,both,True
grid_last_state_only,0.25,25,20090617104840,93,93,both,True
grid_last_state_only,0.25,25,20090618010806,0,0,both,True
grid_last_state_only,0.25,25,20090618064236,93,93,both,True
grid_last_state_only,0.25,25,20090619002314,0,0,both,True
grid_last_state_only,0.25,25,20090619023451,0,0,both,True
grid_last_state_only,0.25,25,20090620001440,0,0,both,True
grid_last_state_only,0.25,25,20090620035727,93,93,both,True
grid_last_state_only,0.25,25,20090620092630,93,93,both,True
grid_last_state_only,0.25,25,20090621005632,0,0,both,True
grid_last_state_only,0.25,25,20090621094130,93,93,both,True
grid_last_state_only,0.25,25,20090621130111,0,0,both,True
grid_last_state_only,0.25,25,20090622001245,0,0,both,True
grid_last_state_only,0.25,25,20090622050547,0,0,both,True
grid_last_state_only,0.25,25,20090622092840,0,0,both,True
grid_last_state_only,0.25,25,20090623012719,0,0,both,True
grid_last_state_only,0.25,25,20090623042946,93,93,both,True
grid_last_state_only,0.25,25,20090623085109,0,0,both,True
grid_last_state_only,0.25,25,20090623100934,0,0,both,True
grid_last_state_only,0.25,25,20090623133306,103,103,both,True
grid_last_state_only,0.25,25,20090623153918,74,74,both,True
grid_last_state_only,0.25,25,20090624024641,0,0,both,True
grid_last_state_only,0.25,25,20090624081836,0,0,both,True
grid_last_state_only,0.25,25,20090625000008,103,103,both,True
grid_last_state_only,0.25,25,20090625034002,0,0,both,True
grid_last_state_only,0.25,25,20090626071038,0,0,both,True
grid_last_state_only,0.25,25,20090626115640,0,0,both,True
grid_last_state_only,0.25,25,20090626142016,0,0,both,True
grid_last_state_only,0.25,25,20090627022716,0,0,both,True
grid_last_state_only,0.25,25,20090627065710,0,0,both,True
grid_last_state_only,0.25,25,20090628101336,0,0,both,True
grid_last_state_only,0.25,25,20090629002542,0,0,both,True
grid_last_state_only,0.25,25,20090629013154,0,0,both,True
grid_last_state_only,0.25,25,20090629081014,0,0,both,True
grid_last_state_only,0.25,25,20090630074500,0,0,both,True
grid_last_state_only,0.25,25,20090630110602,0,0,both,True
grid_last_state_only,0.25,25,20090630123834,0,0,both,True
grid_last_state_only,0.25,25,20090701084100,0,0,both,True
grid_last_state_only,0.25,25,20090701091446,0,0,both,True
grid_last_state_only,0.25,25,20090701143746,0,0,both,True
grid_last_state_only,0.25,25,20090701165346,0,0,both,True
grid_last_state_only,0.25,25,20090702025218,0,0,both,True
grid_last_state_only,0.25,25,20090702091404,0,0,both,True
grid_last_state_only,0.25,25,20090702114731,0,0,both,True
grid_last_state_only,0.25,25,20090703013710,0,0,both,True
grid_last_state_only,0.25,25,20090703022251,0,0,both,True
grid_last_state_only,0.25,25,20090703053357,0,0,both,True
grid_last_state_only,0.25,25,20090703093956,0,0,both,True
grid_last_state_only,0.25,25,20090703135348,0,0,both,True
grid_last_state_only,0.25,25,20090704042738,0,0,both,True
grid_last_state_only,0.25,25,20090704101609,0,0,both,True
grid_last_state_only,0.25,25,20090705044519,0,0,both,True
grid_last_state_only,0.25,25,20090705093145,0,0,both,True
grid_last_state_only,0.25,25,20090705142119,0,0,both,True
grid_last_state_only,0.25,25,20090705234132,0,0,both,True
grid_last_state_only,0.25,25,20090706033701,0,0,both,True
grid_last_state_only,0.25,25,20090706042627,0,0,both,True
grid_last_state_only,0.25,25,20090706112513,0,0,both,True
grid_last_state_only,0.25,25,20090706124423,0,0,both,True
grid_last_state_only,0.25,25,20090707072302,0,0,both,True
grid_last_state_only,0.25,25,20090707091545,0,0,both,True
grid_last_state_only,0.25,25,20090708020049,0,0,both,True
grid_last_state_only,0.25,25,20090708032528,0,0,both,True
grid_last_state_only,0.25,25,20090708083822,93,93,both,True
grid_last_state_only,0.25,25,20090708112912,38,38,both,True
grid_last_state_only,0.25,25,20090709001109,51,51,both,True
grid_last_state_only,0.25,25,20090710102416,40,40,both,True
grid_last_state_only,0.25,25,20090710134415,40,40,both,True
grid_last_state_only,0.25,25,20090711073706,57,57,both,True
grid_last_state_only,0.25,25,20090711091028,57,57,both,True
grid_last_state_only,0.25,26,20090321063103,0,0,both,True
grid_last_state_only,0.25,26,20090321235040,6,6,both,True
grid_last_state_only,0.25,26,20090325081528,0,0,both,True
grid_last_state_only,0.25,26,20090405033104,0,0,both,True
grid_last_state_only,0.25,26,20090405164834,0,0,both,True
grid_last_state_only,0.25,26,20090407094503,0,0,both,True
grid_last_state_only,0.25,26,20090408040922,0,0,both,True
grid_last_state_only,0.25,26,20090411011503,0,0,both,True
grid_last_state_only,0.25,26,20090414091952,0,0,both,True
grid_last_state_only,0.25,26,20090415014804,7,7,both,True
grid_last_state_only,0.25,26,20090418032222,0,0,both,True
grid_last_state_only,0.25,28,20090408000034,12,12,both,True
grid_last_state_only,0.25,28,20090408091659,2,2,both,True
grid_last_state_only,0.25,28,20090408234136,12,12,both,True
grid_last_state_only,0.25,28,20090410052703,3,3,both,True
grid_last_state_only,0.25,28,20090413091309,2,2,both,True
grid_last_state_only,0.25,28,20090413222107,3,3,both,True
grid_last_state_only,0.25,28,20090414104608,2,2,both,True
grid_last_state_only,0.25,28,20090414222138,3,3,both,True
grid_last_state_only,0.25,28,20090415080832,2,2,both,True
grid_last_state_only,0.25,28,20090416091157,2,2,both,True
grid_last_state_only,0.25,28,20090416222138,3,3,both,True
grid_last_state_only,0.25,28,20090417073556,2,2,both,True
grid_last_state_only,0.25,28,20090420091753,2,2,both,True
grid_last_state_only,0.25,28,20090420222226,3,3,both,True
grid_last_state_only,0.25,28,20090421093501,2,2,both,True
grid_last_state_only,0.25,28,20090421222226,3,3,both,True
grid_last_state_only,0.25,29,20090310075634,1,1,both,True
grid_last_state_only,0.25,29,20090310230051,1,1,both,True
grid_last_state_only,0.25,29,20090311225433,1,1,both,True
grid_last_state_only,0.25,29,20090312112334,0,0,both,True
grid_last_state_only,0.25,29,20090312231752,1,1,both,True
grid_last_state_only,0.25,29,20090313090729,0,0,both,True
grid_last_state_only,0.25,29,20090315225504,1,1,both,True
grid_last_state_only,0.25,29,20090316090503,0,0,both,True
grid_last_state_only,0.25,29,20090317225758,1,1,both,True
grid_last_state_only,0.25,29,20090318090128,0,0,both,True
grid_last_state_only,0.25,29,20090321022628,0,0,both,True
grid_last_state_only,0.25,35,20090407073512,0,0,both,True
grid_last_state_only,0.25,35,20090407210407,0,0,both,True
grid_last_state_only,0.25,35,20090409210105,0,0,both,True
grid_last_state_only,0.25,35,20090411000535,0,0,both,True
grid_last_state_only,0.25,35,20090412205936,0,0,both,True
grid_last_state_only,0.25,35,20090413063915,0,0,both,True
grid_last_state_only,0.25,35,20090413210306,0,0,both,True
grid_last_state_only,0.25,35,20090414210553,0,0,both,True
grid_last_state_only,0.25,35,20090415210305,0,0,both,True
grid_last_state_only,0.25,35,20090416210531,0,0,both,True
grid_last_state_only,0.25,35,20090418035753,0,0,both,True
grid_last_state_only,0.25,35,20090419210937,0,0,both,True
grid_last_state_only,0.25,35,20090420064050,0,0,both,True
grid_last_state_only,0.25,35,20090420205905,0,0,both,True
grid_last_state_only,0.25,35,20090421205900,0,0,both,True
grid_last_state_only,0.25,35,20090422210636,0,0,both,True
grid_last_state_only,0.25,35,20090426050031,0,0,both,True
grid_last_state_only,0.25,35,20090426132556,0,0,both,True
grid_last_state_only,0.25,35,20090426211055,0,0,both,True
grid_last_state_only,0.25,36,20090407033154,8,8,both,True
grid_last_state_only,0.25,36,20090408094615,8,8,both,True
grid_last_state_only,0.25,36,20090409012524,8,8,both,True
grid_last_state_only,0.25,36,20090410053505,4,4,both,True
grid_last_state_only,0.25,36,20090411021801,8,8,both,True
grid_last_state_only,0.25,36,20090412125703,8,8,both,True
grid_last_state_only,0.25,36,20090413034508,8,8,both,True
grid_last_state_only,0.25,36,20090417083536,8,8,both,True
grid_last_state_only,0.25,36,20090418004038,4,4,both,True
grid_last_state_only,0.25,36,20090419025430,13,13,both,True
grid_last_state_only,0.25,36,20090423102604,8,8,both,True
grid_last_state_only,0.25,36,20090424112604,8,8,both,True
grid_last_state_only,0.25,36,20090426095159,5,5,both,True
grid_last_state_only,0.25,36,20090702005634,4,4,both,True
grid_last_state_only,0.25,36,20090705231822,4,4,both,True
grid_last_state_only,0.25,36,20090707011733,4,4,both,True
grid_last_state_only,0.25,36,20090708012505,9,9,both,True
grid_last_state_only,0.25,36,20090709003722,9,9,both,True
grid_last_state_only,0.25,37,20090412233403,0,0,both,True
grid_last_state_only,0.25,37,20090413051250,0,0,both,True
grid_last_state_only,0.25,37,20090414235037,0,0,both,True
grid_last_state_only,0.25,37,20090415021434,0,0,both,True
grid_last_state_only,0.25,37,20090415053841,0,0,both,True
grid_last_state_only,0.25,37,20090415095346,0,0,both,True
grid_last_state_only,0.25,37,20090416000510,0,0,both,True
grid_last_state_only,0.25,37,20090416015706,0,0,both,True
grid_last_state_only,0.25,37,20090416060054,0,0,both,True
grid_last_state_only,0.25,37,20090416105528,0,0,both,True
grid_last_state_only,0.25,37,20090416231030,0,0,both,True
grid_last_state_only,0.25,37,20090417084221,0,0,both,True
grid_last_state_only,0.25,37,20090418004033,0,0,both,True
grid_last_state_only,0.25,37,20090418025919,0,0,both,True
grid_last_state_only,0.25,37,20090418071235,0,0,both,True
grid_last_state_only,0.25,37,20090418100418,0,0,both,True
grid_last_state_only,0.25,37,20090419123615,17,17,both,True
grid_last_state_only,0.25,37,20090420054955,0,0,both,True
grid_last_state_only,0.25,37,20090421021702,0,0,both,True
grid_last_state_only,0.25,37,20090429121018,17,17,both,True
grid_last_state_only,0.25,37,20090710082418,0,0,both,True
grid_last_state_only,0.25,37,20090711025530,0,0,both,True
grid_last_state_only,0.25,37,20090711074039,0,0,both,True
grid_last_state_only,0.25,37,20090713004736,0,0,both,True
grid_last_state_only,0.25,37,20090713040933,3,3,both,True
grid_last_state_only,0.25,37,20090713232437,0,0,both,True
grid_last_state_only,0.25,37,20090713234910,0,0,both,True
grid_last_state_only,0.25,37,20090714081132,0,0,both,True
grid_last_state_only,0.25,37,20090714081826,0,0,both,True
grid_last_state_only,0.25,37,20090714235210,0,0,both,True
grid_last_state_only,0.25,37,20090715235505,0,0,both,True
grid_last_state_only,0.25,37,20090717064434,0,0,both,True
grid_last_state_only,0.25,37,20090719222647,0,0,both,True
grid_last_state_only,0.25,37,20090720231809,0,0,both,True
grid_last_state_only,0.25,37,20090722000259,0,0,both,True
grid_last_state_only,0.25,37,20090724195433,0,0,both,True
grid_last_state_only,0.25,37,20090730101508,0,0,both,True
grid_last_state_only,0.25,38,20090410124138,4,4,both,True
grid_last_state_only,0.25,38,20090410223116,4,4,both,True
grid_last_state_only,0.25,38,20090412021706,3,3,both,True
grid_last_state_only,0.25,38,20090412125448,4,4,both,True
grid_last_state_only,0.25,38,20090413002310,4,4,both,True
grid_last_state_only,0.25,38,20090414223045,4,4,both,True
grid_last_state_only,0.25,38,20090415091526,4,4,both,True
grid_last_state_only,0.25,38,20090416085408,4,4,both,True
grid_last_state_only,0.25,38,20090417034936,4,4,both,True
grid_last_state_only,0.25,38,20090418002306,4,4,both,True
grid_last_state_only,0.25,38,20090420014909,4,4,both,True
grid_last_state_only,0.25,38,20090422033246,4,4,both,True
grid_last_state_only,0.25,38,20090709081828,4,4,both,True
grid_last_state_only,0.25,38,20090710051732,4,4,both,True
grid_last_state_only,0.25,38,20090711114358,4,4,both,True
grid_last_state_only,0.25,38,20090712094253,4,4,both,True
grid_last_state_only,0.25,38,20090714101239,4,4,both,True
grid_last_state_only,0.25,38,20090714233650,4,4,both,True
grid_last_state_only,0.25,38,20090715231037,4,4,both,True
grid_last_state_only,0.25,38,20090716053929,4,4,both,True
grid_last_state_only,0.25,38,20090717053438,4,4,both,True
grid_last_state_only,0.25,38,20090718043013,4,4,both,True
grid_last_state_only,0.25,38,20090718083524,4,4,both,True
grid_last_state_only,0.25,38,20090719040838,4,4,both,True
grid_last_state_only,0.25,38,20090720080933,0,0,both,True
grid_last_state_only,0.25,38,20090723012633,16,16,both,True
grid_last_state_only,0.25,39,20090611095140,2,2,both,True
grid_last_state_only,0.25,39,20090612000513,1,1,both,True
grid_last_state_only,0.25,39,20090612112705,2,2,both,True
grid_last_state_only,0.25,39,20090613040756,3,3,both,True
grid_last_state_only,0.25,39,20090614114654,1,1,both,True
grid_last_state_only,0.25,39,20090615000438,1,1,both,True
grid_last_state_only,0.25,39,20090615094738,2,2,both,True
grid_last_state_only,0.25,39,20090616000719,1,1,both,True
grid_last_state_only,0.25,39,20090616094433,2,2,both,True
grid_last_state_only,0.25,39,20090617000200,1,1,both,True
grid_last_state_only,0.25,39,20090617095205,2,2,both,True
grid_last_state_only,0.25,39,20090617232821,1,1,both,True
grid_last_state_only,0.25,39,20090618103325,1,1,both,True
grid_last_state_only,0.25,39,20090619094325,14,14,both,True
grid_last_state_only,0.25,39,20090619230550,1,1,both,True
grid_last_state_only,0.25,39,20090620115005,14,14,both,True
grid_last_state_only,0.25,39,20090621070937,14,14,both,True
grid_last_state_only,0.25,39,20090622000238,1,1,both,True
grid_last_state_only,0.25,39,20090622095036,1,1,both,True
grid_last_state_only,0.25,39,20090623095056,2,2,both,True
grid_last_state_only,0.25,39,20090624000338,1,1,both,True
grid_last_state_only,0.25,39,20090624094458,14,14,both,True
grid_last_state_only,0.25,39,20090625000532,1,1,both,True
grid_last_state_only,0.25,39,20090625094635,1,1,both,True
grid_last_state_only,0.25,39,20090626000538,1,1,both,True
grid_last_state_only,0.25,39,20090626110001,14,14,both,True
grid_last_state_only,0.25,39,20090626211826,31,31,both,True
grid_last_state_only,0.25,39,20090628034817,2,2,both,True
grid_last_state_only,0.25,39,20090628234328,1,1,both,True
grid_last_state_only,0.25,39,20090629094605,2,2,both,True
grid_last_state_only,0.25,39,20090630000205,1,1,both,True
grid_last_state_only,0.25,39,20090630094433,14,14,both,True
grid_last_state_only,0.25,39,20090701000224,1,1,both,True
grid_last_state_only,0.25,39,20090701093936,2,2,both,True
grid_last_state_only,0.25,39,20090702000204,1,1,both,True
grid_last_state_only,0.25,39,20090702103027,1,1,both,True
grid_last_state_only,0.25,39,20090703093804,3,3,both,True
grid_last_state_only,0.25,39,20090704024525,2,2,both,True
grid_last_state_only,0.25,39,20090704132701,2,2,both,True
grid_last_state_only,0.25,39,20090705053006,1,1,both,True
grid_last_state_only,0.25,39,20090706111727,1,1,both,True
grid_last_state_only,0.25,39,20090706233342,14,14,both,True
grid_last_state_only,0.25,39,20090707113005,14,14,both,True
grid_last_state_only,0.25,39,20090707235526,1,1,both,True
grid_last_state_only,0.25,39,20090708103301,14,14,both,True
grid_last_state_only,0.25,39,20090708233906,1,1,both,True
grid_last_state_only,0.25,39,20090709102054,1,1,both,True
grid_last_state_only,0.25,39,20090709234004,1,1,both,True
grid_last_state_only,0.25,39,20090710094259,2,2,both,True
grid_last_state_only,0.25,39,20090711043552,2,2,both,True
grid_last_state_only,0.25,39,20090712041628,2,2,both,True
grid_last_state_only,0.25,39,20090712234404,1,1,both,True
grid_last_state_only,0.25,39,20090713113106,1,1,both,True
grid_last_state_only,0.25,39,20090713235707,1,1,both,True
grid_last_state_only,0.25,39,20090714114356,1,1,both,True
grid_last_state_only,0.25,39,20090714233956,1,1,both,True
grid_last_state_only,0.25,51,20080217140611,12,12,both,True
grid_last_state_only,0.25,51,20080218192042,12,12,both,True
grid_last_state_only,0.25,51,20080219123720,11,11,both,True
grid_last_state_only,0.25,51,20080221105029,2,2,both,True
grid_last_state_only,0.25,51,20080222090047,2,2,both,True
grid_last_state_only,0.25,51,20080309120949,2,2,both,True
grid_last_state_only,0.25,51,20080324085807,2,2,both,True
grid_last_state_only,0.25,51,20080326153045,2,2,both,True
grid_last_state_only,0.25,51,20080328085804,2,2,both,True
grid_last_state_only,0.25,51,20080329111039,2,2,both,True
grid_last_state_only,0.25,51,20080430181146,2,2,both,True
grid_last_state_only,0.25,52,20080819232504,14,14,both,True
grid_last_state_only,0.25,52,20080821232859,0,0,both,True
grid_last_state_only,0.25,52,20080822085236,14,14,both,True
grid_last_state_only,0.25,52,20080824233822,0,0,both,True
grid_last_state_only,0.25,52,20080825085006,0,0,both,True
grid_last_state_only,0.25,52,20080826232036,0,0,both,True
grid_last_state_only,0.25,52,20080827111000,0,0,both,True
grid_last_state_only,0.25,52,20080831073208,0,0,both,True
grid_last_state_only,0.25,52,20080831233436,0,0,both,True
grid_last_state_only,0.25,52,20080901114634,0,0,both,True
grid_last_state_only,0.25,52,20080902055635,14,14,both,True
grid_last_state_only,0.25,52,20081001224837,12,12,both,True
grid_last_state_only,0.25,52,20081003042430,0,0,both,True
grid_last_state_only,0.25,52,20081005094923,14,14,both,True
grid_last_state_only,0.25,52,20081006134237,14,14,both,True
grid_last_state_only,0.25,52,20081006235830,12,12,both,True
grid_last_state_only,0.25,52,20081007111938,0,0,both,True
grid_last_state_only,0.25,52,20081008035138,0,0,both,True
grid_last_state_only,0.25,52,20081009100736,0,0,both,True
grid_last_state_only,0.25,52,20081010011727,14,14,both,True
grid_last_state_only,0.25,52,20081010120707,0,0,both,True
grid_last_state_only,0.25,52,20081011033025,0,0,both,True
grid_last_state_only,0.25,52,20081012064254,0,0,both,True
grid_last_state_only,0.25,52,20081017050637,0,0,both,True
grid_last_state_only,0.25,52,20081030050200,0,0,both,True
grid_last_state_only,0.25,62,20081103005437,0,0,both,True
grid_last_state_only,0.25,62,20081103015601,0,0,both,True
grid_last_state_only,0.25,62,20081103025353,0,0,both,True
grid_last_state_only,0.25,62,20081103115039,0,0,both,True
grid_last_state_only,0.25,62,20081104010333,0,0,both,True
grid_last_state_only,0.25,62,20081104013441,0,0,both,True
grid_last_state_only,0.25,62,20081104041114,0,0,both,True
grid_last_state_only,0.25,62,20081104063603,0,0,both,True
grid_last_state_only,0.25,62,20081105010014,0,0,both,True
grid_last_state_only,0.25,62,20081105023944,16,16,both,True
grid_last_state_only,0.25,62,20081105032159,0,0,both,True
grid_last_state_only,0.25,62,20081105044046,0,0,both,True
grid_last_state_only,0.25,62,20081105053031,0,0,both,True
grid_last_state_only,0.25,62,20081105060230,0,0,both,True
grid_last_state_only,0.25,62,20081105083830,49,49,both,True
grid_last_state_only,0.25,62,20081105085221,0,0,both,True
grid_last_state_only,0.25,62,20081105102345,0,0,both,True
grid_last_state_only,0.25,62,20081105104452,0,0,both,True
grid_last_state_only,0.25,62,20081105111108,0,0,both,True
grid_last_state_only,0.25,62,20081105112326,0,0,both,True
grid_last_state_only,0.25,62,20081105123909,0,0,both,True
grid_last_state_only,0.25,62,20081105124617,0,0,both,True
grid_last_state_only,0.25,62,20081106011127,0,0,both,True
grid_last_state_only,0.25,62,20081106011708,0,0,both,True
grid_last_state_only,0.25,62,20081106020014,153,153,both,True
grid_last_state_only,0.25,62,20081106024201,164,164,both,True
grid_last_state_only,0.25,62,20081106031826,0,0,both,True
grid_last_state_only,0.25,62,20081106064828,0,0,both,True
grid_last_state_only,0.25,62,20081106071234,0,0,both,True
grid_last_state_only,0.25,62,20081106085050,0,0,both,True
grid_last_state_only,0.25,62,20081106092632,0,0,both,True
grid_last_state_only,0.25,62,20081106093504,0,0,both,True
grid_last_state_only,0.25,62,20081106104833,0,0,both,True
grid_last_state_only,0.25,62,20081106112738,0,0,both,True
grid_last_state_only,0.25,62,20081106113950,0,0,both,True
grid_last_state_only,0.25,62,20081107000607,0,0,both,True
grid_last_state_only,0.25,62,20081107003353,0,0,both,True
grid_last_state_only,0.25,62,20081107121527,0,0,both,True
grid_last_state_only,0.25,62,20081107122148,0,0,both,True
grid_last_state_only,0.25,62,20081108042815,0,0,both,True
grid_last_state_only,0.25,62,20081108060646,0,0,both,True
grid_last_state_only,0.25,62,20081109013429,0,0,both,True
grid_last_state_only,0.25,62,20081109053559,0,0,both,True
grid_last_state_only,0.25,62,20081109062802,0,0,both,True
grid_last_state_only,0.25,62,20081109080315,0,0,both,True
grid_last_state_only,0.25,62,20081109083245,0,0,both,True
grid_last_state_only,0.25,62,20081109093929,0,0,both,True
grid_last_state_only,0.25,62,20081109095422,0,0,both,True
grid_last_state_only,0.25,62,20081109100916,0,0,both,True
grid_last_state_only,0.25,62,20081109110807,0,0,both,True
grid_last_state_only,0.25,62,20081110013116,0,0,both,True
grid_last_state_only,0.25,62,20081110030128,164,164,both,True
grid_last_state_only,0.25,62,20081110030808,0,0,both,True
grid_last_state_only,0.25,62,20081110032953,158,158,both,True
grid_last_state_only,0.25,62,20081110042038,16,16,both,True
grid_last_state_only,0.25,62,20081110111835,0,0,both,True
grid_last_state_only,0.25,62,20081111021901,0,0,both,True
grid_last_state_only,0.25,62,20081111042301,0,0,both,True
grid_last_state_only,0.25,62,20081111045929,153,153,both,True
grid_last_state_only,0.25,62,20081111052247,154,154,both,True
grid_last_state_only,0.25,62,20081111080126,164,164,both,True
grid_last_state_only,0.25,62,20081111084153,0,0,both,True
grid_last_state_only,0.25,62,20081111090528,0,0,both,True
grid_last_state_only,0.25,62,20081111095640,0,0,both,True
grid_last_state_only,0.25,62,20081111103634,0,0,both,True
grid_last_state_only,0.25,62,20081112012435,0,0,both,True
grid_last_state_only,0.25,62,20081112013226,0,0,both,True
grid_last_state_only,0.25,62,20081112021100,0,0,both,True
grid_last_state_only,0.25,62,20081112033338,0,0,both,True
grid_last_state_only,0.25,62,20081112101140,0,0,both,True
grid_last_state_only,0.25,62,20081112101655,0,0,both,True
grid_last_state_only,0.25,62,20081112105415,0,0,both,True
grid_last_state_only,0.25,62,20081113010001,0,0,both,True
grid_last_state_only,0.25,62,20081113012910,0,0,both,True
grid_last_state_only,0.25,62,20081113095812,0,0,both,True
grid_last_state_only,0.25,62,20081113110912,0,0,both,True
grid_last_state_only,0.25,62,20081113124253,0,0,both,True
grid_last_state_only,0.25,62,20081114010438,0,0,both,True
grid_last_state_only,0.25,62,20081114101455,0,0,both,True
grid_last_state_only,0.25,62,20081114105400,0,0,both,True
grid_last_state_only,0.25,62,20081115010837,0,0,both,True
grid_last_state_only,0.25,62,20081115015759,0,0,both,True
grid_last_state_only,0.25,62,20081115030457,56,56,both,True
grid_last_state_only,0.25,62,20081116061411,56,56,both,True
grid_last_state_only,0.25,62,20081116081559,80,80,both,True
grid_last_state_only,0.25,62,20081116084956,0,0,both,True
grid_last_state_only,0.25,62,20081116093710,0,0,both,True
grid_last_state_only,0.25,62,20081117010846,0,0,both,True
grid_last_state_only,0.25,62,20081203010728,0,0,both,True
grid_last_state_only,0.25,62,20081204010407,0,0,both,True
grid_last_state_only,0.25,62,20081204012250,0,0,both,True
grid_last_state_only,0.25,62,20081204060141,0,0,both,True
grid_last_state_only,0.25,62,20081204085719,0,0,both,True
grid_last_state_only,0.25,62,20081204101128,0,0,both,True
grid_last_state_only,0.25,62,20081205011235,0,0,both,True
grid_last_state_only,0.25,62,20081205023009,154,154,both,True
grid_last_state_only,0.25,62,20081205081804,154,154,both,True
grid_last_state_only,0.25,62,20081205082456,164,164,both,True
grid_last_state_only,0.25,62,20081205095048,0,0,both,True
grid_last_state_only,0.25,62,20081206040631,0,0,both,True
grid_last_state_only,0.25,62,20081206100322,0,0,both,True
grid_last_state_only,0.25,62,20081207023122,0,0,both,True
grid_last_state_only,0.25,62,20081207080318,49,49,both,True
grid_last_state_only,0.25,62,20081207082100,0,0,both,True
grid_last_state_only,0.25,62,20081207083840,0,0,both,True
grid_last_state_only,0.25,62,20081207085047,0,0,both,True
grid_last_state_only,0.25,62,20081207092914,0,0,both,True
grid_last_state_only,0.25,62,20081207110215,0,0,both,True
grid_last_state_only,0.25,62,20081208070512,0,0,both,True
grid_last_state_only,0.25,62,20081208095853,0,0,both,True
grid_last_state_only,0.25,62,20081208104810,0,0,both,True
grid_last_state_only,0.25,62,20081208110023,0,0,both,True
grid_last_state_only,0.25,62,20081209010002,0,0,both,True
grid_last_state_only,0.25,62,20081209083554,0,0,both,True
grid_last_state_only,0.25,62,20081209090839,0,0,both,True
grid_last_state_only,0.25,62,20081209093448,0,0,both,True
grid_last_state_only,0.25,62,20081209094610,0,0,both,True
grid_last_state_only,0.25,62,20081209123601,0,0,both,True
grid_last_state_only,0.25,62,20081210055344,0,0,both,True
grid_last_state_only,0.25,62,20081210084524,0,0,both,True
grid_last_state_only,0.25,62,20081210093042,0,0,both,True
grid_last_state_only,0.25,62,20081211013737,0,0,both,True
grid_last_state_only,0.25,62,20081211020211,0,0,both,True
grid_last_state_only,0.25,62,20081211035950,0,0,both,True
grid_last_state_only,0.25,62,20081211040737,0,0,both,True
grid_last_state_only,0.25,62,20081211051513,0,0,both,True
grid_last_state_only,0.25,62,20081212010000,0,0,both,True
grid_last_state_only,0.25,62,20081212011859,158,158,both,True
grid_last_state_only,0.25,62,20081212013950,0,0,both,True
grid_last_state_only,0.25,62,20081212082600,0,0,both,True
grid_last_state_only,0.25,62,20081212101946,0,0,both,True
grid_last_state_only,0.25,62,20081212102654,0,0,both,True
grid_last_state_only,0.25,62,20081212122437,0,0,both,True
grid_last_state_only,0.25,62,20081212123313,0,0,both,True
grid_last_state_only,0.25,62,20081212124756,0,0,both,True
grid_last_state_only,0.25,62,20081213031012,0,0,both,True
grid_last_state_only,0.25,62,20081213041039,0,0,both,True
grid_last_state_only,0.25,62,20081213083317,0,0,both,True
grid_last_state_only,0.25,62,20081213085201,0,0,both,True
grid_last_state_only,0.25,62,20081213101537,0,0,both,True
grid_last_state_only,0.25,62,20081213104202,0,0,both,True
grid_last_state_only,0.25,62,20081214013702,0,0,both,True
grid_last_state_only,0.25,62,20081214032551,0,0,both,True
grid_last_state_only,0.25,62,20081215032028,0,0,both,True
grid_last_state_only,0.25,62,20081215035525,164,164,both,True
grid_last_state_only,0.25,65,20111001075633,0,0,both,True
grid_last_state_only,0.25,65,20111001163901,9,9,both,True
grid_last_state_only,0.25,65,20111003025152,9,9,both,True
grid_last_state_only,0.25,65,20111004071203,9,9,both,True
grid_last_state_only,0.25,65,20111005004827,0,0,both,True
grid_last_state_only,0.25,65,20111005143605,14,14,both,True
grid_last_state_only,0.25,65,20111006041158,9,9,both,True
grid_last_state_only,0.25,65,20111008004733,9,9,both,True
grid_last_state_only,0.25,65,20111008134933,9,9,both,True
grid_last_state_only,0.25,65,20111009012500,0,0,both,True
grid_last_state_only,0.25,65,20111009120503,0,0,both,True
grid_last_state_only,0.25,65,20111010010951,0,0,both,True
grid_last_state_only,0.25,65,20111010105222,9,9,both,True
grid_last_state_only,0.25,65,20111011011203,0,0,both,True
grid_last_state_only,0.25,65,20111012120903,9,9,both,True
grid_last_state_only,0.25,65,20111013010933,0,0,both,True
grid_last_state_only,0.25,65,20111014005928,9,9,both,True
grid_last_state_only,0.25,65,20111014095751,0,0,both,True
grid_last_state_only,0.25,65,20111015014827,0,0,both,True
grid_last_state_only,0.25,65,20111016005657,9,9,both,True
grid_last_state_only,0.25,65,20111018004457,0,0,both,True
grid_last_state_only,0.25,65,20111018080247,0,0,both,True
grid_last_state_only,0.25,65,20111019004851,9,9,both,True
grid_last_state_only,0.25,65,20111022024141,9,9,both,True
grid_last_state_only,0.25,65,20111023043229,9,9,both,True
grid_last_state_only,0.25,65,20111024012351,0,0,both,True
grid_last_state_only,0.25,65,20111024120905,0,0,both,True
grid_last_state_only,0.25,65,20111025003027,9,9,both,True
grid_last_state_only,0.25,65,20111025085403,0,0,both,True
grid_last_state_only,0.25,65,20111027004021,0,0,both,True
grid_last_state_only,0.25,68,20090630205134,6,6,both,True
grid_last_state_only,0.25,68,20090701074905,0,0,both,True
grid_last_state_only,0.25,68,20090701181923,6,6,both,True
grid_last_state_only,0.25,68,20090702074805,0,0,both,True
grid_last_state_only,0.25,68,20090702205953,6,6,both,True
grid_last_state_only,0.25,68,20090703073758,0,0,both,True
grid_last_state_only,0.25,68,20090703185151,6,6,both,True
grid_last_state_only,0.25,68,20090704104258,6,6,both,True
grid_last_state_only,0.25,68,20090705105928,6,6,both,True
grid_last_state_only,0.25,68,20090705235905,0,0,both,True
grid_last_state_only,0.25,68,20090706064435,0,0,both,True
grid_last_state_only,0.25,68,20090706234533,6,6,both,True
grid_last_state_only,0.25,68,20090708001134,0,0,both,True
grid_last_state_only,0.25,68,20090708144605,6,6,both,True
grid_last_state_only,0.25,68,20090708233822,0,0,both,True
grid_last_state_only,0.25,68,20090709085503,6,6,both,True
grid_last_state_only,0.25,68,20090709143513,9,9,both,True
grid_last_state_only,0.25,68,20090709235104,0,0,both,True
grid_last_state_only,0.25,68,20090710090629,6,6,both,True
grid_last_state_only,0.25,68,20090711012705,6,6,both,True
grid_last_state_only,0.25,68,20090711092304,6,6,both,True
grid_last_state_only,0.25,68,20090712064105,6,6,both,True
grid_last_state_only,0.25,68,20090713045105,0,0,both,True
grid_last_state_only,0.25,68,20090713140828,0,0,both,True
grid_last_state_only,0.25,68,20090715002935,0,0,both,True
grid_last_state_only,0.25,68,20090715121905,6,6,both,True
grid_last_state_only,0.25,68,20090715215034,0,0,both,True
grid_last_state_only,0.25,68,20090716111259,0,0,both,True
grid_last_state_only,0.25,68,20090717074427,0,0,both,True
grid_last_state_only,0.25,68,20090717213805,0,0,both,True
grid_last_state_only,0.25,68,20090719030259,0,0,both,True
grid_last_state_only,0.25,68,20090719115152,0,0,both,True
grid_last_state_only,0.25,68,20090719235707,0,0,both,True
grid_last_state_only,0.25,68,20090720103922,8,8,both,True
grid_last_state_only,0.25,68,20090721111753,8,8,both,True
grid_last_state_only,0.25,68,20090722002059,6,6,both,True
grid_last_state_only,0.25,68,20090723022153,0,0,both,True
grid_last_state_only,0.25,68,20090724024547,0,0,both,True
grid_last_state_only,0.25,68,20090725024235,6,6,both,True
grid_last_state_only,0.25,68,20090726012536,6,6,both,True
grid_last_state_only,0.25,68,20090726133122,6,6,both,True
grid_last_state_only,0.25,68,20090727033605,6,6,both,True
grid_last_state_only,0.25,68,20090728003024,6,6,both,True
grid_last_state_only,0.25,68,20090728235053,0,0,both,True
grid_last_state_only,0.25,68,20090730024623,0,0,both,True
grid_last_state_only,0.25,68,20090731022320,0,0,both,True
grid_last_state_only,0.25,68,20090801004504,0,0,both,True
grid_last_state_only,0.25,68,20090802072835,6,6,both,True
grid_last_state_only,0.25,68,20090803092652,0,0,both,True
grid_last_state_only,0.25,68,20090803220235,0,0,both,True
grid_last_state_only,0.25,68,20090805041404,6,6,both,True
grid_last_state_only,0.25,68,20090805190322,0,0,both,True
grid_last_state_only,0.25,68,20090807023405,6,6,both,True
grid_last_state_only,0.25,68,20090808053222,0,0,both,True
grid_last_state_only,0.25,68,20090809094405,6,6,both,True
grid_last_state_only,0.25,68,20090810032021,0,0,both,True
grid_last_state_only,0.25,68,20090810183104,0,0,both,True
grid_last_state_only,0.25,68,20090813015422,6,6,both,True
grid_last_state_only,0.25,68,20090814072529,0,0,both,True
grid_last_state_only,0.25,68,20090814181033,6,6,both,True
grid_last_state_only,0.25,68,20090816052035,0,0,both,True
grid_last_state_only,0.25,68,20090816134451,0,0,both,True
grid_last_state_only,0.25,68,20090817104629,6,6,both,True
grid_last_state_only,0.25,68,20090818012535,6,6,both,True
grid_last_state_only,0.25,68,20090818101222,0,0,both,True
grid_last_state_only,0.25,68,20090819010505,6,6,both,True
grid_last_state_only,0.25,68,20090819122858,6,6,both,True
grid_last_state_only,0.25,68,20090820004357,0,0,both,True
grid_last_state_only,0.25,68,20090821091927,0,0,both,True
grid_last_state_only,0.25,68,20090822103421,6,6,both,True
grid_last_state_only,0.25,68,20090823073459,0,0,both,True
grid_last_state_only,0.25,68,20090824010435,6,6,both,True
grid_last_state_only,0.25,68,20090825064227,6,6,both,True
grid_last_state_only,0.25,68,20090826003333,6,6,both,True
grid_last_state_only,0.25,68,20090826122919,0,0,both,True
grid_last_state_only,0.25,68,20090827024729,0,0,both,True
grid_last_state_only,0.25,68,20090827110635,0,0,both,True
grid_last_state_only,0.25,68,20090828015903,0,0,both,True
grid_last_state_only,0.25,68,20090828100904,6,6,both,True
grid_last_state_only,0.25,68,20090829060159,0,0,both,True
grid_last_state_only,0.25,68,20090830053605,8,8,both,True
grid_last_state_only,0.25,68,20090831010452,6,6,both,True
grid_last_state_only,0.25,68,20090902004959,0,0,both,True
grid_last_state_only,0.25,68,20090904000334,6,6,both,True
grid_last_state_only,0.25,68,20090905031005,0,0,both,True
grid_last_state_only,0.25,68,20090905120929,6,6,both,True
grid_last_state_only,0.25,68,20090906022616,6,6,both,True
grid_last_state_only,0.25,68,20090906023120,0,0,both,True
grid_last_state_only,0.25,68,20090907000653,0,0,both,True
grid_last_state_only,0.25,68,20090907142605,0,0,both,True
grid_last_state_only,0.25,68,20090907233334,0,0,both,True
grid_last_state_only,0.25,68,20090908133634,6,6,both,True
grid_last_state_only,0.25,68,20090908234334,0,0,both,True
grid_last_state_only,0.25,68,20090909081304,6,6,both,True
grid_last_state_only,0.25,68,20090909235503,6,6,both,True
grid_last_state_only,0.25,68,20090910235728,0,0,both,True
grid_last_state_only,0.25,68,20090912021805,6,6,both,True
grid_last_state_only,0.25,68,20090912121851,6,6,both,True
grid_last_state_only,0.25,68,20090913013234,0,0,both,True
grid_last_state_only,0.25,71,20120401025128,2,2,both,True
grid_last_state_only,0.25,71,20120404051527,2,2,both,True
grid_last_state_only,0.25,71,20120407094504,1,1,both,True
grid_last_state_only,0.25,71,20120409015352,2,2,both,True
grid_last_state_only,0.25,71,20120409053858,1,1,both,True
grid_last_state_only,0.25,71,20120409130704,1,1,both,True
grid_last_state_only,0.25,71,20120412113604,1,1,both,True
grid_last_state_only,0.25,71,20120412235005,1,1,both,True
grid_last_state_only,0.25,71,20120414034358,2,2,both,True
grid_last_state_only,0.25,71,20120417092818,1,1,both,True
grid_last_state_only,0.25,71,20120419011052,1,1,both,True
grid_last_state_only,0.25,71,20120425150728,1,1,both,True
grid_last_state_only,0.25,71,20120426013640,1,1,both,True
grid_last_state_only,0.25,71,20120430083558,1,1,both,True
grid_last_state_only,0.25,71,20120504232458,1,1,both,True
grid_last_state_only,0.25,71,20120511140034,1,1,both,True
grid_last_state_only,0.25,71,20120513150457,2,2,both,True
grid_last_state_only,0.25,71,20120513230847,1,1,both,True
grid_last_state_only,0.25,85,20090614025506,2,2,both,True
grid_last_state_only,0.25,85,20090614121829,9,9,both,True
grid_last_state_only,0.25,85,20090615013707,39,39,both,True
grid_last_state_only,0.25,85,20090617020536,7,7,both,True
grid_last_state_only,0.25,85,20090617090807,39,39,both,True
grid_last_state_only,0.25,85,20090618065134,0,0,both,True
grid_last_state_only,0.25,85,20090619011407,7,7,both,True
grid_last_state_only,0.25,85,20090619093937,9,9,both,True
grid_last_state_only,0.25,85,20090620025025,39,39,both,True
grid_last_state_only,0.25,85,20090622012237,7,7,both,True
grid_last_state_only,0.25,85,20090622093855,9,9,both,True
grid_last_state_only,0.25,85,20090623011429,7,7,both,True
grid_last_state_only,0.25,85,20090623232900,7,7,both,True
grid_last_state_only,0.25,85,20090623233655,39,39,both,True
grid_last_state_only,0.25,85,20090624084534,7,7,both,True
grid_last_state_only,0.25,85,20090625234631,39,39,both,True
grid_last_state_only,0.25,85,20090626091732,7,7,both,True
grid_last_state_only,0.25,85,20090627014225,7,7,both,True
grid_last_state_only,0.25,85,20090627104937,9,9,both,True
grid_last_state_only,0.25,85,20090627235736,7,7,both,True
grid_last_state_only,0.25,85,20090629012308,39,39,both,True
grid_last_state_only,0.25,85,20090629092537,9,9,both,True
grid_last_state_only,0.25,85,20090701002752,7,7,both,True
grid_last_state_only,0.25,85,20090701012444,7,7,both,True
grid_last_state_only,0.25,85,20090701090337,9,9,both,True
grid_last_state_only,0.25,85,20090702013158,7,7,both,True
grid_last_state_only,0.25,85,20090703011734,7,7,both,True
grid_last_state_only,0.25,85,20090703012649,9,9,both,True
grid_last_state_only,0.25,85,20090703082122,7,7,both,True
grid_last_state_only,0.25,85,20090703231838,7,7,both,True
grid_last_state_only,0.25,85,20090705042531,7,7,both,True
grid_last_state_only,0.25,85,20090705224406,2,2,both,True
grid_last_state_only,0.25,85,20090706091838,7,7,both,True
grid_last_state_only,0.25,85,20090706230438,14,14,both,True
grid_last_state_only,0.25,85,20090707090828,7,7,both,True
grid_last_state_only,0.25,85,20090707225636,15,15,both,True
grid_last_state_only,0.25,85,20090708103205,9,9,both,True
grid_last_state_only,0.25,85,20090728224637,2,2,both,True
grid_last_state_only,0.25,85,20090729094626,7,7,both,True
grid_last_state_only,0.25,85,20090729224538,2,2,both,True
grid_last_state_only,0.25,85,20090731012359,2,2,both,True
grid_last_state_only,0.25,85,20090731143502,39,39,both,True
grid_last_state_only,0.25,85,20090731144247,9,9,both,True
grid_last_state_only,0.25,85,20090803041141,7,7,both,True
grid_last_state_only,0.25,85,20090806224424,7,7,both,True
grid_last_state_only,0.25,85,20090806224944,9,9,both,True
grid_last_state_only,0.25,85,20090808054506,7,7,both,True
grid_last_state_only,0.25,85,20090810010623,9,9,both,True
grid_last_state_only,0.25,85,20090811003034,39,39,both,True
grid_last_state_only,0.25,85,20090811112747,7,7,both,True
grid_last_state_only,0.25,85,20090812004828,7,7,both,True
grid_last_state_only,0.25,85,20090812113901,7,7,both,True
grid_last_state_only,0.25,85,20090815062008,9,9,both,True
grid_last_state_only,0.25,85,20090819113327,39,39,both,True
grid_last_state_only,0.25,85,20090821113358,39,39,both,True
grid_last_state_only,0.25,85,20090823235050,9,9,both,True
grid_last_state_only,0.25,85,20090824104328,7,7,both,True
grid_last_state_only,0.25,85,20090825112752,39,39,both,True
grid_last_state_only,0.25,85,20090826004628,9,9,both,True
grid_last_state_only,0.25,85,20090826120059,7,7,both,True
grid_last_state_only,0.25,85,20090827005251,9,9,both,True
grid_last_state_only,0.25,85,20090827133834,7,7,both,True
grid_last_state_only,0.25,85,20090831000922,9,9,both,True
grid_last_state_only,0.25,85,20090831113328,7,7,both,True
grid_last_state_only,0.25,85,20090831234852,7,7,both,True
grid_last_state_only,0.25,85,20090901110034,7,7,both,True
grid_last_state_only,0.25,85,20090902012058,7,7,both,True
grid_last_state_only,0.25,85,20090902084004,7,7,both,True
grid_last_state_only,0.25,85,20090903104733,7,7,both,True
grid_last_state_only,0.25,85,20090907010827,9,9,both,True
grid_last_state_only,0.25,85,20090907132604,39,39,both,True
grid_last_state_only,0.25,85,20090908003822,9,9,both,True
grid_last_state_only,0.25,85,20090908112534,39,39,both,True
grid_last_state_only,0.25,85,20090908120539,7,7,both,True
grid_last_state_only,0.25,85,20090909004052,9,9,both,True
grid_last_state_only,0.25,85,20090909114334,7,7,both,True
grid_last_state_only,0.25,85,20090910011022,9,9,both,True
grid_last_state_only,0.25,85,20090910111233,39,39,both,True
grid_last_state_only,0.25,85,20090911004404,9,9,both,True
grid_last_state_only,0.25,85,20090911105604,7,7,both,True
grid_last_state_only,0.25,85,20090912064500,7,7,both,True
grid_last_state_only,0.25,85,20090913233334,9,9,both,True
grid_last_state_only,0.25,85,20090914142328,7,7,both,True
grid_last_state_only,0.25,85,20090915122804,39,39,both,True
grid_last_state_only,0.25,85,20090915235904,9,9,both,True
grid_last_state_only,0.25,85,20090916114222,7,7,both,True
grid_last_state_only,0.25,85,20090917000404,9,9,both,True
grid_last_state_only,0.25,85,20090917140604,39,39,both,True
grid_last_state_only,0.25,85,20090918004028,9,9,both,True
grid_last_state_only,0.25,85,20090918103558,9,9,both,True
grid_last_state_only,0.25,85,20090920235003,7,7,both,True
grid_last_state_only,0.25,85,20090921114804,9,9,both,True
grid_last_state_only,0.25,85,20090922005527,9,9,both,True
grid_last_state_only,0.25,85,20090922112322,39,39,both,True
grid_last_state_only,0.25,85,20090923004734,9,9,both,True
grid_last_state_only,0.25,85,20090923114133,9,9,both,True
grid_last_state_only,0.25,85,20090924003152,9,9,both,True
grid_last_state_only,0.25,85,20090924102917,9,9,both,True
grid_last_state_only,0.25,85,20090925010022,9,9,both,True
grid_last_state_only,0.25,85,20090925110722,7,7,both,True
grid_last_state_only,0.25,85,20090927005434,9,9,both,True
grid_last_state_only,0.25,85,20090927113103,39,39,both,True
grid_last_state_only,0.25,85,20090928005404,9,9,both,True
grid_last_state_only,0.25,85,20090928104630,9,9,both,True
grid_last_state_only,0.25,88,20081008230701,0,0,both,True
grid_last_state_only,0.25,88,20081009110224,0,0,both,True
grid_last_state_only,0.25,88,20081010083431,0,0,both,True
grid_last_state_only,0.25,88,20081010093335,4,4,both,True
grid_last_state_only,0.25,88,20081011042923,4,4,both,True
grid_last_state_only,0.25,88,20081011060634,0,0,both,True
grid_last_state_only,0.25,88,20081011065339,1,1,both,True
grid_last_state_only,0.25,88,20081011085649,4,4,both,True
grid_last_state_only,0.25,88,20081012062217,4,4,both,True
grid_last_state_only,0.25,88,20081012070422,1,1,both,True
grid_last_state_only,0.25,88,20081012074052,1,1,both,True
grid_last_state_only,0.25,88,20081012075807,1,1,both,True
grid_last_state_only,0.25,89,20080608133334,16,16,both,True
grid_last_state_only,0.25,89,20080630042612,0,0,both,True
grid_last_state_only,0.25,89,20080630112527,1,1,both,True
grid_last_state_only,0.25,89,20080701013734,1,1,both,True
grid_last_state_only,0.25,89,20080701152128,0,0,both,True
grid_last_state_only,0.25,89,20080702024722,0,0,both,True
grid_last_state_only,0.25,89,20080702111733,0,0,both,True
grid_last_state_only,0.25,89,20080703232504,0,0,both,True
grid_last_state_only,0.25,89,20080704113017,0,0,both,True
grid_last_state_only,0.25,89,20080707015234,0,0,both,True
grid_last_state_only,0.25,89,20080707111403,0,0,both,True
grid_last_state_only,0.25,89,20080708040557,0,0,both,True
grid_last_state_only,0.25,89,20080708112620,0,0,both,True
grid_last_state_only,0.25,89,20080710112328,0,0,both,True
grid_last_state_only,0.25,89,20080801060709,3,3,both,True
grid_last_state_only,0.25,91,20071225091747,1,1,both,True
grid_last_state_only,0.25,91,20071226090757,7,7,both,True
grid_last_state_only,0.25,91,20071226222755,0,0,both,True
grid_last_state_only,0.25,91,20071229205638,0,0,both,True
grid_last_state_only,0.25,91,20071230151046,0,0,both,True
grid_last_state_only,0.25,91,20071231224803,0,0,both,True
grid_last_state_only,0.25,91,20080101092300,0,0,both,True
grid_last_state_only,0.25,91,20080103223737,0,0,both,True
grid_last_state_only,0.25,91,20080104094315,1,1,both,True
grid_last_state_only,0.25,91,20080104230531,0,0,both,True
grid_last_state_only,0.25,91,20080105133207,1,1,both,True
grid_last_state_only,0.25,91,20080106220745,0,0,both,True
grid_last_state_only,0.25,91,20080107095553,0,0,both,True
grid_last_state_only,0.25,91,20080107215023,1,1,both,True
grid_last_state_only,0.25,91,20080108092013,0,0,both,True
grid_last_state_only,0.25,91,20080108230737,1,1,both,True
grid_last_state_only,0.25,91,20080109222750,0,0,both,True
grid_last_state_only,0.25,91,20080110083725,0,0,both,True
grid_last_state_only,0.25,91,20080110221246,0,0,both,True
grid_last_state_only,0.25,91,20080111220619,0,0,both,True
grid_last_state_only,0.25,91,20080114222434,0,0,both,True
grid_last_state_only,0.25,91,20080115080303,0,0,both,True
grid_last_state_only,0.25,91,20080118230907,0,0,both,True
grid_last_state_only,0.25,92,20080609070837,3,3,both,True
grid_last_state_only,0.25,92,20080615000608,25,25,both,True
grid_last_state_only,0.25,92,20080615074701,3,3,both,True
grid_last_state_only,0.25,92,20080620065746,3,3,both,True
grid_last_state_only,0.25,92,20080620073920,3,3,both,True
grid_last_state_only,0.25,92,20080621132447,3,3,both,True
grid_last_state_only,0.25,92,20080621171637,3,3,both,True
grid_last_state_only,0.25,92,20080626112007,3,3,both,True
grid_last_state_only,0.25,92,20080626181626,3,3,both,True
grid_last_state_only,0.25,92,20080629095405,3,3,both,True
grid_last_state_only,0.25,92,20080703052933,3,3,both,True
grid_last_state_only,0.25,92,20080703142414,3,3,both,True
grid_last_state_only,0.25,92,20080705083321,3,3,both,True
grid_last_state_only,0.25,92,20080705191801,3,3,both,True
grid_last_state_only,0.25,92,20080707094314,3,3,both,True
grid_last_state_only,0.25,92,20080710083328,19,19,both,True
grid_last_state_only,0.25,92,20080714074403,3,3,both,True
grid_last_state_only,0.25,92,20080715131602,7,7,both,True
grid_last_state_only,0.25,92,20080715132532,3,3,both,True
grid_last_state_only,0.25,92,20080718073025,17,17,both,True
grid_last_state_only,0.25,92,20080719182301,3,3,both,True
grid_last_state_only,0.25,92,20080720155229,3,3,both,True
grid_last_state_only,0.25,92,20080721072245,3,3,both,True
grid_last_state_only,0.25,92,20080721174236,3,3,both,True
grid_last_state_only,0.25,92,20080723191215,3,3,both,True
grid_last_state_only,0.25,92,20080725173515,3,3,both,True
grid_last_state_only,0.25,92,20080728072301,3,3,both,True
grid_last_state_only,0.25,92,20080730161553,19,19,both,True
grid_last_state_only,0.25,92,20080802183007,3,3,both,True
grid_last_state_only,0.25,92,20080804123326,3,3,both,True
grid_last_state_only,0.25,92,20080806073008,3,3,both,True
grid_last_state_only,0.25,92,20080806235848,3,3,both,True
grid_last_state_only,0.25,92,20080811072411,3,3,both,True
grid_last_state_only,0.25,92,20080812073233,3,3,both,True
grid_last_state_only,0.25,92,20080813073848,19,19,both,True
grid_last_state_only,0.25,92,20080814074950,19,19,both,True
grid_last_state_only,0.25,96,20081026021723,1,1,both,True
grid_last_state_only,0.25,96,20081026113752,1,1,both,True
grid_last_state_only,0.25,96,20081027012336,1,1,both,True
grid_last_state_only,0.25,96,20081027052305,1,1,both,True
grid_last_state_only,0.25,96,20081027060537,0,0,both,True
grid_last_state_only,0.25,96,20081028111959,0,0,both,True
grid_last_state_only,0.25,96,20081030135435,0,0,both,True
grid_last_state_only,0.25,96,20081101013523,1,1,both,True
grid_last_state_only,0.25,96,20081105141854,0,0,both,True
grid_last_state_only,0.25,96,20081106023054,1,1,both,True
grid_last_state_only,0.25,96,20081107090836,1,1,both,True
grid_last_state_only,0.25,96,20081109014530,1,1,both,True
grid_last_state_only,0.25,96,20081109120329,0,0,both,True
grid_last_state_only,0.25,96,20081114044453,0,0,both,True
grid_last_state_only,0.25,96,20081115015705,1,1,both,True
grid_last_state_only,0.25,96,20081115105653,1,1,both,True
grid_last_state_only,0.25,96,20081116065153,1,1,both,True
grid_last_state_only,0.25,96,20081117023535,0,0,both,True
grid_last_state_only,0.25,96,20081117030757,0,0,both,True
grid_last_state_only,0.25,96,20081128113925,0,0,both,True
grid_last_state_only,0.25,96,20081129015805,10,10,both,True
grid_last_state_only,0.25,96,20081201120252,0,0,both,True
grid_last_state_only,0.25,96,20081203134752,1,1,both,True
grid_last_state_only,0.25,96,20081205054605,0,0,both,True
grid_last_state_only,0.25,96,20081208033705,0,0,both,True
grid_last_state_only,0.25,96,20081210094559,0,0,both,True
grid_last_state_only,0.25,96,20081211005853,0,0,both,True
grid_last_state_only,0.25,101,20080402055227,5,5,both,True
grid_last_state_only,0.25,101,20080402064856,5,5,both,True
grid_last_state_only,0.25,101,20080402125307,5,5,both,True
grid_last_state_only,0.25,101,20080402130216,5,5,both,True
grid_last_state_only,0.25,101,20080406052656,5,5,both,True
grid_last_state_only,0.25,101,20080407030128,5,5,both,True
grid_last_state_only,0.25,101,20080411121437,5,5,both,True
grid_last_state_only,0.25,101,20080418035836,5,5,both,True
grid_last_state_only,0.25,101,20080507062347,5,5,both,True
grid_last_state_only,0.25,101,20080507070528,5,5,both,True
grid_last_state_only,0.25,101,20080509115416,5,5,both,True
grid_last_state_only,0.25,101,20080522095436,5,5,both,True
grid_last_state_only,0.25,101,20080629025234,5,5,both,True
grid_last_state_only,0.25,101,20080629063734,5,5,both,True
grid_last_state_only,0.25,101,20080629075340,5,5,both,True
grid_last_state_only,0.25,101,20080629121541,5,5,both,True
grid_last_state_only,0.25,103,20080916044613,0,0,both,True
grid_last_state_only,0.25,103,20080916101236,0,0,both,True
grid_last_state_only,0.25,103,20080917110637,2,2,both,True
grid_last_state_only,0.25,103,20080917135224,2,2,both,True
grid_last_state_only,0.25,103,20080917231611,2,2,both,True
grid_last_state_only,0.25,103,20080918042849,2,2,both,True
grid_last_state_only,0.25,103,20080918070148,0,0,both,True
grid_last_state_only,0.25,103,20080919061140,2,2,both,True
grid_last_state_only,0.25,103,20080919070700,0,0,both,True
grid_last_state_only,0.25,103,20080919092921,0,0,both,True
grid_last_state_only,0.25,103,20080920061016,2,2,both,True
grid_last_state_only,0.25,103,20080920104637,2,2,both,True
grid_last_state_only,0.25,112,20080625011601,0,0,both,True
grid_last_state_only,0.25,112,20080625172633,18,18,both,True
grid_last_state_only,0.25,112,20080626031425,0,0,both,True
grid_last_state_only,0.25,112,20080626165615,0,0,both,True
grid_last_state_only,0.25,112,20080627103629,18,18,both,True
grid_last_state_only,0.25,112,20080628100846,0,0,both,True
grid_last_state_only,0.25,112,20080628165309,0,0,both,True
grid_last_state_only,0.25,112,20080629004633,0,0,both,True
grid_last_state_only,0.25,112,20080629043556,0,0,both,True
grid_last_state_only,0.25,112,20080629165831,0,0,both,True
grid_last_state_only,0.25,112,20080630015803,0,0,both,True
grid_last_state_only,0.25,112,20080630160716,0,0,both,True
grid_last_state_only,0.25,112,20080701052937,0,0,both,True
grid_last_state_only,0.25,112,20080701194739,0,0,both,True
grid_last_state_only,0.25,112,20080702020309,0,0,both,True
grid_last_state_only,0.25,112,20080702161309,0,0,both,True
grid_last_state_only,0.25,112,20080703015604,0,0,both,True
grid_last_state_only,0.25,112,20080703153003,0,0,both,True
grid_last_state_only,0.25,112,20080704021011,0,0,both,True
grid_last_state_only,0.25,112,20080704171509,0,0,both,True
grid_last_state_only,0.25,112,20080705053420,0,0,both,True
grid_last_state_only,0.25,112,20080705164758,0,0,both,True
grid_last_state_only,0.25,112,20080706014330,0,0,both,True
grid_last_state_only,0.25,112,20080706083034,0,0,both,True
grid_last_state_only,0.25,112,20080706173438,0,0,both,True
grid_last_state_only,0.25,112,20080707022437,0,0,both,True
grid_last_state_only,0.25,112,20080707162139,0,0,both,True
grid_last_state_only,0.25,112,20080708162052,18,18,both,True
grid_last_state_only,0.25,112,20080709012639,0,0,both,True
grid_last_state_only,0.25,112,20080709171521,0,0,both,True
grid_last_state_only,0.25,112,20080710022932,0,0,both,True
grid_last_state_only,0.25,112,20080710095337,0,0,both,True
grid_last_state_only,0.25,112,20080710114615,0,0,both,True
grid_last_state_only,0.25,112,20080711020311,0,0,both,True
grid_last_state_only,0.25,112,20080713004126,0,0,both,True
grid_last_state_only,0.25,112,20080713064523,0,0,both,True
grid_last_state_only,0.25,112,20080713093807,18,18,both,True
grid_last_state_only,0.25,112,20080713162846,0,0,both,True
grid_last_state_only,0.25,112,20080715125857,0,0,both,True
grid_last_state_only,0.25,112,20080715141929,0,0,both,True
grid_last_state_only,0.25,112,20080715165809,0,0,both,True
grid_last_state_only,0.25,112,20080716020639,0,0,both,True
grid_last_state_only,0.25,112,20080716103338,0,0,both,True
grid_last_state_only,0.25,112,20080716154342,0,0,both,True
grid_last_state_only,0.25,112,20080717012048,18,18,both,True
grid_last_state_only,0.25,112,20080717152304,18,18,both,True
grid_last_state_only,0.25,112,20080718013204,0,0,both,True
grid_last_state_only,0.25,119,20080922003552,3,3,both,True
grid_last_state_only,0.25,119,20080922141505,0,0,both,True
grid_last_state_only,0.25,119,20080923103305,0,0,both,True
grid_last_state_only,0.25,119,20080924010734,0,0,both,True
grid_last_state_only,0.25,119,20080925002004,0,0,both,True
grid_last_state_only,0.25,119,20080927005205,3,3,both,True
grid_last_state_only,0.25,119,20080927125153,3,3,both,True
grid_last_state_only,0.25,119,20080930070335,0,0,both,True
grid_last_state_only,0.25,119,20080930075522,0,0,both,True
grid_last_state_only,0.25,119,20081005041023,3,3,both,True
grid_last_state_only,0.25,119,20081006001735,0,0,both,True
grid_last_state_only,0.25,126,20081212033806,11,11,both,True
grid_last_state_only,0.25,126,20081213004659,9,9,both,True
grid_last_state_only,0.25,126,20081214061053,4,4,both,True
grid_last_state_only,0.25,126,20081215091804,11,11,both,True
grid_last_state_only,0.25,126,20081215092501,17,17,both,True
grid_last_state_only,0.25,126,20081216145734,11,11,both,True
grid_last_state_only,0.25,126,20081217012730,4,4,both,True
grid_last_state_only,0.25,126,20081220053722,4,4,both,True
grid_last_state_only,0.25,126,20081221091036,4,4,both,True
grid_last_state_only,0.25,126,20081222152354,11,11,both,True
grid_last_state_only,0.25,126,20081223021508,4,4,both,True
grid_last_state_only,0.25,126,20081223114649,5,5,both,True
grid_last_state_only,0.25,126,20081224083759,11,11,both,True
grid_last_state_only,0.25,126,20081224150332,11,11,both,True
grid_last_state_only,0.25,126,20081225013437,4,4,both,True
grid_last_state_only,0.25,126,20081225175024,4,4,both,True
grid_last_state_only,0.25,126,20081226014209,5,5,both,True
grid_last_state_only,0.25,126,20081228032227,5,5,both,True
grid_last_state_only,0.25,126,20081228171208,4,4,both,True
grid_last_state_only,0.25,126,20081229023536,4,4,both,True
grid_last_state_only,0.25,126,20081229160739,11,11,both,True
grid_last_state_only,0.25,126,20081231100109,11,11,both,True
grid_last_state_only,0.25,126,20090101140537,4,4,both,True
grid_last_state_only,0.25,126,20090106101155,4,4,both,True
grid_last_state_only,0.25,126,20090111132534,4,4,both,True
grid_last_state_only,0.25,126,20090112034936,4,4,both,True
grid_last_state_only,0.25,126,20090112162902,4,4,both,True
grid_last_state_only,0.25,126,20090113015238,11,11,both,True
grid_last_state_only,0.25,126,20090114122432,11,11,both,True
grid_last_state_only,0.25,126,20090115014729,5,5,both,True
grid_last_state_only,0.25,126,20090116023156,11,11,both,True
grid_last_state_only,0.25,126,20090116161154,4,4,both,True
grid_last_state_only,0.25,126,20090117023705,4,4,both,True
grid_last_state_only,0.25,126,20090118041307,4,4,both,True
grid_last_state_only,0.25,126,20090118143859,5,5,both,True
grid_last_state_only,0.25,126,20090119070358,4,4,both,True
grid_last_state_only,0.25,126,20090120055508,11,11,both,True
grid_last_state_only,0.25,126,20090121064258,4,4,both,True
grid_last_state_only,0.25,126,20090121183707,11,11,both,True
grid_last_state_only,0.25,126,20090122050259,5,5,both,True
grid_last_state_only,0.25,126,20090124035138,4,4,both,True
grid_last_state_only,0.25,126,20090125020229,4,4,both,True
grid_last_state_only,0.25,126,20090126054447,5,5,both,True
grid_last_state_only,0.25,126,20090128035001,4,4,both,True
grid_last_state_only,0.25,126,20090202105828,4,4,both,True
grid_last_state_only,0.25,126,20090203063004,4,4,both,True
grid_last_state_only,0.25,126,20090203143356,11,11,both,True
grid_last_state_only,0.25,126,20090204035659,4,4,both,True
grid_last_state_only,0.25,126,20090205033759,4,4,both,True
grid_last_state_only,0.25,126,20090206055100,4,4,both,True
grid_last_state_only,0.25,126,20090207004237,4,4,both,True
grid_last_state_only,0.25,126,20090207103659,11,11,both,True
grid_last_state_only,0.25,126,20090208012352,6,6,both,True
grid_last_state_only,0.25,126,20090210154623,4,4,both,True
grid_last_state_only,0.25,126,20090211044036,11,11,both,True
grid_last_state_only,0.25,126,20090213025810,4,4,both,True
grid_last_state_only,0.25,126,20090214035934,5,5,both,True
grid_last_state_only,0.25,126,20090215103622,4,4,both,True
grid_last_state_only,0.25,126,20090215180922,11,11,both,True
grid_last_state_only,0.25,126,20090216032915,4,4,both,True
grid_last_state_only,0.25,126,20090216172536,11,11,both,True
grid_last_state_only,0.25,126,20090217015359,4,4,both,True
grid_last_state_only,0.25,126,20090222102105,4,4,both,True
grid_last_state_only,0.25,134,20080103185715,4,4,both,True
grid_last_state_only,0.25,134,20080104192055,0,0,both,True
grid_last_state_only,0.25,134,20080105101716,0,0,both,True
grid_last_state_only,0.25,134,20080105224708,0,0,both,True
grid_last_state_only,0.25,134,20080107232831,4,4,both,True
grid_last_state_only,0.25,134,20080109110907,0,0,both,True
grid_last_state_only,0.25,134,20080111104704,4,4,both,True
grid_last_state_only,0.25,134,20080123204917,0,0,both,True
grid_last_state_only,0.25,134,20080124232414,1,1,both,True
grid_last_state_only,0.25,134,20080125214105,4,4,both,True
grid_last_state_only,0.25,134,20080126201731,0,0,both,True
grid_last_state_only,0.25,134,20080128232012,1,1,both,True
grid_last_state_only,0.25,134,20080131181918,4,4,both,True
grid_last_state_only,0.25,134,20080201122139,1,1,both,True
grid_last_state_only,0.25,134,20080204234133,1,1,both,True
grid_last_state_only,0.25,134,20080205091700,1,1,both,True
grid_last_state_only,0.25,144,20090320105734,25,25,both,True
grid_last_state_only,0.25,144,20090320220234,8,8,both,True
grid_last_state_only,0.25,144,20090321083221,39,39,both,True
grid_last_state_only,0.25,144,20090322014034,39,39,both,True
grid_last_state_only,0.25,144,20090323015052,39,39,both,True
grid_last_state_only,0.25,144,20090324004422,39,39,both,True
grid_last_state_only,0.25,144,20090326091104,8,8,both,True
grid_last_state_only,0.25,144,20090520102033,8,8,both,True
grid_last_state_only,0.25,144,20090521014154,8,8,both,True
grid_last_state_only,0.25,144,20090522002338,16,16,both,True
grid_last_state_only,0.25,144,20090522091556,16,16,both,True
grid_last_state_only,0.25,144,20090522221207,92,92,both,True
grid_last_state_only,0.25,144,20090525235137,8,8,both,True
grid_last_state_only,0.25,144,20090527145304,26,26,both,True
grid_last_state_only,0.25,144,20090529010040,55,55,both,True
grid_last_state_only,0.25,144,20090529232430,55,55,both,True
grid_last_state_only,0.25,144,20090531114801,8,8,both,True
grid_last_state_only,0.25,144,20090601112421,8,8,both,True
grid_last_state_only,0.25,144,20090601235432,25,25,both,True
grid_last_state_only,0.25,144,20090602235107,8,8,both,True
grid_last_state_only,0.25,144,20090603101837,8,8,both,True
grid_last_state_only,0.25,144,20090606065236,8,8,both,True
grid_last_state_only,0.25,144,20090607060603,16,16,both,True
grid_last_state_only,0.25,144,20090608235536,8,8,both,True
grid_last_state_only,0.25,144,20090609110322,25,25,both,True
grid_last_state_only,0.25,144,20090609235238,25,25,both,True
grid_last_state_only,0.25,144,20090613020636,8,8,both,True
grid_last_state_only,0.25,144,20090614073117,8,8,both,True
grid_last_state_only,0.25,144,20090614235131,8,8,both,True
grid_last_state_only,0.25,144,20090616024001,0,0,both,True
grid_last_state_only,0.25,144,20090616235600,8,8,both,True
grid_last_state_only,0.25,144,20090617102729,8,8,both,True
grid_last_state_only,0.25,144,20090620033405,8,8,both,True
grid_last_state_only,0.25,144,20090622113007,25,25,both,True
grid_last_state_only,0.25,144,20090622234605,8,8,both,True
grid_last_state_only,0.25,144,20090624235454,8,8,both,True
grid_last_state_only,0.25,144,20090625103805,8,8,both,True
grid_last_state_only,0.25,144,20090626000502,25,25,both,True
grid_last_state_only,0.25,144,20090627030407,8,8,both,True
grid_last_state_only,0.25,144,20090628061504,86,86,both,True
grid_last_state_only,0.25,144,20090628234833,8,8,both,True
grid_last_state_only,0.25,144,20090629235727,25,25,both,True
grid_last_state_only,0.25,144,20090701235103,8,8,both,True
grid_last_state_only,0.25,144,20090702235757,25,25,both,True
grid_last_state_only,0.25,144,20090704015352,74,74,both,True
grid_last_state_only,0.25,144,20090706033310,74,74,both,True
grid_last_state_only,0.25,144,20090707230534,74,74,both,True
grid_last_state_only,0.25,144,20090715203207,25,25,both,True
grid_last_state_only,0.25,144,20090715203922,8,8,both,True
grid_last_state_only,0.25,144,20090717111355,8,8,both,True
grid_last_state_only,0.25,144,20090719065636,86,86,both,True
grid_last_state_only,0.25,144,20090720000052,8,8,both,True
grid_last_state_only,0.25,144,20090722104535,8,8,both,True
grid_last_state_only,0.25,144,20090723102429,8,8,both,True
grid_last_state_only,0.25,144,20090723235233,8,8,both,True
grid_last_state_only,0.25,144,20090724100436,25,25,both,True
grid_last_state_only,0.25,144,20090725012937,8,8,both,True
grid_last_state_only,0.25,144,20090726084226,8,8,both,True
grid_last_state_only,0.25,144,20090726235306,8,8,both,True
grid_last_state_only,0.25,144,20090727110936,8,8,both,True
grid_last_state_only,0.25,144,20090728000707,8,8,both,True
grid_last_state_only,0.25,144,20090729001633,8,8,both,True
grid_last_state_only,0.25,144,20090729235433,8,8,both,True
grid_last_state_only,0.25,144,20090730104305,8,8,both,True
grid_last_state_only,0.25,144,20090731024535,8,8,both,True
grid_last_state_only,0.25,144,20090731233637,8,8,both,True
grid_last_state_only,0.25,144,20090802001036,3,3,both,True
grid_last_state_only,0.25,144,20090802235254,8,8,both,True
grid_last_state_only,0.25,144,20090803110500,8,8,both,True
grid_last_state_only,0.25,144,20090803235536,25,25,both,True
grid_last_state_only,0.25,144,20090804110750,8,8,both,True
grid_last_state_only,0.25,144,20090808060826,8,8,both,True
grid_last_state_only,0.25,144,20090808220159,43,43,both,True
grid_last_state_only,0.25,144,20090810235059,25,25,both,True
grid_last_state_only,0.25,144,20090811104834,25,25,both,True
grid_last_state_only,0.25,144,20090812100836,8,8,both,True
grid_last_state_only,0.25,144,20090813010535,8,8,both,True
grid_last_state_only,0.25,144,20090815031237,8,8,both,True
grid_last_state_only,0.25,144,20090816234933,8,8,both,True
grid_last_state_only,0.25,144,20090818104808,8,8,both,True
grid_last_state_only,0.25,144,20090819002103,16,16,both,True
grid_last_state_only,0.25,144,20090819093007,8,8,both,True
grid_last_state_only,0.25,144,20090819225202,8,8,both,True
grid_last_state_only,0.25,144,20090821003737,25,25,both,True
grid_last_state_only,0.25,144,20090821110053,25,25,both,True
grid_last_state_only,0.25,144,20090822075806,7,7,both,True
grid_last_state_only,0.25,144,20090823034437,16,16,both,True
grid_last_state_only,0.25,144,20090824101938,8,8,both,True
grid_last_state_only,0.25,144,20090825034334,96,96,both,True
grid_last_state_only,0.25,144,20090825235926,96,96,both,True
grid_last_state_only,0.25,144,20090827005038,96,96,both,True
grid_last_state_only,0.25,144,20090827114400,96,96,both,True
grid_last_state_only,0.25,144,20090828022936,8,8,both,True
grid_last_state_only,0.25,144,20090828154632,8,8,both,True
grid_last_state_only,0.25,144,20090830022303,8,8,both,True
grid_last_state_only,0.25,144,20090830235305,8,8,both,True
grid_last_state_only,0.25,144,20090903014903,19,19,both,True
grid_last_state_only,0.25,144,20090904034156,19,19,both,True
grid_last_state_only,0.25,144,20090905032524,8,8,both,True
grid_last_state_only,0.25,144,20090906023103,8,8,both,True
grid_last_state_only,0.25,144,20090906092908,53,53,both,True
grid_last_state_only,0.25,144,20090908234759,8,8,both,True
grid_last_state_only,0.25,144,20090909110407,8,8,both,True
grid_last_state_only,0.25,144,20090910004838,8,8,both,True
grid_last_state_only,0.25,144,20090911113635,25,25,both,True
grid_last_state_only,0.25,144,20090912053533,8,8,both,True
grid_last_state_only,0.25,144,20090913065703,86,86,both,True
grid_last_state_only,0.25,144,20090916001807,1,1,both,True
grid_last_state_only,0.25,144,20090916104304,25,25,both,True
grid_last_state_only,0.25,144,20090916234959,8,8,both,True
grid_last_state_only,0.25,144,20090917101935,8,8,both,True
grid_last_state_only,0.25,144,20090917235434,89,89,both,True
grid_last_state_only,0.25,144,20090918063018,25,25,both,True
grid_last_state_only,0.25,144,20090920052628,8,8,both,True
grid_last_state_only,0.25,144,20090920234831,8,8,both,True
grid_last_state_only,0.25,144,20090921102607,8,8,both,True
grid_last_state_only,0.25,144,20090921234959,25,25,both,True
grid_last_state_only,0.25,144,20090922235636,25,25,both,True
grid_last_state_only,0.25,144,20090923101746,107,107,both,True
grid_last_state_only,0.25,144,20090924054331,0,0,both,True
grid_last_state_only,0.25,147,20110429211108,1,1,both,True
grid_last_state_only,0.25,147,20110503092256,1,1,both,True
grid_last_state_only,0.25,147,20110503211058,3,3,both,True
grid_last_state_only,0.25,147,20110504090804,1,1,both,True
grid_last_state_only,0.25,147,20110504222727,3,3,both,True
grid_last_state_only,0.25,147,20110505093137,1,1,both,True
grid_last_state_only,0.25,147,20110509090537,1,1,both,True
grid_last_state_only,0.25,147,20110509213336,3,3,both,True
grid_last_state_only,0.25,147,20110510091728,1,1,both,True
grid_last_state_only,0.25,147,20110510220025,3,3,both,True
grid_last_state_only,0.25,147,20110511090033,1,1,both,True
grid_last_state_only,0.25,147,20110511220208,3,3,both,True
grid_last_state_only,0.25,147,20110512092100,1,1,both,True
grid_last_state_only,0.25,147,20110512213721,3,3,both,True
grid_last_state_only,0.25,147,20110513085630,1,1,both,True
grid_last_state_only,0.25,147,20110515092153,1,1,both,True
grid_last_state_only,0.25,147,20110516213330,3,3,both,True
grid_last_state_only,0.25,147,20110517221041,1,1,both,True
grid_last_state_only,0.25,147,20110518210025,1,1,both,True
grid_last_state_only,0.25,147,20110519084458,1,1,both,True
grid_last_state_only,0.25,168,20110808223334,5,5,both,True
grid_last_state_only,0.25,168,20110809130404,1,1,both,True
grid_last_state_only,0.25,168,20110809223728,5,5,both,True
grid_last_state_only,0.25,168,20110810114128,1,1,both,True
grid_last_state_only,0.25,168,20110810230703,1,1,both,True
grid_last_state_only,0.25,168,20110811111352,1,1,both,True
grid_last_state_only,0.25,168,20110813021333,1,1,both,True
grid_last_state_only,0.25,168,20110814082752,0,0,both,True
grid_last_state_only,0.25,168,20110814223234,5,5,both,True
grid_last_state_only,0.25,168,20110815094533,1,1,both,True
grid_last_state_only,0.25,168,20110815223434,5,5,both,True
grid_last_state_only,0.25,168,20110816121403,1,1,both,True
grid_last_state_only,0.25,168,20110816223828,5,5,both,True
grid_last_state_only,0.25,168,20110817113458,1,1,both,True
grid_last_state_only,0.25,168,20110817223957,5,5,both,True
grid_last_state_only,0.25,168,20110818101352,1,1,both,True
grid_last_state_only,0.25,168,20110820061322,5,5,both,True
grid_last_state_only,0.25,168,20110821223758,5,5,both,True
grid_last_state_only,0.25,168,20110822115552,1,1,both,True
grid_last_state_only,0.25,168,20110822224028,5,5,both,True
grid_last_state_only,0.25,168,20110823095558,1,1,both,True
grid_last_state_only,0.25,168,20110823224234,5,5,both,True
grid_last_state_only,0.25,168,20110824134528,1,1,both,True
grid_last_state_only,0.25,168,20110824224328,5,5,both,True
grid_last_state_only,0.25,179,20081021012324,9,9,both,True
grid_last_state_only,0.25,179,20081021110030,0,0,both,True
grid_last_state_only,0.25,179,20081026014505,0,0,both,True
grid_last_state_only,0.25,179,20081026113752,0,0,both,True
grid_last_state_only,0.25,179,20081027012336,0,0,both,True
grid_last_state_only,0.25,179,20081027123634,0,0,both,True
grid_last_state_only,0.25,179,20081027124519,0,0,both,True
grid_last_state_only,0.25,179,20081101013523,0,0,both,True
grid_last_state_only,0.25,179,20081106023054,0,0,both,True
grid_last_state_only,0.25,179,20081107090836,0,0,both,True
grid_last_state_only,0.25,179,20081109014530,0,0,both,True
grid_last_state_only,0.25,179,20081109120329,0,0,both,True
grid_last_state_only,0.25,179,20081115015705,0,0,both,True
grid_last_state_only,0.25,179,20081115105653,0,0,both,True
grid_last_state_only,0.25,179,20081116065153,0,0,both,True
grid_last_state_only,0.25,179,20081117025429,0,0,both,True
grid_last_state_only,0.25,179,20081117030421,0,0,both,True
grid_last_state_only,0.25,179,20081129015805,0,0,both,True
grid_last_state_only,0.5,0,20090603064302,0,0,both,True
grid_last_state_only,0.5,0,20090604053730,15,15,both,True
grid_last_state_only,0.5,0,20090605012707,0,0,both,True
grid_last_state_only,0.5,0,20090606060037,4,4,both,True
grid_last_state_only,0.5,0,20090607075255,0,0,both,True
grid_last_state_only,0.5,0,20090607163831,0,0,both,True
grid_last_state_only,0.5,0,20090608060034,0,0,both,True
grid_last_state_only,0.5,0,20090609002030,4,4,both,True
grid_last_state_only,0.5,0,20090610062438,0,0,both,True
grid_last_state_only,0.5,0,20090610223636,11,11,both,True
grid_last_state_only,0.5,0,20090611221204,4,4,both,True
grid_last_state_only,0.5,0,20090612072227,4,4,both,True
grid_last_state_only,0.5,0,20090612220336,0,0,both,True
grid_last_state_only,0.5,0,20090614065303,4,4,both,True
grid_last_state_only,0.5,0,20090615055603,0,0,both,True
grid_last_state_only,0.5,0,20090615183206,0,0,both,True
grid_last_state_only,0.5,0,20090616054128,11,11,both,True
grid_last_state_only,0.5,0,20090618005931,0,0,both,True
grid_last_state_only,0.5,0,20090619004036,0,0,both,True
grid_last_state_only,0.5,0,20090620024527,0,0,both,True
grid_last_state_only,0.5,0,20090621101407,0,0,both,True
grid_last_state_only,0.5,0,20090622095432,0,0,both,True
grid_last_state_only,0.5,0,20090623043635,0,0,both,True
grid_last_state_only,0.5,0,20090623233404,0,0,both,True
grid_last_state_only,0.5,0,20090624070430,0,0,both,True
grid_last_state_only,0.5,0,20090624215736,0,0,both,True
grid_last_state_only,0.5,0,20090625041631,4,4,both,True
grid_last_state_only,0.5,0,20090626101307,4,4,both,True
grid_last_state_only,0.5,0,20090627025208,4,4,both,True
grid_last_state_only,0.5,0,20090627101821,4,4,both,True
grid_last_state_only,0.5,0,20090628005229,16,16,both,True
grid_last_state_only,0.5,0,20090629011630,16,16,both,True
grid_last_state_only,0.5,0,20090629173335,0,0,both,True
grid_last_state_only,0.5,0,20090630045606,0,0,both,True
grid_last_state_only,0.5,0,20090701044033,0,0,both,True
grid_last_state_only,0.5,0,20090701171936,0,0,both,True
grid_last_state_only,0.5,0,20090702022530,4,4,both,True
grid_last_state_only,0.5,0,20090703002800,0,0,both,True
grid_last_state_only,0.5,0,20090704042634,0,0,both,True
grid_last_state_only,0.5,0,20090705025307,0,0,both,True
grid_last_state_only,0.5,16,20081202110923,3,3,both,True
grid_last_state_only,0.5,16,20081203091735,4,4,both,True
grid_last_state_only,0.5,16,20081208003122,3,3,both,True
grid_last_state_only,0.5,16,20081209014205,3,3,both,True
grid_last_state_only,0.5,16,20081210004205,0,0,both,True
grid_last_state_only,0.5,16,20081210102335,0,0,both,True
grid_last_state_only,0.5,16,20081211005204,0,0,both,True
grid_last_state_only,0.5,16,20081212071854,0,0,both,True
grid_last_state_only,0.5,16,20081213085404,0,0,both,True
grid_last_state_only,0.5,16,20081214050759,0,0,both,True
grid_last_state_only,0.5,16,20081215004559,0,0,both,True
grid_last_state_only,0.5,16,20081216010805,0,0,both,True
grid_last_state_only,0.5,17,20090319050008,1,1,both,True
grid_last_state_only,0.5,17,20090319091136,1,1,both,True
grid_last_state_only,0.5,17,20090319124458,0,0,both,True
grid_last_state_only,0.5,17,20090320000946,0,0,both,True
grid_last_state_only,0.5,17,20090320004539,0,0,both,True
grid_last_state_only,0.5,17,20090321050356,3,3,both,True
grid_last_state_only,0.5,17,20090322052036,0,0,both,True
grid_last_state_only,0.5,17,20090323000531,0,0,both,True
grid_last_state_only,0.5,17,20090323145837,0,0,both,True
grid_last_state_only,0.5,17,20090323212145,55,55,both,True
grid_last_state_only,0.5,17,20090325000739,0,0,both,True
grid_last_state_only,0.5,17,20090326000154,0,0,both,True
grid_last_state_only,0.5,17,20090326113406,0,0,both,True
grid_last_state_only,0.5,17,20090327002511,3,3,both,True
grid_last_state_only,0.5,17,20090328041725,0,0,both,True
grid_last_state_only,0.5,17,20090329025818,3,3,both,True
grid_last_state_only,0.5,17,20090329235347,0,0,both,True
grid_last_state_only,0.5,17,20090330112458,0,0,both,True
grid_last_state_only,0.5,17,20090331235635,3,3,both,True
grid_last_state_only,0.5,17,20090401235303,5,5,both,True
grid_last_state_only,0.5,17,20090402235820,0,0,both,True
grid_last_state_only,0.5,17,20090403131503,1,1,both,True
grid_last_state_only,0.5,17,20090404020155,0,0,both,True
grid_last_state_only,0.5,17,20090405053007,0,0,both,True
grid_last_state_only,0.5,17,20090406060347,26,26,both,True
grid_last_state_only,0.5,17,20090406233133,1,1,both,True
grid_last_state_only,0.5,17,20090407122913,0,0,both,True
grid_last_state_only,0.5,17,20090407234410,20,20,both,True
grid_last_state_only,0.5,17,20090408235354,0,0,both,True
grid_last_state_only,0.5,17,20090409234539,0,0,both,True
grid_last_state_only,0.5,17,20090411000325,0,0,both,True
grid_last_state_only,0.5,17,20090412014730,0,0,both,True
grid_last_state_only,0.5,17,20090413000008,9,9,both,True
grid_last_state_only,0.5,17,20090413235216,8,8,both,True
grid_last_state_only,0.5,17,20090415234514,3,3,both,True
grid_last_state_only,0.5,17,20090416234739,3,3,both,True
grid_last_state_only,0.5,17,20090418014515,0,0,both,True
grid_last_state_only,0.5,17,20090419010400,0,0,both,True
grid_last_state_only,0.5,17,20090419130441,0,0,both,True
grid_last_state_only,0.5,17,20090420000026,3,3,both,True
grid_last_state_only,0.5,17,20090420110816,1,1,both,True
grid_last_state_only,0.5,17,20090420235733,0,0,both,True
grid_last_state_only,0.5,17,20090421124855,0,0,both,True
grid_last_state_only,0.5,17,20090421234946,1,1,both,True
grid_last_state_only,0.5,17,20090513094309,0,0,both,True
grid_last_state_only,0.5,17,20090513232947,0,0,both,True
grid_last_state_only,0.5,17,20090514090933,0,0,both,True
grid_last_state_only,0.5,17,20090515020800,3,3,both,True
grid_last_state_only,0.5,17,20090516010239,0,0,both,True
grid_last_state_only,0.5,17,20090517033915,0,0,both,True
grid_last_state_only,0.5,17,20090517054300,0,0,both,True
grid_last_state_only,0.5,17,20090519003045,0,0,both,True
grid_last_state_only,0.5,17,20090520231518,26,26,both,True
grid_last_state_only,0.5,17,20090521234308,0,0,both,True
grid_last_state_only,0.5,17,20090523022436,3,3,both,True
grid_last_state_only,0.5,17,20090524232403,0,0,both,True
grid_last_state_only,0.5,17,20090526051336,0,0,both,True
grid_last_state_only,0.5,17,20090528012914,33,33,both,True
grid_last_state_only,0.5,17,20090530054703,0,0,both,True
grid_last_state_only,0.5,17,20090531001952,0,0,both,True
grid_last_state_only,0.5,17,20090601000744,0,0,both,True
grid_last_state_only,0.5,17,20090601235202,1,1,both,True
grid_last_state_only,0.5,17,20090602131142,0,0,both,True
grid_last_state_only,0.5,17,20090603233338,0,0,both,True
grid_last_state_only,0.5,17,20090604232209,3,3,both,True
grid_last_state_only,0.5,17,20090607021214,0,0,both,True
grid_last_state_only,0.5,17,20090607234645,0,0,both,True
grid_last_state_only,0.5,17,20090608233046,0,0,both,True
grid_last_state_only,0.5,17,20090609233900,1,1,both,True
grid_last_state_only,0.5,17,20090610135201,0,0,both,True
grid_last_state_only,0.5,17,20090610232548,0,0,both,True
grid_last_state_only,0.5,17,20090611234447,0,0,both,True
grid_last_state_only,0.5,17,20090613010507,0,0,both,True
grid_last_state_only,0.5,17,20090613144446,0,0,both,True
grid_last_state_only,0.5,17,20090613231704,0,0,both,True
grid_last_state_only,0.5,17,20090614233331,0,0,both,True
grid_last_state_only,0.5,17,20090615233906,0,0,both,True
grid_last_state_only,0.5,17,20090617131111,1,1,both,True
grid_last_state_only,0.5,17,20090617235133,3,3,both,True
grid_last_state_only,0.5,17,20090618235545,0,0,both,True
grid_last_state_only,0.5,17,20090619234854,0,0,both,True
grid_last_state_only,0.5,17,20090621012524,0,0,both,True
grid_last_state_only,0.5,17,20090621094628,3,3,both,True
grid_last_state_only,0.5,17,20090623000214,3,3,both,True
grid_last_state_only,0.5,17,20090623141709,0,0,both,True
grid_last_state_only,0.5,17,20090624121832,1,1,both,True
grid_last_state_only,0.5,17,20090625014745,0,0,both,True
grid_last_state_only,0.5,17,20090625232715,0,0,both,True
grid_last_state_only,0.5,17,20090627012536,3,3,both,True
grid_last_state_only,0.5,17,20090628013245,1,1,both,True
grid_last_state_only,0.5,17,20090630001301,0,0,both,True
grid_last_state_only,0.5,17,20090702000608,3,3,both,True
grid_last_state_only,0.5,17,20090702094931,1,1,both,True
grid_last_state_only,0.5,17,20090703000110,0,0,both,True
grid_last_state_only,0.5,17,20090704063554,0,0,both,True
grid_last_state_only,0.5,19,20081208063648,0,0,both,True
grid_last_state_only,0.5,19,20081208093749,25,25,both,True
grid_last_state_only,0.5,19,20081208115451,0,0,both,True
grid_last_state_only,0.5,19,20081209002742,6,6,both,True
grid_last_state_only,0.5,19,20081209101839,0,0,both,True
grid_last_state_only,0.5,19,20081209125837,0,0,both,True
grid_last_state_only,0.5,19,20081209150349,0,0,both,True
grid_last_state_only,0.5,19,20081210051634,0,0,both,True
grid_last_state_only,0.5,19,20081210055142,6,6,both,True
grid_last_state_only,0.5,19,20081210062239,16,16,both,True
grid_last_state_only,0.5,19,20081210085203,0,0,both,True
grid_last_state_only,0.5,19,20081210093504,0,0,both,True
grid_last_state_only,0.5,19,20081211001406,0,0,both,True
grid_last_state_only,0.5,19,20081211024057,5,5,both,True
grid_last_state_only,0.5,19,20081211034454,5,5,both,True
grid_last_state_only,0.5,19,20081211044214,0,0,both,True
grid_last_state_only,0.5,19,20081213075114,0,0,both,True
grid_last_state_only,0.5,19,20081214002807,6,6,both,True
grid_last_state_only,0.5,19,20081214092748,0,0,both,True
grid_last_state_only,0.5,20,20111115013237,1,1,both,True
grid_last_state_only,0.5,20,20111116153831,0,0,both,True
grid_last_state_only,0.5,20,20111117020931,1,1,both,True
grid_last_state_only,0.5,20,20111118101629,1,1,both,True
grid_last_state_only,0.5,20,20111119042142,0,0,both,True
grid_last_state_only,0.5,20,20111119155101,0,0,both,True
grid_last_state_only,0.5,20,20111120161356,0,0,both,True
grid_last_state_only,0.5,20,20111121013035,1,1,both,True
grid_last_state_only,0.5,20,20111122014130,1,1,both,True
grid_last_state_only,0.5,20,20111122151957,0,0,both,True
grid_last_state_only,0.5,20,20111123154525,0,0,both,True
grid_last_state_only,0.5,20,20111124020829,1,1,both,True
grid_last_state_only,0.5,20,20111124154938,0,0,both,True
grid_last_state_only,0.5,20,20111125014422,1,1,both,True
grid_last_state_only,0.5,20,20111125152106,0,0,both,True
grid_last_state_only,0.5,20,20111128015322,1,1,both,True
grid_last_state_only,0.5,20,20111128151537,0,0,both,True
grid_last_state_only,0.5,20,20111129015531,1,1,both,True
grid_last_state_only,0.5,20,20111129151955,0,0,both,True
grid_last_state_only,0.5,20,20111130015030,0,0,both,True
grid_last_state_only,0.5,20,20111130151807,0,0,both,True
grid_last_state_only,0.5,20,20111130152335,0,0,both,True
grid_last_state_only,0.5,20,20111201020105,1,1,both,True
grid_last_state_only,0.5,20,20111202020153,1,1,both,True
grid_last_state_only,0.5,20,20111206145735,0,0,both,True
grid_last_state_only,0.5,20,20111209015635,0,0,both,True
grid_last_state_only,0.5,20,20111213143458,0,0,both,True
grid_last_state_only,0.5,20,20111220145401,0,0,both,True
grid_last_state_only,0.5,20,20111221014028,0,0,both,True
grid_last_state_only,0.5,20,20111221150308,0,0,both,True
grid_last_state_only,0.5,20,20111222021305,0,0,both,True
grid_last_state_only,0.5,20,20111223015835,0,0,both,True
grid_last_state_only,0.5,20,20111227051001,1,1,both,True
grid_last_state_only,0.5,24,20090318010336,3,3,both,True
grid_last_state_only,0.5,24,20090319051300,3,3,both,True
grid_last_state_only,0.5,24,20090319232505,3,3,both,True
grid_last_state_only,0.5,24,20090320092600,3,3,both,True
grid_last_state_only,0.5,24,20090321000237,3,3,both,True
grid_last_state_only,0.5,24,20090321235532,3,3,both,True
grid_last_state_only,0.5,24,20090322063047,3,3,both,True
grid_last_state_only,0.5,24,20090323232430,3,3,both,True
grid_last_state_only,0.5,24,20090325001055,3,3,both,True
grid_last_state_only,0.5,24,20090325232230,3,3,both,True
grid_last_state_only,0.5,24,20090512010704,3,3,both,True
grid_last_state_only,0.5,24,20090512231006,3,3,both,True
grid_last_state_only,0.5,24,20090514001608,3,3,both,True
grid_last_state_only,0.5,24,20090515051736,3,3,both,True
grid_last_state_only,0.5,24,20090516000230,3,3,both,True
grid_last_state_only,0.5,24,20090518010033,3,3,both,True
grid_last_state_only,0.5,24,20090519002637,3,3,both,True
grid_last_state_only,0.5,24,20090519231433,3,3,both,True
grid_last_state_only,0.5,24,20090520231037,3,3,both,True
grid_last_state_only,0.5,24,20090522012954,3,3,both,True
grid_last_state_only,0.5,24,20090523001107,3,3,both,True
grid_last_state_only,0.5,24,20090524061723,3,3,both,True
grid_last_state_only,0.5,24,20090525230436,3,3,both,True
grid_last_state_only,0.5,24,20090526104409,3,3,both,True
grid_last_state_only,0.5,25,20090511025404,0,0,both,True
grid_last_state_only,0.5,25,20090511074253,8,8,both,True
grid_last_state_only,0.5,25,20090511120543,0,0,both,True
grid_last_state_only,0.5,25,20090512000606,0,0,both,True
grid_last_state_only,0.5,25,20090512082957,0,0,both,True
grid_last_state_only,0.5,25,20090513013740,0,0,both,True
grid_last_state_only,0.5,25,20090513105350,0,0,both,True
grid_last_state_only,0.5,25,20090514000001,0,0,both,True
grid_last_state_only,0.5,25,20090514015739,0,0,both,True
grid_last_state_only,0.5,25,20090514025341,0,0,both,True
grid_last_state_only,0.5,25,20090514100158,0,0,both,True
grid_last_state_only,0.5,25,20090515000000,41,41,both,True
grid_last_state_only,0.5,25,20090516044805,115,115,both,True
grid_last_state_only,0.5,25,20090516061230,116,116,both,True
grid_last_state_only,0.5,25,20090516105352,50,50,both,True
grid_last_state_only,0.5,25,20090517010002,47,47,both,True
grid_last_state_only,0.5,25,20090517055402,40,40,both,True
grid_last_state_only,0.5,25,20090517092755,40,40,both,True
grid_last_state_only,0.5,25,20090517120000,44,44,both,True
grid_last_state_only,0.5,25,20090518101843,40,40,both,True
grid_last_state_only,0.5,25,20090518121117,40,40,both,True
grid_last_state_only,0.5,25,20090519013040,40,40,both,True
grid_last_state_only,0.5,25,20090519122006,47,47,both,True
grid_last_state_only,0.5,25,20090520000243,14,14,both,True
grid_last_state_only,0.5,25,20090520114811,0,0,both,True
grid_last_state_only,0.5,25,20090520234651,2,2,both,True
grid_last_state_only,0.5,25,20090521042205,0,0,both,True
grid_last_state_only,0.5,25,20090521053513,0,0,both,True
grid_last_state_only,0.5,25,20090521235502,2,2,both,True
grid_last_state_only,0.5,25,20090522042917,2,2,both,True
grid_last_state_only,0.5,25,20090523000115,2,2,both,True
grid_last_state_only,0.5,25,20090523044126,2,2,both,True
grid_last_state_only,0.5,25,20090524000415,2,2,both,True
grid_last_state_only,0.5,25,20090524042347,0,0,both,True
grid_last_state_only,0.5,25,20090524075447,10,10,both,True
grid_last_state_only,0.5,25,20090525000736,2,2,both,True
grid_last_state_only,0.5,25,20090525040854,111,111,both,True
grid_last_state_only,0.5,25,20090525074414,111,111,both,True
grid_last_state_only,0.5,25,20090525081250,88,88,both,True
grid_last_state_only,0.5,25,20090525235606,2,2,both,True
grid_last_state_only,0.5,25,20090526044933,2,2,both,True
grid_last_state_only,0.5,25,20090526084328,0,0,both,True
grid_last_state_only,0.5,25,20090526235709,2,2,both,True
grid_last_state_only,0.5,25,20090527045639,2,2,both,True
grid_last_state_only,0.5,25,20090527092852,0,0,both,True
grid_last_state_only,0.5,25,20090528000132,2,2,both,True
grid_last_state_only,0.5,25,20090528043016,111,111,both,True
grid_last_state_only,0.5,25,20090528074406,2,2,both,True
grid_last_state_only,0.5,25,20090528104309,0,0,both,True
grid_last_state_only,0.5,25,20090528123505,0,0,both,True
grid_last_state_only,0.5,25,20090529021453,2,2,both,True
grid_last_state_only,0.5,25,20090529044013,111,111,both,True
grid_last_state_only,0.5,25,20090529081236,2,2,both,True
grid_last_state_only,0.5,25,20090529100124,0,0,both,True
grid_last_state_only,0.5,25,20090530000803,2,2,both,True
grid_last_state_only,0.5,25,20090530092855,0,0,both,True
grid_last_state_only,0.5,25,20090531000007,111,111,both,True
grid_last_state_only,0.5,25,20090531090700,88,88,both,True
grid_last_state_only,0.5,25,20090601104724,0,0,both,True
grid_last_state_only,0.5,25,20090601113739,0,0,both,True
grid_last_state_only,0.5,25,20090601121555,0,0,both,True
grid_last_state_only,0.5,25,20090602041611,2,2,both,True
grid_last_state_only,0.5,25,20090602101840,2,2,both,True
grid_last_state_only,0.5,25,20090603033735,88,88,both,True
grid_last_state_only,0.5,25,20090603102054,0,0,both,True
grid_last_state_only,0.5,25,20090604040956,2,2,both,True
grid_last_state_only,0.5,25,20090604104645,88,88,both,True
grid_last_state_only,0.5,25,20090605035359,0,0,both,True
grid_last_state_only,0.5,25,20090605094502,0,0,both,True
grid_last_state_only,0.5,25,20090605112034,0,0,both,True
grid_last_state_only,0.5,25,20090606005515,2,2,both,True
grid_last_state_only,0.5,25,20090606093819,2,2,both,True
grid_last_state_only,0.5,25,20090606120215,0,0,both,True
grid_last_state_only,0.5,25,20090606234144,0,0,both,True
grid_last_state_only,0.5,25,20090607113902,0,0,both,True
grid_last_state_only,0.5,25,20090608005335,14,14,both,True
grid_last_state_only,0.5,25,20090609012637,0,0,both,True
grid_last_state_only,0.5,25,20090609090605,0,0,both,True
grid_last_state_only,0.5,25,20090609112946,0,0,both,True
grid_last_state_only,0.5,25,20090610023300,0,0,both,True
grid_last_state_only,0.5,25,20090610095604,0,0,both,True
grid_last_state_only,0.5,25,20090610170259,0,0,both,True
grid_last_state_only,0.5,25,20090611085512,0,0,both,True
grid_last_state_only,0.5,25,20090611113001,0,0,both,True
grid_last_state_only,0.5,25,20090612040740,0,0,both,True
grid_last_state_only,0.5,25,20090612064142,0,0,both,True
grid_last_state_only,0.5,25,20090612130630,0,0,both,True
grid_last_state_only,0.5,25,20090612145033,0,0,both,True
grid_last_state_only,0.5,25,20090614050830,0,0,both,True
grid_last_state_only,0.5,25,20090614085036,2,2,both,True
grid_last_state_only,0.5,25,20090614123454,0,0,both,True
grid_last_state_only,0.5,25,20090615074716,0,0,both,True
grid_last_state_only,0.5,25,20090615132630,0,0,both,True
grid_last_state_only,0.5,25,20090615142743,0,0,both,True
grid_last_state_only,0.5,25,20090616000900,2,2,both,True
grid_last_state_only,0.5,25,20090616093056,0,0,both,True
grid_last_state_only,0.5,25,20090617042939,2,2,both,True
grid_last_state_only,0.5,25,20090617104840,98,98,both,True
grid_last_state_only,0.5,25,20090618010806,2,2,both,True
grid_last_state_only,0.5,25,20090618064236,0,0,both,True
grid_last_state_only,0.5,25,20090619002314,0,0,both,True
grid_last_state_only,0.5,25,20090619023451,13,13,both,True
grid_last_state_only,0.5,25,20090620001440,2,2,both,True
grid_last_state_only,0.5,25,20090620035727,111,111,both,True
grid_last_state_only,0.5,25,20090620092630,0,0,both,True
grid_last_state_only,0.5,25,20090621005632,2,2,both,True
grid_last_state_only,0.5,25,20090621094130,0,0,both,True
grid_last_state_only,0.5,25,20090621130111,0,0,both,True
grid_last_state_only,0.5,25,20090622001245,0,0,both,True
grid_last_state_only,0.5,25,20090622050547,2,2,both,True
grid_last_state_only,0.5,25,20090622092840,5,5,both,True
grid_last_state_only,0.5,25,20090623012719,111,111,both,True
grid_last_state_only,0.5,25,20090623042946,111,111,both,True
grid_last_state_only,0.5,25,20090623085109,0,0,both,True
grid_last_state_only,0.5,25,20090623100934,5,5,both,True
grid_last_state_only,0.5,25,20090623133306,0,0,both,True
grid_last_state_only,0.5,25,20090623153918,5,5,both,True
grid_last_state_only,0.5,25,20090624024641,2,2,both,True
grid_last_state_only,0.5,25,20090624081836,0,0,both,True
grid_last_state_only,0.5,25,20090625000008,74,74,both,True
grid_last_state_only,0.5,25,20090625034002,0,0,both,True
grid_last_state_only,0.5,25,20090626071038,0,0,both,True
grid_last_state_only,0.5,25,20090626115640,0,0,both,True
grid_last_state_only,0.5,25,20090626142016,0,0,both,True
grid_last_state_only,0.5,25,20090627022716,0,0,both,True
grid_last_state_only,0.5,25,20090627065710,0,0,both,True
grid_last_state_only,0.5,25,20090628101336,0,0,both,True
grid_last_state_only,0.5,25,20090629002542,0,0,both,True
grid_last_state_only,0.5,25,20090629013154,0,0,both,True
grid_last_state_only,0.5,25,20090629081014,0,0,both,True
grid_last_state_only,0.5,25,20090630074500,0,0,both,True
grid_last_state_only,0.5,25,20090630110602,0,0,both,True
grid_last_state_only,0.5,25,20090630123834,0,0,both,True
grid_last_state_only,0.5,25,20090701084100,0,0,both,True
grid_last_state_only,0.5,25,20090701091446,0,0,both,True
grid_last_state_only,0.5,25,20090701143746,0,0,both,True
grid_last_state_only,0.5,25,20090701165346,0,0,both,True
grid_last_state_only,0.5,25,20090702025218,0,0,both,True
grid_last_state_only,0.5,25,20090702091404,0,0,both,True
grid_last_state_only,0.5,25,20090702114731,0,0,both,True
grid_last_state_only,0.5,25,20090703013710,0,0,both,True
grid_last_state_only,0.5,25,20090703022251,0,0,both,True
grid_last_state_only,0.5,25,20090703053357,0,0,both,True
grid_last_state_only,0.5,25,20090703093956,0,0,both,True
grid_last_state_only,0.5,25,20090703135348,0,0,both,True
grid_last_state_only,0.5,25,20090704042738,0,0,both,True
grid_last_state_only,0.5,25,20090704101609,0,0,both,True
grid_last_state_only,0.5,25,20090705044519,0,0,both,True
grid_last_state_only,0.5,25,20090705093145,0,0,both,True
grid_last_state_only,0.5,25,20090705142119,0,0,both,True
grid_last_state_only,0.5,25,20090705234132,0,0,both,True
grid_last_state_only,0.5,25,20090706033701,0,0,both,True
grid_last_state_only,0.5,25,20090706042627,0,0,both,True
grid_last_state_only,0.5,25,20090706112513,0,0,both,True
grid_last_state_only,0.5,25,20090706124423,0,0,both,True
grid_last_state_only,0.5,25,20090707072302,0,0,both,True
grid_last_state_only,0.5,25,20090707091545,0,0,both,True
grid_last_state_only,0.5,25,20090708020049,0,0,both,True
grid_last_state_only,0.5,25,20090708032528,0,0,both,True
grid_last_state_only,0.5,25,20090708083822,0,0,both,True
grid_last_state_only,0.5,25,20090708112912,38,38,both,True
grid_last_state_only,0.5,25,20090709001109,40,40,both,True
grid_last_state_only,0.5,25,20090710102416,57,57,both,True
grid_last_state_only,0.5,25,20090710134415,40,40,both,True
grid_last_state_only,0.5,25,20090711073706,40,40,both,True
grid_last_state_only,0.5,25,20090711091028,40,40,both,True
grid_last_state_only,0.5,26,20090321063103,6,6,both,True
grid_last_state_only,0.5,26,20090321235040,0,0,both,True
grid_last_state_only,0.5,26,20090325081528,0,0,both,True
grid_last_state_only,0.5,26,20090405033104,0,0,both,True
grid_last_state_only,0.5,26,20090405164834,0,0,both,True
grid_last_state_only,0.5,26,20090407094503,0,0,both,True
grid_last_state_only,0.5,26,20090408040922,0,0,both,True
grid_last_state_only,0.5,26,20090411011503,0,0,both,True
grid_last_state_only,0.5,26,20090414091952,0,0,both,True
grid_last_state_only,0.5,26,20090415014804,0,0,both,True
grid_last_state_only,0.5,26,20090418032222,0,0,both,True
grid_last_state_only,0.5,28,20090408000034,2,2,both,True
grid_last_state_only,0.5,28,20090408091659,2,2,both,True
grid_last_state_only,0.5,28,20090408234136,2,2,both,True
grid_last_state_only,0.5,28,20090410052703,3,3,both,True
grid_last_state_only,0.5,28,20090413091309,3,3,both,True
grid_last_state_only,0.5,28,20090413222107,3,3,both,True
grid_last_state_only,0.5,28,20090414104608,2,2,both,True
grid_last_state_only,0.5,28,20090414222138,3,3,both,True
grid_last_state_only,0.5,28,20090415080832,3,3,both,True
grid_last_state_only,0.5,28,20090416091157,2,2,both,True
grid_last_state_only,0.5,28,20090416222138,3,3,both,True
grid_last_state_only,0.5,28,20090417073556,2,2,both,True
grid_last_state_only,0.5,28,20090420091753,3,3,both,True
grid_last_state_only,0.5,28,20090420222226,3,3,both,True
grid_last_state_only,0.5,28,20090421093501,3,3,both,True
grid_last_state_only,0.5,28,20090421222226,3,3,both,True
grid_last_state_only,0.5,29,20090310075634,1,1,both,True
grid_last_state_only,0.5,29,20090310230051,1,1,both,True
grid_last_state_only,0.5,29,20090311225433,1,1,both,True
grid_last_state_only,0.5,29,20090312112334,0,0,both,True
grid_last_state_only,0.5,29,20090312231752,1,1,both,True
grid_last_state_only,0.5,29,20090313090729,0,0,both,True
grid_last_state_only,0.5,29,20090315225504,1,1,both,True
grid_last_state_only,0.5,29,20090316090503,1,1,both,True
grid_last_state_only,0.5,29,20090317225758,1,1,both,True
grid_last_state_only,0.5,29,20090318090128,1,1,both,True
grid_last_state_only,0.5,29,20090321022628,0,0,both,True
grid_last_state_only,0.5,35,20090407073512,0,0,both,True
grid_last_state_only,0.5,35,20090407210407,0,0,both,True
grid_last_state_only,0.5,35,20090409210105,0,0,both,True
grid_last_state_only,0.5,35,20090411000535,0,0,both,True
grid_last_state_only,0.5,35,20090412205936,0,0,both,True
grid_last_state_only,0.5,35,20090413063915,0,0,both,True
grid_last_state_only,0.5,35,20090413210306,0,0,both,True
grid_last_state_only,0.5,35,20090414210553,0,0,both,True
grid_last_state_only,0.5,35,20090415210305,0,0,both,True
grid_last_state_only,0.5,35,20090416210531,0,0,both,True
grid_last_state_only,0.5,35,20090418035753,0,0,both,True
grid_last_state_only,0.5,35,20090419210937,0,0,both,True
grid_last_state_only,0.5,35,20090420064050,0,0,both,True
grid_last_state_only,0.5,35,20090420205905,0,0,both,True
grid_last_state_only,0.5,35,20090421205900,0,0,both,True
grid_last_state_only,0.5,35,20090422210636,0,0,both,True
grid_last_state_only,0.5,35,20090426050031,0,0,both,True
grid_last_state_only,0.5,35,20090426132556,0,0,both,True
grid_last_state_only,0.5,35,20090426211055,0,0,both,True
grid_last_state_only,0.5,36,20090407033154,8,8,both,True
grid_last_state_only,0.5,36,20090408094615,4,4,both,True
grid_last_state_only,0.5,36,20090409012524,4,4,both,True
grid_last_state_only,0.5,36,20090410053505,8,8,both,True
grid_last_state_only,0.5,36,20090411021801,8,8,both,True
grid_last_state_only,0.5,36,20090412125703,4,4,both,True
grid_last_state_only,0.5,36,20090413034508,4,4,both,True
grid_last_state_only,0.5,36,20090417083536,8,8,both,True
grid_last_state_only,0.5,36,20090418004038,4,4,both,True
grid_last_state_only,0.5,36,20090419025430,8,8,both,True
grid_last_state_only,0.5,36,20090423102604,8,8,both,True
grid_last_state_only,0.5,36,20090424112604,8,8,both,True
grid_last_state_only,0.5,36,20090426095159,8,8,both,True
grid_last_state_only,0.5,36,20090702005634,8,8,both,True
grid_last_state_only,0.5,36,20090705231822,8,8,both,True
grid_last_state_only,0.5,36,20090707011733,8,8,both,True
grid_last_state_only,0.5,36,20090708012505,4,4,both,True
grid_last_state_only,0.5,36,20090709003722,9,9,both,True
grid_last_state_only,0.5,37,20090412233403,0,0,both,True
grid_last_state_only,0.5,37,20090413051250,0,0,both,True
grid_last_state_only,0.5,37,20090414235037,0,0,both,True
grid_last_state_only,0.5,37,20090415021434,0,0,both,True
grid_last_state_only,0.5,37,20090415053841,0,0,both,True
grid_last_state_only,0.5,37,20090415095346,0,0,both,True
grid_last_state_only,0.5,37,20090416000510,0,0,both,True
grid_last_state_only,0.5,37,20090416015706,0,0,both,True
grid_last_state_only,0.5,37,20090416060054,0,0,both,True
grid_last_state_only,0.5,37,20090416105528,17,17,both,True
grid_last_state_only,0.5,37,20090416231030,0,0,both,True
grid_last_state_only,0.5,37,20090417084221,0,0,both,True
grid_last_state_only,0.5,37,20090418004033,0,0,both,True
grid_last_state_only,0.5,37,20090418025919,0,0,both,True
grid_last_state_only,0.5,37,20090418071235,0,0,both,True
grid_last_state_only,0.5,37,20090418100418,0,0,both,True
grid_last_state_only,0.5,37,20090419123615,17,17,both,True
grid_last_state_only,0.5,37,20090420054955,0,0,both,True
grid_last_state_only,0.5,37,20090421021702,0,0,both,True
grid_last_state_only,0.5,37,20090429121018,17,17,both,True
grid_last_state_only,0.5,37,20090710082418,0,0,both,True
grid_last_state_only,0.5,37,20090711025530,0,0,both,True
grid_last_state_only,0.5,37,20090711074039,0,0,both,True
grid_last_state_only,0.5,37,20090713004736,0,0,both,True
grid_last_state_only,0.5,37,20090713040933,0,0,both,True
grid_last_state_only,0.5,37,20090713232437,0,0,both,True
grid_last_state_only,0.5,37,20090713234910,0,0,both,True
grid_last_state_only,0.5,37,20090714081132,0,0,both,True
grid_last_state_only,0.5,37,20090714081826,0,0,both,True
grid_last_state_only,0.5,37,20090714235210,0,0,both,True
grid_last_state_only,0.5,37,20090715235505,0,0,both,True
grid_last_state_only,0.5,37,20090717064434,22,22,both,True
grid_last_state_only,0.5,37,20090719222647,0,0,both,True
grid_last_state_only,0.5,37,20090720231809,22,22,both,True
grid_last_state_only,0.5,37,20090722000259,22,22,both,True
grid_last_state_only,0.5,37,20090724195433,0,0,both,True
grid_last_state_only,0.5,37,20090730101508,0,0,both,True
grid_last_state_only,0.5,38,20090410124138,4,4,both,True
grid_last_state_only,0.5,38,20090410223116,4,4,both,True
grid_last_state_only,0.5,38,20090412021706,4,4,both,True
grid_last_state_only,0.5,38,20090412125448,4,4,both,True
grid_last_state_only,0.5,38,20090413002310,4,4,both,True
grid_last_state_only,0.5,38,20090414223045,4,4,both,True
grid_last_state_only,0.5,38,20090415091526,4,4,both,True
grid_last_state_only,0.5,38,20090416085408,4,4,both,True
grid_last_state_only,0.5,38,20090417034936,4,4,both,True
grid_last_state_only,0.5,38,20090418002306,4,4,both,True
grid_last_state_only,0.5,38,20090420014909,4,4,both,True
grid_last_state_only,0.5,38,20090422033246,4,4,both,True
grid_last_state_only,0.5,38,20090709081828,11,11,both,True
grid_last_state_only,0.5,38,20090710051732,4,4,both,True
grid_last_state_only,0.5,38,20090711114358,11,11,both,True
grid_last_state_only,0.5,38,20090712094253,11,11,both,True
grid_last_state_only,0.5,38,20090714101239,4,4,both,True
grid_last_state_only,0.5,38,20090714233650,4,4,both,True
grid_last_state_only,0.5,38,20090715231037,11,11,both,True
grid_last_state_only,0.5,38,20090716053929,4,4,both,True
grid_last_state_only,0.5,38,20090717053438,4,4,both,True
grid_last_state_only,0.5,38,20090718043013,1,1,both,True
grid_last_state_only,0.5,38,20090718083524,4,4,both,True
grid_last_state_only,0.5,38,20090719040838,11,11,both,True
grid_last_state_only,0.5,38,20090720080933,4,4,both,True
grid_last_state_only,0.5,38,20090723012633,4,4,both,True
grid_last_state_only,0.5,39,20090611095140,1,1,both,True
grid_last_state_only,0.5,39,20090612000513,1,1,both,True
grid_last_state_only,0.5,39,20090612112705,15,15,both,True
grid_last_state_only,0.5,39,20090613040756,2,2,both,True
grid_last_state_only,0.5,39,20090614114654,14,14,both,True
grid_last_state_only,0.5,39,20090615000438,14,14,both,True
grid_last_state_only,0.5,39,20090615094738,2,2,both,True
grid_last_state_only,0.5,39,20090616000719,1,1,both,True
grid_last_state_only,0.5,39,20090616094433,2,2,both,True
grid_last_state_only,0.5,39,20090617000200,1,1,both,True
grid_last_state_only,0.5,39,20090617095205,15,15,both,True
grid_last_state_only,0.5,39,20090617232821,32,32,both,True
grid_last_state_only,0.5,39,20090618103325,14,14,both,True
grid_last_state_only,0.5,39,20090619094325,14,14,both,True
grid_last_state_only,0.5,39,20090619230550,14,14,both,True
grid_last_state_only,0.5,39,20090620115005,14,14,both,True
grid_last_state_only,0.5,39,20090621070937,2,2,both,True
grid_last_state_only,0.5,39,20090622000238,1,1,both,True
grid_last_state_only,0.5,39,20090622095036,14,14,both,True
grid_last_state_only,0.5,39,20090623095056,14,14,both,True
grid_last_state_only,0.5,39,20090624000338,1,1,both,True
grid_last_state_only,0.5,39,20090624094458,14,14,both,True
grid_last_state_only,0.5,39,20090625000532,1,1,both,True
grid_last_state_only,0.5,39,20090625094635,14,14,both,True
grid_last_state_only,0.5,39,20090626000538,1,1,both,True
grid_last_state_only,0.5,39,20090626110001,1,1,both,True
grid_last_state_only,0.5,39,20090626211826,32,32,both,True
grid_last_state_only,0.5,39,20090628034817,2,2,both,True
grid_last_state_only,0.5,39,20090628234328,1,1,both,True
grid_last_state_only,0.5,39,20090629094605,2,2,both,True
grid_last_state_only,0.5,39,20090630000205,1,1,both,True
grid_last_state_only,0.5,39,20090630094433,14,14,both,True
grid_last_state_only,0.5,39,20090701000224,1,1,both,True
grid_last_state_only,0.5,39,20090701093936,2,2,both,True
grid_last_state_only,0.5,39,20090702000204,1,1,both,True
grid_last_state_only,0.5,39,20090702103027,14,14,both,True
grid_last_state_only,0.5,39,20090703093804,2,2,both,True
grid_last_state_only,0.5,39,20090704024525,2,2,both,True
grid_last_state_only,0.5,39,20090704132701,13,13,both,True
grid_last_state_only,0.5,39,20090705053006,14,14,both,True
grid_last_state_only,0.5,39,20090706111727,14,14,both,True
grid_last_state_only,0.5,39,20090706233342,14,14,both,True
grid_last_state_only,0.5,39,20090707113005,14,14,both,True
grid_last_state_only,0.5,39,20090707235526,14,14,both,True
grid_last_state_only,0.5,39,20090708103301,1,1,both,True
grid_last_state_only,0.5,39,20090708233906,1,1,both,True
grid_last_state_only,0.5,39,20090709102054,14,14,both,True
grid_last_state_only,0.5,39,20090709234004,1,1,both,True
grid_last_state_only,0.5,39,20090710094259,1,1,both,True
grid_last_state_only,0.5,39,20090711043552,2,2,both,True
grid_last_state_only,0.5,39,20090712041628,2,2,both,True
grid_last_state_only,0.5,39,20090712234404,14,14,both,True
grid_last_state_only,0.5,39,20090713113106,14,14,both,True
grid_last_state_only,0.5,39,20090713235707,1,1,both,True
grid_last_state_only,0.5,39,20090714114356,14,14,both,True
grid_last_state_only,0.5,39,20090714233956,1,1,both,True
grid_last_state_only,0.5,51,20080217140611,12,12,both,True
grid_last_state_only,0.5,51,20080218192042,12,12,both,True
grid_last_state_only,0.5,51,20080219123720,11,11,both,True
grid_last_state_only,0.5,51,20080221105029,2,2,both,True
grid_last_state_only,0.5,51,20080222090047,2,2,both,True
grid_last_state_only,0.5,51,20080309120949,2,2,both,True
grid_last_state_only,0.5,51,20080324085807,2,2,both,True
grid_last_state_only,0.5,51,20080326153045,2,2,both,True
grid_last_state_only,0.5,51,20080328085804,2,2,both,True
grid_last_state_only,0.5,51,20080329111039,2,2,both,True
grid_last_state_only,0.5,51,20080430181146,2,2,both,True
grid_last_state_only,0.5,52,20080819232504,14,14,both,True
grid_last_state_only,0.5,52,20080821232859,14,14,both,True
grid_last_state_only,0.5,52,20080822085236,0,0,both,True
grid_last_state_only,0.5,52,20080824233822,14,14,both,True
grid_last_state_only,0.5,52,20080825085006,0,0,both,True
grid_last_state_only,0.5,52,20080826232036,0,0,both,True
grid_last_state_only,0.5,52,20080827111000,0,0,both,True
grid_last_state_only,0.5,52,20080831073208,0,0,both,True
grid_last_state_only,0.5,52,20080831233436,14,14,both,True
grid_last_state_only,0.5,52,20080901114634,0,0,both,True
grid_last_state_only,0.5,52,20080902055635,14,14,both,True
grid_last_state_only,0.5,52,20081001224837,14,14,both,True
grid_last_state_only,0.5,52,20081003042430,0,0,both,True
grid_last_state_only,0.5,52,20081005094923,14,14,both,True
grid_last_state_only,0.5,52,20081006134237,14,14,both,True
grid_last_state_only,0.5,52,20081006235830,14,14,both,True
grid_last_state_only,0.5,52,20081007111938,14,14,both,True
grid_last_state_only,0.5,52,20081008035138,0,0,both,True
grid_last_state_only,0.5,52,20081009100736,0,0,both,True
grid_last_state_only,0.5,52,20081010011727,14,14,both,True
grid_last_state_only,0.5,52,20081010120707,12,12,both,True
grid_last_state_only,0.5,52,20081011033025,0,0,both,True
grid_last_state_only,0.5,52,20081012064254,0,0,both,True
grid_last_state_only,0.5,52,20081017050637,0,0,both,True
grid_last_state_only,0.5,52,20081030050200,0,0,both,True
grid_last_state_only,0.5,62,20081103005437,0,0,both,True
grid_last_state_only,0.5,62,20081103015601,0,0,both,True
grid_last_state_only,0.5,62,20081103025353,0,0,both,True
grid_last_state_only,0.5,62,20081103115039,0,0,both,True
grid_last_state_only,0.5,62,20081104010333,0,0,both,True
grid_last_state_only,0.5,62,20081104013441,0,0,both,True
grid_last_state_only,0.5,62,20081104041114,0,0,both,True
grid_last_state_only,0.5,62,20081104063603,0,0,both,True
grid_last_state_only,0.5,62,20081105010014,16,16,both,True
grid_last_state_only,0.5,62,20081105023944,51,51,both,True
grid_last_state_only,0.5,62,20081105032159,0,0,both,True
grid_last_state_only,0.5,62,20081105044046,53,53,both,True
grid_last_state_only,0.5,62,20081105053031,0,0,both,True
grid_last_state_only,0.5,62,20081105060230,0,0,both,True
grid_last_state_only,0.5,62,20081105083830,0,0,both,True
grid_last_state_only,0.5,62,20081105085221,3,3,both,True
grid_last_state_only,0.5,62,20081105102345,49,49,both,True
grid_last_state_only,0.5,62,20081105104452,0,0,both,True
grid_last_state_only,0.5,62,20081105111108,0,0,both,True
grid_last_state_only,0.5,62,20081105112326,0,0,both,True
grid_last_state_only,0.5,62,20081105123909,0,0,both,True
grid_last_state_only,0.5,62,20081105124617,0,0,both,True
grid_last_state_only,0.5,62,20081106011127,0,0,both,True
grid_last_state_only,0.5,62,20081106011708,0,0,both,True
grid_last_state_only,0.5,62,20081106020014,0,0,both,True
grid_last_state_only,0.5,62,20081106024201,82,82,both,True
grid_last_state_only,0.5,62,20081106031826,0,0,both,True
grid_last_state_only,0.5,62,20081106064828,0,0,both,True
grid_last_state_only,0.5,62,20081106071234,82,82,both,True
grid_last_state_only,0.5,62,20081106085050,0,0,both,True
grid_last_state_only,0.5,62,20081106092632,0,0,both,True
grid_last_state_only,0.5,62,20081106093504,0,0,both,True
grid_last_state_only,0.5,62,20081106104833,0,0,both,True
grid_last_state_only,0.5,62,20081106112738,0,0,both,True
grid_last_state_only,0.5,62,20081106113950,0,0,both,True
grid_last_state_only,0.5,62,20081107000607,13,13,both,True
grid_last_state_only,0.5,62,20081107003353,0,0,both,True
grid_last_state_only,0.5,62,20081107121527,0,0,both,True
grid_last_state_only,0.5,62,20081107122148,51,51,both,True
grid_last_state_only,0.5,62,20081108042815,0,0,both,True
grid_last_state_only,0.5,62,20081108060646,0,0,both,True
grid_last_state_only,0.5,62,20081109013429,0,0,both,True
grid_last_state_only,0.5,62,20081109053559,0,0,both,True
grid_last_state_only,0.5,62,20081109062802,0,0,both,True
grid_last_state_only,0.5,62,20081109080315,0,0,both,True
grid_last_state_only,0.5,62,20081109083245,49,49,both,True
grid_last_state_only,0.5,62,20081109093929,0,0,both,True
grid_last_state_only,0.5,62,20081109095422,0,0,both,True
grid_last_state_only,0.5,62,20081109100916,0,0,both,True
grid_last_state_only,0.5,62,20081109110807,0,0,both,True
grid_last_state_only,0.5,62,20081110013116,82,82,both,True
grid_last_state_only,0.5,62,20081110030128,164,164,both,True
grid_last_state_only,0.5,62,20081110030808,82,82,both,True
grid_last_state_only,0.5,62,20081110032953,158,158,both,True
grid_last_state_only,0.5,62,20081110042038,0,0,both,True
grid_last_state_only,0.5,62,20081110111835,0,0,both,True
grid_last_state_only,0.5,62,20081111021901,0,0,both,True
grid_last_state_only,0.5,62,20081111042301,82,82,both,True
grid_last_state_only,0.5,62,20081111045929,153,153,both,True
grid_last_state_only,0.5,62,20081111052247,154,154,both,True
grid_last_state_only,0.5,62,20081111080126,0,0,both,True
grid_last_state_only,0.5,62,20081111084153,82,82,both,True
grid_last_state_only,0.5,62,20081111090528,3,3,both,True
grid_last_state_only,0.5,62,20081111095640,49,49,both,True
grid_last_state_only,0.5,62,20081111103634,0,0,both,True
grid_last_state_only,0.5,62,20081112012435,0,0,both,True
grid_last_state_only,0.5,62,20081112013226,0,0,both,True
grid_last_state_only,0.5,62,20081112021100,0,0,both,True
grid_last_state_only,0.5,62,20081112033338,0,0,both,True
grid_last_state_only,0.5,62,20081112101140,0,0,both,True
grid_last_state_only,0.5,62,20081112101655,0,0,both,True
grid_last_state_only,0.5,62,20081112105415,49,49,both,True
grid_last_state_only,0.5,62,20081113010001,0,0,both,True
grid_last_state_only,0.5,62,20081113012910,3,3,both,True
grid_last_state_only,0.5,62,20081113095812,3,3,both,True
grid_last_state_only,0.5,62,20081113110912,0,0,both,True
grid_last_state_only,0.5,62,20081113124253,0,0,both,True
grid_last_state_only,0.5,62,20081114010438,82,82,both,True
grid_last_state_only,0.5,62,20081114101455,0,0,both,True
grid_last_state_only,0.5,62,20081114105400,0,0,both,True
grid_last_state_only,0.5,62,20081115010837,0,0,both,True
grid_last_state_only,0.5,62,20081115015759,113,113,both,True
grid_last_state_only,0.5,62,20081115030457,56,56,both,True
grid_last_state_only,0.5,62,20081116061411,56,56,both,True
grid_last_state_only,0.5,62,20081116081559,0,0,both,True
grid_last_state_only,0.5,62,20081116084956,0,0,both,True
grid_last_state_only,0.5,62,20081116093710,0,0,both,True
grid_last_state_only,0.5,62,20081117010846,4,4,both,True
grid_last_state_only,0.5,62,20081203010728,0,0,both,True
grid_last_state_only,0.5,62,20081204010407,0,0,both,True
grid_last_state_only,0.5,62,20081204012250,0,0,both,True
grid_last_state_only,0.5,62,20081204060141,0,0,both,True
grid_last_state_only,0.5,62,20081204085719,0,0,both,True
grid_last_state_only,0.5,62,20081204101128,0,0,both,True
grid_last_state_only,0.5,62,20081205011235,4,4,both,True
grid_last_state_only,0.5,62,20081205023009,154,154,both,True
grid_last_state_only,0.5,62,20081205081804,154,154,both,True
grid_last_state_only,0.5,62,20081205082456,4,4,both,True
grid_last_state_only,0.5,62,20081205095048,0,0,both,True
grid_last_state_only,0.5,62,20081206040631,0,0,both,True
grid_last_state_only,0.5,62,20081206100322,0,0,both,True
grid_last_state_only,0.5,62,20081207023122,0,0,both,True
grid_last_state_only,0.5,62,20081207080318,0,0,both,True
grid_last_state_only,0.5,62,20081207082100,0,0,both,True
grid_last_state_only,0.5,62,20081207083840,0,0,both,True
grid_last_state_only,0.5,62,20081207085047,0,0,both,True
grid_last_state_only,0.5,62,20081207092914,0,0,both,True
grid_last_state_only,0.5,62,20081207110215,0,0,both,True
grid_last_state_only,0.5,62,20081208070512,0,0,both,True
grid_last_state_only,0.5,62,20081208095853,0,0,both,True
grid_last_state_only,0.5,62,20081208104810,0,0,both,True
grid_last_state_only,0.5,62,20081208110023,0,0,both,True
grid_last_state_only,0.5,62,20081209010002,4,4,both,True
grid_last_state_only,0.5,62,20081209083554,60,60,both,True
grid_last_state_only,0.5,62,20081209090839,0,0,both,True
grid_last_state_only,0.5,62,20081209093448,0,0,both,True
grid_last_state_only,0.5,62,20081209094610,0,0,both,True
grid_last_state_only,0.5,62,20081209123601,0,0,both,True
grid_last_state_only,0.5,62,20081210055344,0,0,both,True
grid_last_state_only,0.5,62,20081210084524,0,0,both,True
grid_last_state_only,0.5,62,20081210093042,0,0,both,True
grid_last_state_only,0.5,62,20081211013737,0,0,both,True
grid_last_state_only,0.5,62,20081211020211,0,0,both,True
grid_last_state_only,0.5,62,20081211035950,0,0,both,True
grid_last_state_only,0.5,62,20081211040737,0,0,both,True
grid_last_state_only,0.5,62,20081211051513,0,0,both,True
grid_last_state_only,0.5,62,20081212010000,4,4,both,True
grid_last_state_only,0.5,62,20081212011859,60,60,both,True
grid_last_state_only,0.5,62,20081212013950,0,0,both,True
grid_last_state_only,0.5,62,20081212082600,0,0,both,True
grid_last_state_only,0.5,62,20081212101946,0,0,both,True
grid_last_state_only,0.5,62,20081212102654,60,60,both,True
grid_last_state_only,0.5,62,20081212122437,0,0,both,True
grid_last_state_only,0.5,62,20081212123313,16,16,both,True
grid_last_state_only,0.5,62,20081212124756,82,82,both,True
grid_last_state_only,0.5,62,20081213031012,0,0,both,True
grid_last_state_only,0.5,62,20081213041039,0,0,both,True
grid_last_state_only,0.5,62,20081213083317,0,0,both,True
grid_last_state_only,0.5,62,20081213085201,0,0,both,True
grid_last_state_only,0.5,62,20081213101537,0,0,both,True
grid_last_state_only,0.5,62,20081213104202,0,0,both,True
grid_last_state_only,0.5,62,20081214013702,0,0,both,True
grid_last_state_only,0.5,62,20081214032551,0,0,both,True
grid_last_state_only,0.5,62,20081215032028,82,82,both,True
grid_last_state_only,0.5,62,20081215035525,0,0,both,True
grid_last_state_only,0.5,65,20111001075633,17,17,both,True
grid_last_state_only,0.5,65,20111001163901,9,9,both,True
grid_last_state_only,0.5,65,20111003025152,17,17,both,True
grid_last_state_only,0.5,65,20111004071203,17,17,both,True
grid_last_state_only,0.5,65,20111005004827,0,0,both,True
grid_last_state_only,0.5,65,20111005143605,9,9,both,True
grid_last_state_only,0.5,65,20111006041158,17,17,both,True
grid_last_state_only,0.5,65,20111008004733,9,9,both,True
grid_last_state_only,0.5,65,20111008134933,9,9,both,True
grid_last_state_only,0.5,65,20111009012500,9,9,both,True
grid_last_state_only,0.5,65,20111009120503,9,9,both,True
grid_last_state_only,0.5,65,20111010010951,9,9,both,True
grid_last_state_only,0.5,65,20111010105222,9,9,both,True
grid_last_state_only,0.5,65,20111011011203,9,9,both,True
grid_last_state_only,0.5,65,20111012120903,17,17,both,True
grid_last_state_only,0.5,65,20111013010933,9,9,both,True
grid_last_state_only,0.5,65,20111014005928,9,9,both,True
grid_last_state_only,0.5,65,20111014095751,9,9,both,True
grid_last_state_only,0.5,65,20111015014827,9,9,both,True
grid_last_state_only,0.5,65,20111016005657,17,17,both,True
grid_last_state_only,0.5,65,20111018004457,9,9,both,True
grid_last_state_only,0.5,65,20111018080247,0,0,both,True
grid_last_state_only,0.5,65,20111019004851,9,9,both,True
grid_last_state_only,0.5,65,20111022024141,9,9,both,True
grid_last_state_only,0.5,65,20111023043229,17,17,both,True
grid_last_state_only,0.5,65,20111024012351,9,9,both,True
grid_last_state_only,0.5,65,20111024120905,9,9,both,True
grid_last_state_only,0.5,65,20111025003027,9,9,both,True
grid_last_state_only,0.5,65,20111025085403,0,0,both,True
grid_last_state_only,0.5,65,20111027004021,9,9,both,True
grid_last_state_only,0.5,68,20090630205134,6,6,both,True
grid_last_state_only,0.5,68,20090701074905,0,0,both,True
grid_last_state_only,0.5,68,20090701181923,6,6,both,True
grid_last_state_only,0.5,68,20090702074805,0,0,both,True
grid_last_state_only,0.5,68,20090702205953,6,6,both,True
grid_last_state_only,0.5,68,20090703073758,6,6,both,True
grid_last_state_only,0.5,68,20090703185151,6,6,both,True
grid_last_state_only,0.5,68,20090704104258,6,6,both,True
grid_last_state_only,0.5,68,20090705105928,6,6,both,True
grid_last_state_only,0.5,68,20090705235905,0,0,both,True
grid_last_state_only,0.5,68,20090706064435,6,6,both,True
grid_last_state_only,0.5,68,20090706234533,6,6,both,True
grid_last_state_only,0.5,68,20090708001134,6,6,both,True
grid_last_state_only,0.5,68,20090708144605,6,6,both,True
grid_last_state_only,0.5,68,20090708233822,6,6,both,True
grid_last_state_only,0.5,68,20090709085503,6,6,both,True
grid_last_state_only,0.5,68,20090709143513,0,0,both,True
grid_last_state_only,0.5,68,20090709235104,0,0,both,True
grid_last_state_only,0.5,68,20090710090629,6,6,both,True
grid_last_state_only,0.5,68,20090711012705,6,6,both,True
grid_last_state_only,0.5,68,20090711092304,6,6,both,True
grid_last_state_only,0.5,68,20090712064105,6,6,both,True
grid_last_state_only,0.5,68,20090713045105,6,6,both,True
grid_last_state_only,0.5,68,20090713140828,6,6,both,True
grid_last_state_only,0.5,68,20090715002935,0,0,both,True
grid_last_state_only,0.5,68,20090715121905,6,6,both,True
grid_last_state_only,0.5,68,20090715215034,11,11,both,True
grid_last_state_only,0.5,68,20090716111259,4,4,both,True
grid_last_state_only,0.5,68,20090717074427,4,4,both,True
grid_last_state_only,0.5,68,20090717213805,0,0,both,True
grid_last_state_only,0.5,68,20090719030259,0,0,both,True
grid_last_state_only,0.5,68,20090719115152,6,6,both,True
grid_last_state_only,0.5,68,20090719235707,6,6,both,True
grid_last_state_only,0.5,68,20090720103922,8,8,both,True
grid_last_state_only,0.5,68,20090721111753,8,8,both,True
grid_last_state_only,0.5,68,20090722002059,6,6,both,True
grid_last_state_only,0.5,68,20090723022153,6,6,both,True
grid_last_state_only,0.5,68,20090724024547,6,6,both,True
grid_last_state_only,0.5,68,20090725024235,0,0,both,True
grid_last_state_only,0.5,68,20090726012536,6,6,both,True
grid_last_state_only,0.5,68,20090726133122,6,6,both,True
grid_last_state_only,0.5,68,20090727033605,6,6,both,True
grid_last_state_only,0.5,68,20090728003024,0,0,both,True
grid_last_state_only,0.5,68,20090728235053,4,4,both,True
grid_last_state_only,0.5,68,20090730024623,4,4,both,True
grid_last_state_only,0.5,68,20090731022320,4,4,both,True
grid_last_state_only,0.5,68,20090801004504,4,4,both,True
grid_last_state_only,0.5,68,20090802072835,6,6,both,True
grid_last_state_only,0.5,68,20090803092652,6,6,both,True
grid_last_state_only,0.5,68,20090803220235,6,6,both,True
grid_last_state_only,0.5,68,20090805041404,0,0,both,True
grid_last_state_only,0.5,68,20090805190322,6,6,both,True
grid_last_state_only,0.5,68,20090807023405,0,0,both,True
grid_last_state_only,0.5,68,20090808053222,6,6,both,True
grid_last_state_only,0.5,68,20090809094405,6,6,both,True
grid_last_state_only,0.5,68,20090810032021,6,6,both,True
grid_last_state_only,0.5,68,20090810183104,8,8,both,True
grid_last_state_only,0.5,68,20090813015422,0,0,both,True
grid_last_state_only,0.5,68,20090814072529,6,6,both,True
grid_last_state_only,0.5,68,20090814181033,6,6,both,True
grid_last_state_only,0.5,68,20090816052035,0,0,both,True
grid_last_state_only,0.5,68,20090816134451,6,6,both,True
grid_last_state_only,0.5,68,20090817104629,6,6,both,True
grid_last_state_only,0.5,68,20090818012535,6,6,both,True
grid_last_state_only,0.5,68,20090818101222,6,6,both,True
grid_last_state_only,0.5,68,20090819010505,6,6,both,True
grid_last_state_only,0.5,68,20090819122858,0,0,both,True
grid_last_state_only,0.5,68,20090820004357,0,0,both,True
grid_last_state_only,0.5,68,20090821091927,0,0,both,True
grid_last_state_only,0.5,68,20090822103421,6,6,both,True
grid_last_state_only,0.5,68,20090823073459,6,6,both,True
grid_last_state_only,0.5,68,20090824010435,0,0,both,True
grid_last_state_only,0.5,68,20090825064227,0,0,both,True
grid_last_state_only,0.5,68,20090826003333,6,6,both,True
grid_last_state_only,0.5,68,20090826122919,0,0,both,True
grid_last_state_only,0.5,68,20090827024729,0,0,both,True
grid_last_state_only,0.5,68,20090827110635,0,0,both,True
grid_last_state_only,0.5,68,20090828015903,0,0,both,True
grid_last_state_only,0.5,68,20090828100904,6,6,both,True
grid_last_state_only,0.5,68,20090829060159,6,6,both,True
grid_last_state_only,0.5,68,20090830053605,0,0,both,True
grid_last_state_only,0.5,68,20090831010452,6,6,both,True
grid_last_state_only,0.5,68,20090902004959,6,6,both,True
grid_last_state_only,0.5,68,20090904000334,0,0,both,True
grid_last_state_only,0.5,68,20090905031005,6,6,both,True
grid_last_state_only,0.5,68,20090905120929,6,6,both,True
grid_last_state_only,0.5,68,20090906022616,6,6,both,True
grid_last_state_only,0.5,68,20090906023120,6,6,both,True
grid_last_state_only,0.5,68,20090907000653,6,6,both,True
grid_last_state_only,0.5,68,20090907142605,6,6,both,True
grid_last_state_only,0.5,68,20090907233334,0,0,both,True
grid_last_state_only,0.5,68,20090908133634,0,0,both,True
grid_last_state_only,0.5,68,20090908234334,0,0,both,True
grid_last_state_only,0.5,68,20090909081304,6,6,both,True
grid_last_state_only,0.5,68,20090909235503,6,6,both,True
grid_last_state_only,0.5,68,20090910235728,6,6,both,True
grid_last_state_only,0.5,68,20090912021805,6,6,both,True
grid_last_state_only,0.5,68,20090912121851,0,0,both,True
grid_last_state_only,0.5,68,20090913013234,6,6,both,True
grid_last_state_only,0.5,71,20120401025128,1,1,both,True
grid_last_state_only,0.5,71,20120404051527,1,1,both,True
grid_last_state_only,0.5,71,20120407094504,2,2,both,True
grid_last_state_only,0.5,71,20120409015352,1,1,both,True
grid_last_state_only,0.5,71,20120409053858,2,2,both,True
grid_last_state_only,0.5,71,20120409130704,2,2,both,True
grid_last_state_only,0.5,71,20120412113604,2,2,both,True
grid_last_state_only,0.5,71,20120412235005,2,2,both,True
grid_last_state_only,0.5,71,20120414034358,1,1,both,True
grid_last_state_only,0.5,71,20120417092818,2,2,both,True
grid_last_state_only,0.5,71,20120419011052,1,1,both,True
grid_last_state_only,0.5,71,20120425150728,2,2,both,True
grid_last_state_only,0.5,71,20120426013640,1,1,both,True
grid_last_state_only,0.5,71,20120430083558,2,2,both,True
grid_last_state_only,0.5,71,20120504232458,2,2,both,True
grid_last_state_only,0.5,71,20120511140034,2,2,both,True
grid_last_state_only,0.5,71,20120513150457,2,2,both,True
grid_last_state_only,0.5,71,20120513230847,2,2,both,True
grid_last_state_only,0.5,85,20090614025506,7,7,both,True
grid_last_state_only,0.5,85,20090614121829,9,9,both,True
grid_last_state_only,0.5,85,20090615013707,7,7,both,True
grid_last_state_only,0.5,85,20090617020536,9,9,both,True
grid_last_state_only,0.5,85,20090617090807,7,7,both,True
grid_last_state_only,0.5,85,20090618065134,7,7,both,True
grid_last_state_only,0.5,85,20090619011407,39,39,both,True
grid_last_state_only,0.5,85,20090619093937,39,39,both,True
grid_last_state_only,0.5,85,20090620025025,9,9,both,True
grid_last_state_only,0.5,85,20090622012237,39,39,both,True
grid_last_state_only,0.5,85,20090622093855,39,39,both,True
grid_last_state_only,0.5,85,20090623011429,9,9,both,True
grid_last_state_only,0.5,85,20090623232900,9,9,both,True
grid_last_state_only,0.5,85,20090623233655,39,39,both,True
grid_last_state_only,0.5,85,20090624084534,39,39,both,True
grid_last_state_only,0.5,85,20090625234631,39,39,both,True
grid_last_state_only,0.5,85,20090626091732,7,7,both,True
grid_last_state_only,0.5,85,20090627014225,39,39,both,True
grid_last_state_only,0.5,85,20090627104937,9,9,both,True
grid_last_state_only,0.5,85,20090627235736,39,39,both,True
grid_last_state_only,0.5,85,20090629012308,39,39,both,True
grid_last_state_only,0.5,85,20090629092537,9,9,both,True
grid_last_state_only,0.5,85,20090701002752,9,9,both,True
grid_last_state_only,0.5,85,20090701012444,7,7,both,True
grid_last_state_only,0.5,85,20090701090337,39,39,both,True
grid_last_state_only,0.5,85,20090702013158,7,7,both,True
grid_last_state_only,0.5,85,20090703011734,9,9,both,True
grid_last_state_only,0.5,85,20090703012649,9,9,both,True
grid_last_state_only,0.5,85,20090703082122,39,39,both,True
grid_last_state_only,0.5,85,20090703231838,39,39,both,True
grid_last_state_only,0.5,85,20090705042531,43,43,both,True
grid_last_state_only,0.5,85,20090705224406,7,7,both,True
grid_last_state_only,0.5,85,20090706091838,7,7,both,True
grid_last_state_only,0.5,85,20090706230438,7,7,both,True
grid_last_state_only,0.5,85,20090707090828,7,7,both,True
grid_last_state_only,0.5,85,20090707225636,7,7,both,True
grid_last_state_only,0.5,85,20090708103205,9,9,both,True
grid_last_state_only,0.5,85,20090728224637,7,7,both,True
grid_last_state_only,0.5,85,20090729094626,7,7,both,True
grid_last_state_only,0.5,85,20090729224538,7,7,both,True
grid_last_state_only,0.5,85,20090731012359,7,7,both,True
grid_last_state_only,0.5,85,20090731143502,39,39,both,True
grid_last_state_only,0.5,85,20090731144247,39,39,both,True
grid_last_state_only,0.5,85,20090803041141,7,7,both,True
grid_last_state_only,0.5,85,20090806224424,7,7,both,True
grid_last_state_only,0.5,85,20090806224944,39,39,both,True
grid_last_state_only,0.5,85,20090808054506,7,7,both,True
grid_last_state_only,0.5,85,20090810010623,9,9,both,True
grid_last_state_only,0.5,85,20090811003034,7,7,both,True
grid_last_state_only,0.5,85,20090811112747,7,7,both,True
grid_last_state_only,0.5,85,20090812004828,39,39,both,True
grid_last_state_only,0.5,85,20090812113901,7,7,both,True
grid_last_state_only,0.5,85,20090815062008,9,9,both,True
grid_last_state_only,0.5,85,20090819113327,7,7,both,True
grid_last_state_only,0.5,85,20090821113358,39,39,both,True
grid_last_state_only,0.5,85,20090823235050,39,39,both,True
grid_last_state_only,0.5,85,20090824104328,7,7,both,True
grid_last_state_only,0.5,85,20090825112752,39,39,both,True
grid_last_state_only,0.5,85,20090826004628,39,39,both,True
grid_last_state_only,0.5,85,20090826120059,39,39,both,True
grid_last_state_only,0.5,85,20090827005251,39,39,both,True
grid_last_state_only,0.5,85,20090827133834,7,7,both,True
grid_last_state_only,0.5,85,20090831000922,39,39,both,True
grid_last_state_only,0.5,85,20090831113328,7,7,both,True
grid_last_state_only,0.5,85,20090831234852,39,39,both,True
grid_last_state_only,0.5,85,20090901110034,7,7,both,True
grid_last_state_only,0.5,85,20090902012058,9,9,both,True
grid_last_state_only,0.5,85,20090902084004,7,7,both,True
grid_last_state_only,0.5,85,20090903104733,7,7,both,True
grid_last_state_only,0.5,85,20090907010827,39,39,both,True
grid_last_state_only,0.5,85,20090907132604,39,39,both,True
grid_last_state_only,0.5,85,20090908003822,39,39,both,True
grid_last_state_only,0.5,85,20090908112534,39,39,both,True
grid_last_state_only,0.5,85,20090908120539,7,7,both,True
grid_last_state_only,0.5,85,20090909004052,39,39,both,True
grid_last_state_only,0.5,85,20090909114334,39,39,both,True
grid_last_state_only,0.5,85,20090910011022,39,39,both,True
grid_last_state_only,0.5,85,20090910111233,39,39,both,True
grid_last_state_only,0.5,85,20090911004404,39,39,both,True
grid_last_state_only,0.5,85,20090911105604,7,7,both,True
grid_last_state_only,0.5,85,20090912064500,9,9,both,True
grid_last_state_only,0.5,85,20090913233334,39,39,both,True
grid_last_state_only,0.5,85,20090914142328,7,7,both,True
grid_last_state_only,0.5,85,20090915122804,39,39,both,True
grid_last_state_only,0.5,85,20090915235904,39,39,both,True
grid_last_state_only,0.5,85,20090916114222,39,39,both,True
grid_last_state_only,0.5,85,20090917000404,39,39,both,True
grid_last_state_only,0.5,85,20090917140604,39,39,both,True
grid_last_state_only,0.5,85,20090918004028,39,39,both,True
grid_last_state_only,0.5,85,20090918103558,7,7,both,True
grid_last_state_only,0.5,85,20090920235003,39,39,both,True
grid_last_state_only,0.5,85,20090921114804,9,9,both,True
grid_last_state_only,0.5,85,20090922005527,39,39,both,True
grid_last_state_only,0.5,85,20090922112322,39,39,both,True
grid_last_state_only,0.5,85,20090923004734,39,39,both,True
grid_last_state_only,0.5,85,20090923114133,7,7,both,True
grid_last_state_only,0.5,85,20090924003152,39,39,both,True
grid_last_state_only,0.5,85,20090924102917,39,39,both,True
grid_last_state_only,0.5,85,20090925010022,9,9,both,True
grid_last_state_only,0.5,85,20090925110722,7,7,both,True
grid_last_state_only,0.5,85,20090927005434,39,39,both,True
grid_last_state_only,0.5,85,20090927113103,39,39,both,True
grid_last_state_only,0.5,85,20090928005404,39,39,both,True
grid_last_state_only,0.5,85,20090928104630,39,39,both,True
grid_last_state_only,0.5,88,20081008230701,1,1,both,True
grid_last_state_only,0.5,88,20081009110224,4,4,both,True
grid_last_state_only,0.5,88,20081010083431,0,0,both,True
grid_last_state_only,0.5,88,20081010093335,4,4,both,True
grid_last_state_only,0.5,88,20081011042923,0,0,both,True
grid_last_state_only,0.5,88,20081011060634,0,0,both,True
grid_last_state_only,0.5,88,20081011065339,0,0,both,True
grid_last_state_only,0.5,88,20081011085649,4,4,both,True
grid_last_state_only,0.5,88,20081012062217,4,4,both,True
grid_last_state_only,0.5,88,20081012070422,0,0,both,True
grid_last_state_only,0.5,88,20081012074052,4,4,both,True
grid_last_state_only,0.5,88,20081012075807,4,4,both,True
grid_last_state_only,0.5,89,20080608133334,16,16,both,True
grid_last_state_only,0.5,89,20080630042612,0,0,both,True
grid_last_state_only,0.5,89,20080630112527,0,0,both,True
grid_last_state_only,0.5,89,20080701013734,1,1,both,True
grid_last_state_only,0.5,89,20080701152128,0,0,both,True
grid_last_state_only,0.5,89,20080702024722,0,0,both,True
grid_last_state_only,0.5,89,20080702111733,8,8,both,True
grid_last_state_only,0.5,89,20080703232504,0,0,both,True
grid_last_state_only,0.5,89,20080704113017,0,0,both,True
grid_last_state_only,0.5,89,20080707015234,0,0,both,True
grid_last_state_only,0.5,89,20080707111403,0,0,both,True
grid_last_state_only,0.5,89,20080708040557,0,0,both,True
grid_last_state_only,0.5,89,20080708112620,8,8,both,True
grid_last_state_only,0.5,89,20080710112328,0,0,both,True
grid_last_state_only,0.5,89,20080801060709,3,3,both,True
grid_last_state_only,0.5,91,20071225091747,0,0,both,True
grid_last_state_only,0.5,91,20071226090757,0,0,both,True
grid_last_state_only,0.5,91,20071226222755,0,0,both,True
grid_last_state_only,0.5,91,20071229205638,0,0,both,True
grid_last_state_only,0.5,91,20071230151046,0,0,both,True
grid_last_state_only,0.5,91,20071231224803,0,0,both,True
grid_last_state_only,0.5,91,20080101092300,0,0,both,True
grid_last_state_only,0.5,91,20080103223737,0,0,both,True
grid_last_state_only,0.5,91,20080104094315,0,0,both,True
grid_last_state_only,0.5,91,20080104230531,0,0,both,True
grid_last_state_only,0.5,91,20080105133207,0,0,both,True
grid_last_state_only,0.5,91,20080106220745,0,0,both,True
grid_last_state_only,0.5,91,20080107095553,2,2,both,True
grid_last_state_only,0.5,91,20080107215023,0,0,both,True
grid_last_state_only,0.5,91,20080108092013,0,0,both,True
grid_last_state_only,0.5,91,20080108230737,0,0,both,True
grid_last_state_only,0.5,91,20080109222750,0,0,both,True
grid_last_state_only,0.5,91,20080110083725,0,0,both,True
grid_last_state_only,0.5,91,20080110221246,0,0,both,True
grid_last_state_only,0.5,91,20080111220619,0,0,both,True
grid_last_state_only,0.5,91,20080114222434,0,0,both,True
grid_last_state_only,0.5,91,20080115080303,0,0,both,True
grid_last_state_only,0.5,91,20080118230907,0,0,both,True
grid_last_state_only,0.5,92,20080609070837,9,9,both,True
grid_last_state_only,0.5,92,20080615000608,25,25,both,True
grid_last_state_only,0.5,92,20080615074701,3,3,both,True
grid_last_state_only,0.5,92,20080620065746,3,3,both,True
grid_last_state_only,0.5,92,20080620073920,3,3,both,True
grid_last_state_only,0.5,92,20080621132447,3,3,both,True
grid_last_state_only,0.5,92,20080621171637,3,3,both,True
grid_last_state_only,0.5,92,20080626112007,9,9,both,True
grid_last_state_only,0.5,92,20080626181626,3,3,both,True
grid_last_state_only,0.5,92,20080629095405,3,3,both,True
grid_last_state_only,0.5,92,20080703052933,3,3,both,True
grid_last_state_only,0.5,92,20080703142414,7,7,both,True
grid_last_state_only,0.5,92,20080705083321,25,25,both,True
grid_last_state_only,0.5,92,20080705191801,3,3,both,True
grid_last_state_only,0.5,92,20080707094314,3,3,both,True
grid_last_state_only,0.5,92,20080710083328,19,19,both,True
grid_last_state_only,0.5,92,20080714074403,3,3,both,True
grid_last_state_only,0.5,92,20080715131602,7,7,both,True
grid_last_state_only,0.5,92,20080715132532,3,3,both,True
grid_last_state_only,0.5,92,20080718073025,17,17,both,True
grid_last_state_only,0.5,92,20080719182301,3,3,both,True
grid_last_state_only,0.5,92,20080720155229,3,3,both,True
grid_last_state_only,0.5,92,20080721072245,3,3,both,True
grid_last_state_only,0.5,92,20080721174236,3,3,both,True
grid_last_state_only,0.5,92,20080723191215,3,3,both,True
grid_last_state_only,0.5,92,20080725173515,3,3,both,True
grid_last_state_only,0.5,92,20080728072301,3,3,both,True
grid_last_state_only,0.5,92,20080730161553,19,19,both,True
grid_last_state_only,0.5,92,20080802183007,3,3,both,True
grid_last_state_only,0.5,92,20080804123326,17,17,both,True
grid_last_state_only,0.5,92,20080806073008,3,3,both,True
grid_last_state_only,0.5,92,20080806235848,3,3,both,True
grid_last_state_only,0.5,92,20080811072411,3,3,both,True
grid_last_state_only,0.5,92,20080812073233,19,19,both,True
grid_last_state_only,0.5,92,20080813073848,19,19,both,True
grid_last_state_only,0.5,92,20080814074950,19,19,both,True
grid_last_state_only,0.5,96,20081026021723,0,0,both,True
grid_last_state_only,0.5,96,20081026113752,1,1,both,True
grid_last_state_only,0.5,96,20081027012336,1,1,both,True
grid_last_state_only,0.5,96,20081027052305,0,0,both,True
grid_last_state_only,0.5,96,20081027060537,1,1,both,True
grid_last_state_only,0.5,96,20081028111959,1,1,both,True
grid_last_state_only,0.5,96,20081030135435,1,1,both,True
grid_last_state_only,0.5,96,20081101013523,1,1,both,True
grid_last_state_only,0.5,96,20081105141854,1,1,both,True
grid_last_state_only,0.5,96,20081106023054,1,1,both,True
grid_last_state_only,0.5,96,20081107090836,1,1,both,True
grid_last_state_only,0.5,96,20081109014530,1,1,both,True
grid_last_state_only,0.5,96,20081109120329,1,1,both,True
grid_last_state_only,0.5,96,20081114044453,0,0,both,True
grid_last_state_only,0.5,96,20081115015705,1,1,both,True
grid_last_state_only,0.5,96,20081115105653,1,1,both,True
grid_last_state_only,0.5,96,20081116065153,1,1,both,True
grid_last_state_only,0.5,96,20081117023535,0,0,both,True
grid_last_state_only,0.5,96,20081117030757,0,0,both,True
grid_last_state_only,0.5,96,20081128113925,1,1,both,True
grid_last_state_only,0.5,96,20081129015805,0,0,both,True
grid_last_state_only,0.5,96,20081201120252,1,1,both,True
grid_last_state_only,0.5,96,20081203134752,1,1,both,True
grid_last_state_only,0.5,96,20081205054605,1,1,both,True
grid_last_state_only,0.5,96,20081208033705,0,0,both,True
grid_last_state_only,0.5,96,20081210094559,1,1,both,True
grid_last_state_only,0.5,96,20081211005853,1,1,both,True
grid_last_state_only,0.5,101,20080402055227,5,5,both,True
grid_last_state_only,0.5,101,20080402064856,5,5,both,True
grid_last_state_only,0.5,101,20080402125307,5,5,both,True
grid_last_state_only,0.5,101,20080402130216,5,5,both,True
grid_last_state_only,0.5,101,20080406052656,5,5,both,True
grid_last_state_only,0.5,101,20080407030128,5,5,both,True
grid_last_state_only,0.5,101,20080411121437,5,5,both,True
grid_last_state_only,0.5,101,20080418035836,5,5,both,True
grid_last_state_only,0.5,101,20080507062347,5,5,both,True
grid_last_state_only,0.5,101,20080507070528,5,5,both,True
grid_last_state_only,0.5,101,20080509115416,5,5,both,True
grid_last_state_only,0.5,101,20080522095436,5,5,both,True
grid_last_state_only,0.5,101,20080629025234,5,5,both,True
grid_last_state_only,0.5,101,20080629063734,5,5,both,True
grid_last_state_only,0.5,101,20080629075340,5,5,both,True
grid_last_state_only,0.5,101,20080629121541,5,5,both,True
grid_last_state_only,0.5,103,20080916044613,0,0,both,True
grid_last_state_only,0.5,103,20080916101236,0,0,both,True
grid_last_state_only,0.5,103,20080917110637,2,2,both,True
grid_last_state_only,0.5,103,20080917135224,2,2,both,True
grid_last_state_only,0.5,103,20080917231611,2,2,both,True
grid_last_state_only,0.5,103,20080918042849,0,0,both,True
grid_last_state_only,0.5,103,20080918070148,0,0,both,True
grid_last_state_only,0.5,103,20080919061140,0,0,both,True
grid_last_state_only,0.5,103,20080919070700,0,0,both,True
grid_last_state_only,0.5,103,20080919092921,0,0,both,True
grid_last_state_only,0.5,103,20080920061016,1,1,both,True
grid_last_state_only,0.5,103,20080920104637,2,2,both,True
grid_last_state_only,0.5,112,20080625011601,0,0,both,True
grid_last_state_only,0.5,112,20080625172633,0,0,both,True
grid_last_state_only,0.5,112,20080626031425,0,0,both,True
grid_last_state_only,0.5,112,20080626165615,0,0,both,True
grid_last_state_only,0.5,112,20080627103629,0,0,both,True
grid_last_state_only,0.5,112,20080628100846,0,0,both,True
grid_last_state_only,0.5,112,20080628165309,0,0,both,True
grid_last_state_only,0.5,112,20080629004633,17,17,both,True
grid_last_state_only,0.5,112,20080629043556,0,0,both,True
grid_last_state_only,0.5,112,20080629165831,0,0,both,True
grid_last_state_only,0.5,112,20080630015803,0,0,both,True
grid_last_state_only,0.5,112,20080630160716,0,0,both,True
grid_last_state_only,0.5,112,20080701052937,32,32,both,True
grid_last_state_only,0.5,112,20080701194739,0,0,both,True
grid_last_state_only,0.5,112,20080702020309,0,0,both,True
grid_last_state_only,0.5,112,20080702161309,0,0,both,True
grid_last_state_only,0.5,112,20080703015604,0,0,both,True
grid_last_state_only,0.5,112,20080703153003,0,0,both,True
grid_last_state_only,0.5,112,20080704021011,18,18,both,True
grid_last_state_only,0.5,112,20080704171509,0,0,both,True
grid_last_state_only,0.5,112,20080705053420,0,0,both,True
grid_last_state_only,0.5,112,20080705164758,0,0,both,True
grid_last_state_only,0.5,112,20080706014330,17,17,both,True
grid_last_state_only,0.5,112,20080706083034,17,17,both,True
grid_last_state_only,0.5,112,20080706173438,0,0,both,True
grid_last_state_only,0.5,112,20080707022437,0,0,both,True
grid_last_state_only,0.5,112,20080707162139,0,0,both,True
grid_last_state_only,0.5,112,20080708162052,0,0,both,True
grid_last_state_only,0.5,112,20080709012639,0,0,both,True
grid_last_state_only,0.5,112,20080709171521,0,0,both,True
grid_last_state_only,0.5,112,20080710022932,18,18,both,True
grid_last_state_only,0.5,112,20080710095337,18,18,both,True
grid_last_state_only,0.5,112,20080710114615,0,0,both,True
grid_last_state_only,0.5,112,20080711020311,0,0,both,True
grid_last_state_only,0.5,112,20080713004126,28,28,both,True
grid_last_state_only,0.5,112,20080713064523,0,0,both,True
grid_last_state_only,0.5,112,20080713093807,18,18,both,True
grid_last_state_only,0.5,112,20080713162846,0,0,both,True
grid_last_state_only,0.5,112,20080715125857,0,0,both,True
grid_last_state_only,0.5,112,20080715141929,0,0,both,True
grid_last_state_only,0.5,112,20080715165809,0,0,both,True
grid_last_state_only,0.5,112,20080716020639,0,0,both,True
grid_last_state_only,0.5,112,20080716103338,0,0,both,True
grid_last_state_only,0.5,112,20080716154342,0,0,both,True
grid_last_state_only,0.5,112,20080717012048,0,0,both,True
grid_last_state_only,0.5,112,20080717152304,18,18,both,True
grid_last_state_only,0.5,112,20080718013204,0,0,both,True
grid_last_state_only,0.5,119,20080922003552,0,0,both,True
grid_last_state_only,0.5,119,20080922141505,0,0,both,True
grid_last_state_only,0.5,119,20080923103305,0,0,both,True
grid_last_state_only,0.5,119,20080924010734,0,0,both,True
grid_last_state_only,0.5,119,20080925002004,0,0,both,True
grid_last_state_only,0.5,119,20080927005205,0,0,both,True
grid_last_state_only,0.5,119,20080927125153,0,0,both,True
grid_last_state_only,0.5,119,20080930070335,3,3,both,True
grid_last_state_only,0.5,119,20080930075522,0,0,both,True
grid_last_state_only,0.5,119,20081005041023,0,0,both,True
grid_last_state_only,0.5,119,20081006001735,3,3,both,True
grid_last_state_only,0.5,126,20081212033806,4,4,both,True
grid_last_state_only,0.5,126,20081213004659,4,4,both,True
grid_last_state_only,0.5,126,20081214061053,5,5,both,True
grid_last_state_only,0.5,126,20081215091804,4,4,both,True
grid_last_state_only,0.5,126,20081215092501,11,11,both,True
grid_last_state_only,0.5,126,20081216145734,4,4,both,True
grid_last_state_only,0.5,126,20081217012730,4,4,both,True
grid_last_state_only,0.5,126,20081220053722,4,4,both,True
grid_last_state_only,0.5,126,20081221091036,4,4,both,True
grid_last_state_only,0.5,126,20081222152354,4,4,both,True
grid_last_state_only,0.5,126,20081223021508,4,4,both,True
grid_last_state_only,0.5,126,20081223114649,5,5,both,True
grid_last_state_only,0.5,126,20081224083759,11,11,both,True
grid_last_state_only,0.5,126,20081224150332,4,4,both,True
grid_last_state_only,0.5,126,20081225013437,4,4,both,True
grid_last_state_only,0.5,126,20081225175024,11,11,both,True
grid_last_state_only,0.5,126,20081226014209,4,4,both,True
grid_last_state_only,0.5,126,20081228032227,5,5,both,True
grid_last_state_only,0.5,126,20081228171208,11,11,both,True
grid_last_state_only,0.5,126,20081229023536,4,4,both,True
grid_last_state_only,0.5,126,20081229160739,11,11,both,True
grid_last_state_only,0.5,126,20081231100109,5,5,both,True
grid_last_state_only,0.5,126,20090101140537,4,4,both,True
grid_last_state_only,0.5,126,20090106101155,4,4,both,True
grid_last_state_only,0.5,126,20090111132534,11,11,both,True
grid_last_state_only,0.5,126,20090112034936,4,4,both,True
grid_last_state_only,0.5,126,20090112162902,4,4,both,True
grid_last_state_only,0.5,126,20090113015238,4,4,both,True
grid_last_state_only,0.5,126,20090114122432,4,4,both,True
grid_last_state_only,0.5,126,20090115014729,5,5,both,True
grid_last_state_only,0.5,126,20090116023156,4,4,both,True
grid_last_state_only,0.5,126,20090116161154,4,4,both,True
grid_last_state_only,0.5,126,20090117023705,4,4,both,True
grid_last_state_only,0.5,126,20090118041307,4,4,both,True
grid_last_state_only,0.5,126,20090118143859,5,5,both,True
grid_last_state_only,0.5,126,20090119070358,4,4,both,True
grid_last_state_only,0.5,126,20090120055508,4,4,both,True
grid_last_state_only,0.5,126,20090121064258,4,4,both,True
grid_last_state_only,0.5,126,20090121183707,4,4,both,True
grid_last_state_only,0.5,126,20090122050259,5,5,both,True
grid_last_state_only,0.5,126,20090124035138,4,4,both,True
grid_last_state_only,0.5,126,20090125020229,11,11,both,True
grid_last_state_only,0.5,126,20090126054447,2,2,both,True
grid_last_state_only,0.5,126,20090128035001,4,4,both,True
grid_last_state_only,0.5,126,20090202105828,4,4,both,True
grid_last_state_only,0.5,126,20090203063004,4,4,both,True
grid_last_state_only,0.5,126,20090203143356,4,4,both,True
grid_last_state_only,0.5,126,20090204035659,4,4,both,True
grid_last_state_only,0.5,126,20090205033759,4,4,both,True
grid_last_state_only,0.5,126,20090206055100,4,4,both,True
grid_last_state_only,0.5,126,20090207004237,4,4,both,True
grid_last_state_only,0.5,126,20090207103659,4,4,both,True
grid_last_state_only,0.5,126,20090208012352,4,4,both,True
grid_last_state_only,0.5,126,20090210154623,11,11,both,True
grid_last_state_only,0.5,126,20090211044036,4,4,both,True
grid_last_state_only,0.5,126,20090213025810,4,4,both,True
grid_last_state_only,0.5,126,20090214035934,2,2,both,True
grid_last_state_only,0.5,126,20090215103622,5,5,both,True
grid_last_state_only,0.5,126,20090215180922,11,11,both,True
grid_last_state_only,0.5,126,20090216032915,4,4,both,True
grid_last_state_only,0.5,126,20090216172536,4,4,both,True
grid_last_state_only,0.5,126,20090217015359,4,4,both,True
grid_last_state_only,0.5,126,20090222102105,4,4,both,True
grid_last_state_only,0.5,134,20080103185715,4,4,both,True
grid_last_state_only,0.5,134,20080104192055,1,1,both,True
grid_last_state_only,0.5,134,20080105101716,0,0,both,True
grid_last_state_only,0.5,134,20080105224708,0,0,both,True
grid_last_state_only,0.5,134,20080107232831,4,4,both,True
grid_last_state_only,0.5,134,20080109110907,4,4,both,True
grid_last_state_only,0.5,134,20080111104704,0,0,both,True
grid_last_state_only,0.5,134,20080123204917,1,1,both,True
grid_last_state_only,0.5,134,20080124232414,1,1,both,True
grid_last_state_only,0.5,134,20080125214105,1,1,both,True
grid_last_state_only,0.5,134,20080126201731,1,1,both,True
grid_last_state_only,0.5,134,20080128232012,4,4,both,True
grid_last_state_only,0.5,134,20080131181918,0,0,both,True
grid_last_state_only,0.5,134,20080201122139,0,0,both,True
grid_last_state_only,0.5,134,20080204234133,1,1,both,True
grid_last_state_only,0.5,134,20080205091700,0,0,both,True
grid_last_state_only,0.5,144,20090320105734,25,25,both,True
grid_last_state_only,0.5,144,20090320220234,77,77,both,True
grid_last_state_only,0.5,144,20090321083221,39,39,both,True
grid_last_state_only,0.5,144,20090322014034,39,39,both,True
grid_last_state_only,0.5,144,20090323015052,39,39,both,True
grid_last_state_only,0.5,144,20090324004422,39,39,both,True
grid_last_state_only,0.5,144,20090326091104,8,8,both,True
grid_last_state_only,0.5,144,20090520102033,8,8,both,True
grid_last_state_only,0.5,144,20090521014154,16,16,both,True
grid_last_state_only,0.5,144,20090522002338,16,16,both,True
grid_last_state_only,0.5,144,20090522091556,9,9,both,True
grid_last_state_only,0.5,144,20090522221207,8,8,both,True
grid_last_state_only,0.5,144,20090525235137,65,65,both,True
grid_last_state_only,0.5,144,20090527145304,95,95,both,True
grid_last_state_only,0.5,144,20090529010040,95,95,both,True
grid_last_state_only,0.5,144,20090529232430,95,95,both,True
grid_last_state_only,0.5,144,20090531114801,8,8,both,True
grid_last_state_only,0.5,144,20090601112421,8,8,both,True
grid_last_state_only,0.5,144,20090601235432,25,25,both,True
grid_last_state_only,0.5,144,20090602235107,9,9,both,True
grid_last_state_only,0.5,144,20090603101837,8,8,both,True
grid_last_state_only,0.5,144,20090606065236,8,8,both,True
grid_last_state_only,0.5,144,20090607060603,0,0,both,True
grid_last_state_only,0.5,144,20090608235536,25,25,both,True
grid_last_state_only,0.5,144,20090609110322,25,25,both,True
grid_last_state_only,0.5,144,20090609235238,25,25,both,True
grid_last_state_only,0.5,144,20090613020636,8,8,both,True
grid_last_state_only,0.5,144,20090614073117,7,7,both,True
grid_last_state_only,0.5,144,20090614235131,9,9,both,True
grid_last_state_only,0.5,144,20090616024001,65,65,both,True
grid_last_state_only,0.5,144,20090616235600,16,16,both,True
grid_last_state_only,0.5,144,20090617102729,9,9,both,True
grid_last_state_only,0.5,144,20090620033405,70,70,both,True
grid_last_state_only,0.5,144,20090622113007,25,25,both,True
grid_last_state_only,0.5,144,20090622234605,9,9,both,True
grid_last_state_only,0.5,144,20090624235454,9,9,both,True
grid_last_state_only,0.5,144,20090625103805,9,9,both,True
grid_last_state_only,0.5,144,20090626000502,25,25,both,True
grid_last_state_only,0.5,144,20090627030407,8,8,both,True
grid_last_state_only,0.5,144,20090628061504,7,7,both,True
grid_last_state_only,0.5,144,20090628234833,9,9,both,True
grid_last_state_only,0.5,144,20090629235727,25,25,both,True
grid_last_state_only,0.5,144,20090701235103,9,9,both,True
grid_last_state_only,0.5,144,20090702235757,25,25,both,True
grid_last_state_only,0.5,144,20090704015352,74,74,both,True
grid_last_state_only,0.5,144,20090706033310,74,74,both,True
grid_last_state_only,0.5,144,20090707230534,74,74,both,True
grid_last_state_only,0.5,144,20090715203207,8,8,both,True
grid_last_state_only,0.5,144,20090715203922,1,1,both,True
grid_last_state_only,0.5,144,20090717111355,8,8,both,True
grid_last_state_only,0.5,144,20090719065636,8,8,both,True
grid_last_state_only,0.5,144,20090720000052,8,8,both,True
grid_last_state_only,0.5,144,20090722104535,8,8,both,True
grid_last_state_only,0.5,144,20090723102429,9,9,both,True
grid_last_state_only,0.5,144,20090723235233,25,25,both,True
grid_last_state_only,0.5,144,20090724100436,25,25,both,True
grid_last_state_only,0.5,144,20090725012937,8,8,both,True
grid_last_state_only,0.5,144,20090726084226,89,89,both,True
grid_last_state_only,0.5,144,20090726235306,9,9,both,True
grid_last_state_only,0.5,144,20090727110936,9,9,both,True
grid_last_state_only,0.5,144,20090728000707,1,1,both,True
grid_last_state_only,0.5,144,20090729001633,16,16,both,True
grid_last_state_only,0.5,144,20090729235433,9,9,both,True
grid_last_state_only,0.5,144,20090730104305,9,9,both,True
grid_last_state_only,0.5,144,20090731024535,67,67,both,True
grid_last_state_only,0.5,144,20090731233637,3,3,both,True
grid_last_state_only,0.5,144,20090802001036,3,3,both,True
grid_last_state_only,0.5,144,20090802235254,9,9,both,True
grid_last_state_only,0.5,144,20090803110500,25,25,both,True
grid_last_state_only,0.5,144,20090803235536,25,25,both,True
grid_last_state_only,0.5,144,20090804110750,8,8,both,True
grid_last_state_only,0.5,144,20090808060826,0,0,both,True
grid_last_state_only,0.5,144,20090808220159,8,8,both,True
grid_last_state_only,0.5,144,20090810235059,25,25,both,True
grid_last_state_only,0.5,144,20090811104834,89,89,both,True
grid_last_state_only,0.5,144,20090812100836,8,8,both,True
grid_last_state_only,0.5,144,20090813010535,8,8,both,True
grid_last_state_only,0.5,144,20090815031237,8,8,both,True
grid_last_state_only,0.5,144,20090816234933,9,9,both,True
grid_last_state_only,0.5,144,20090818104808,9,9,both,True
grid_last_state_only,0.5,144,20090819002103,16,16,both,True
grid_last_state_only,0.5,144,20090819093007,8,8,both,True
grid_last_state_only,0.5,144,20090819225202,67,67,both,True
grid_last_state_only,0.5,144,20090821003737,25,25,both,True
grid_last_state_only,0.5,144,20090821110053,25,25,both,True
grid_last_state_only,0.5,144,20090822075806,8,8,both,True
grid_last_state_only,0.5,144,20090823034437,0,0,both,True
grid_last_state_only,0.5,144,20090824101938,0,0,both,True
grid_last_state_only,0.5,144,20090825034334,96,96,both,True
grid_last_state_only,0.5,144,20090825235926,96,96,both,True
grid_last_state_only,0.5,144,20090827005038,96,96,both,True
grid_last_state_only,0.5,144,20090827114400,96,96,both,True
grid_last_state_only,0.5,144,20090828022936,8,8,both,True
grid_last_state_only,0.5,144,20090828154632,8,8,both,True
grid_last_state_only,0.5,144,20090830022303,8,8,both,True
grid_last_state_only,0.5,144,20090830235305,25,25,both,True
grid_last_state_only,0.5,144,20090903014903,25,25,both,True
grid_last_state_only,0.5,144,20090904034156,8,8,both,True
grid_last_state_only,0.5,144,20090905032524,8,8,both,True
grid_last_state_only,0.5,144,20090906023103,16,16,both,True
grid_last_state_only,0.5,144,20090906092908,16,16,both,True
grid_last_state_only,0.5,144,20090908234759,9,9,both,True
grid_last_state_only,0.5,144,20090909110407,8,8,both,True
grid_last_state_only,0.5,144,20090910004838,16,16,both,True
grid_last_state_only,0.5,144,20090911113635,8,8,both,True
grid_last_state_only,0.5,144,20090912053533,8,8,both,True
grid_last_state_only,0.5,144,20090913065703,7,7,both,True
grid_last_state_only,0.5,144,20090916001807,16,16,both,True
grid_last_state_only,0.5,144,20090916104304,25,25,both,True
grid_last_state_only,0.5,144,20090916234959,9,9,both,True
grid_last_state_only,0.5,144,20090917101935,9,9,both,True
grid_last_state_only,0.5,144,20090917235434,8,8,both,True
grid_last_state_only,0.5,144,20090918063018,8,8,both,True
grid_last_state_only,0.5,144,20090920052628,67,67,both,True
grid_last_state_only,0.5,144,20090920234831,9,9,both,True
grid_last_state_only,0.5,144,20090921102607,25,25,both,True
grid_last_state_only,0.5,144,20090921234959,25,25,both,True
grid_last_state_only,0.5,144,20090922235636,25,25,both,True
grid_last_state_only,0.5,144,20090923101746,8,8,both,True
grid_last_state_only,0.5,144,20090924054331,65,65,both,True
grid_last_state_only,0.5,147,20110429211108,1,1,both,True
grid_last_state_only,0.5,147,20110503092256,1,1,both,True
grid_last_state_only,0.5,147,20110503211058,3,3,both,True
grid_last_state_only,0.5,147,20110504090804,3,3,both,True
grid_last_state_only,0.5,147,20110504222727,1,1,both,True
grid_last_state_only,0.5,147,20110505093137,1,1,both,True
grid_last_state_only,0.5,147,20110509090537,1,1,both,True
grid_last_state_only,0.5,147,20110509213336,3,3,both,True
grid_last_state_only,0.5,147,20110510091728,1,1,both,True
grid_last_state_only,0.5,147,20110510220025,3,3,both,True
grid_last_state_only,0.5,147,20110511090033,1,1,both,True
grid_last_state_only,0.5,147,20110511220208,1,1,both,True
grid_last_state_only,0.5,147,20110512092100,8,8,both,True
grid_last_state_only,0.5,147,20110512213721,3,3,both,True
grid_last_state_only,0.5,147,20110513085630,1,1,both,True
grid_last_state_only,0.5,147,20110515092153,1,1,both,True
grid_last_state_only,0.5,147,20110516213330,3,3,both,True
grid_last_state_only,0.5,147,20110517221041,1,1,both,True
grid_last_state_only,0.5,147,20110518210025,1,1,both,True
grid_last_state_only,0.5,147,20110519084458,1,1,both,True
grid_last_state_only,0.5,168,20110808223334,5,5,both,True
grid_last_state_only,0.5,168,20110809130404,1,1,both,True
grid_last_state_only,0.5,168,20110809223728,5,5,both,True
grid_last_state_only,0.5,168,20110810114128,1,1,both,True
grid_last_state_only,0.5,168,20110810230703,1,1,both,True
grid_last_state_only,0.5,168,20110811111352,5,5,both,True
grid_last_state_only,0.5,168,20110813021333,1,1,both,True
grid_last_state_only,0.5,168,20110814082752,1,1,both,True
grid_last_state_only,0.5,168,20110814223234,5,5,both,True
grid_last_state_only,0.5,168,20110815094533,1,1,both,True
grid_last_state_only,0.5,168,20110815223434,5,5,both,True
grid_last_state_only,0.5,168,20110816121403,1,1,both,True
grid_last_state_only,0.5,168,20110816223828,5,5,both,True
grid_last_state_only,0.5,168,20110817113458,1,1,both,True
grid_last_state_only,0.5,168,20110817223957,5,5,both,True
grid_last_state_only,0.5,168,20110818101352,1,1,both,True
grid_last_state_only,0.5,168,20110820061322,5,5,both,True
grid_last_state_only,0.5,168,20110821223758,5,5,both,True
grid_last_state_only,0.5,168,20110822115552,1,1,both,True
grid_last_state_only,0.5,168,20110822224028,5,5,both,True
grid_last_state_only,0.5,168,20110823095558,1,1,both,True
grid_last_state_only,0.5,168,20110823224234,5,5,both,True
grid_last_state_only,0.5,168,20110824134528,5,5,both,True
grid_last_state_only,0.5,168,20110824224328,5,5,both,True
grid_last_state_only,0.5,179,20081021012324,0,0,both,True
grid_last_state_only,0.5,179,20081021110030,0,0,both,True
grid_last_state_only,0.5,179,20081026014505,0,0,both,True
grid_last_state_only,0.5,179,20081026113752,0,0,both,True
grid_last_state_only,0.5,179,20081027012336,0,0,both,True
grid_last_state_only,0.5,179,20081027123634,0,0,both,True
grid_last_state_only,0.5,179,20081027124519,0,0,both,True
grid_last_state_only,0.5,179,20081101013523,0,0,both,True
grid_last_state_only,0.5,179,20081106023054,0,0,both,True
grid_last_state_only,0.5,179,20081107090836,0,0,both,True
grid_last_state_only,0.5,179,20081109014530,0,0,both,True
grid_last_state_only,0.5,179,20081109120329,0,0,both,True
grid_last_state_only,0.5,179,20081115015705,0,0,both,True
grid_last_state_only,0.5,179,20081115105653,0,0,both,True
grid_last_state_only,0.5,179,20081116065153,0,0,both,True
grid_last_state_only,0.5,179,20081117025429,0,0,both,True
grid_last_state_only,0.5,179,20081117030421,4,4,both,True
grid_last_state_only,0.5,179,20081129015805,12,12,both,True
grid_last_state_only,0.66,0,20090603064302,0,0,both,True
grid_last_state_only,0.66,0,20090604053730,11,11,both,True
grid_last_state_only,0.66,0,20090605012707,0,0,both,True
grid_last_state_only,0.66,0,20090606060037,0,0,both,True
grid_last_state_only,0.66,0,20090607075255,4,4,both,True
grid_last_state_only,0.66,0,20090607163831,0,0,both,True
grid_last_state_only,0.66,0,20090608060034,4,4,both,True
grid_last_state_only,0.66,0,20090609002030,0,0,both,True
grid_last_state_only,0.66,0,20090610062438,0,0,both,True
grid_last_state_only,0.66,0,20090610223636,0,0,both,True
grid_last_state_only,0.66,0,20090611221204,0,0,both,True
grid_last_state_only,0.66,0,20090612072227,0,0,both,True
grid_last_state_only,0.66,0,20090612220336,0,0,both,True
grid_last_state_only,0.66,0,20090614065303,4,4,both,True
grid_last_state_only,0.66,0,20090615055603,0,0,both,True
grid_last_state_only,0.66,0,20090615183206,0,0,both,True
grid_last_state_only,0.66,0,20090616054128,4,4,both,True
grid_last_state_only,0.66,0,20090618005931,0,0,both,True
grid_last_state_only,0.66,0,20090619004036,0,0,both,True
grid_last_state_only,0.66,0,20090620024527,0,0,both,True
grid_last_state_only,0.66,0,20090621101407,0,0,both,True
grid_last_state_only,0.66,0,20090622095432,0,0,both,True
grid_last_state_only,0.66,0,20090623043635,0,0,both,True
grid_last_state_only,0.66,0,20090623233404,0,0,both,True
grid_last_state_only,0.66,0,20090624070430,0,0,both,True
grid_last_state_only,0.66,0,20090624215736,0,0,both,True
grid_last_state_only,0.66,0,20090625041631,4,4,both,True
grid_last_state_only,0.66,0,20090626101307,4,4,both,True
grid_last_state_only,0.66,0,20090627025208,4,4,both,True
grid_last_state_only,0.66,0,20090627101821,4,4,both,True
grid_last_state_only,0.66,0,20090628005229,4,4,both,True
grid_last_state_only,0.66,0,20090629011630,11,11,both,True
grid_last_state_only,0.66,0,20090629173335,0,0,both,True
grid_last_state_only,0.66,0,20090630045606,0,0,both,True
grid_last_state_only,0.66,0,20090701044033,0,0,both,True
grid_last_state_only,0.66,0,20090701171936,0,0,both,True
grid_last_state_only,0.66,0,20090702022530,4,4,both,True
grid_last_state_only,0.66,0,20090703002800,4,4,both,True
grid_last_state_only,0.66,0,20090704042634,4,4,both,True
grid_last_state_only,0.66,0,20090705025307,0,0,both,True
grid_last_state_only,0.66,16,20081202110923,3,3,both,True
grid_last_state_only,0.66,16,20081203091735,4,4,both,True
grid_last_state_only,0.66,16,20081208003122,0,0,both,True
grid_last_state_only,0.66,16,20081209014205,3,3,both,True
grid_last_state_only,0.66,16,20081210004205,0,0,both,True
grid_last_state_only,0.66,16,20081210102335,0,0,both,True
grid_last_state_only,0.66,16,20081211005204,3,3,both,True
grid_last_state_only,0.66,16,20081212071854,3,3,both,True
grid_last_state_only,0.66,16,20081213085404,0,0,both,True
grid_last_state_only,0.66,16,20081214050759,0,0,both,True
grid_last_state_only,0.66,16,20081215004559,3,3,both,True
grid_last_state_only,0.66,16,20081216010805,3,3,both,True
grid_last_state_only,0.66,17,20090319050008,0,0,both,True
grid_last_state_only,0.66,17,20090319091136,0,0,both,True
grid_last_state_only,0.66,17,20090319124458,0,0,both,True
grid_last_state_only,0.66,17,20090320000946,3,3,both,True
grid_last_state_only,0.66,17,20090320004539,1,1,both,True
grid_last_state_only,0.66,17,20090321050356,0,0,both,True
grid_last_state_only,0.66,17,20090322052036,0,0,both,True
grid_last_state_only,0.66,17,20090323000531,9,9,both,True
grid_last_state_only,0.66,17,20090323145837,0,0,both,True
grid_last_state_only,0.66,17,20090323212145,54,54,both,True
grid_last_state_only,0.66,17,20090325000739,3,3,both,True
grid_last_state_only,0.66,17,20090326000154,0,0,both,True
grid_last_state_only,0.66,17,20090326113406,0,0,both,True
grid_last_state_only,0.66,17,20090327002511,0,0,both,True
grid_last_state_only,0.66,17,20090328041725,0,0,both,True
grid_last_state_only,0.66,17,20090329025818,0,0,both,True
grid_last_state_only,0.66,17,20090329235347,0,0,both,True
grid_last_state_only,0.66,17,20090330112458,0,0,both,True
grid_last_state_only,0.66,17,20090331235635,0,0,both,True
grid_last_state_only,0.66,17,20090401235303,3,3,both,True
grid_last_state_only,0.66,17,20090402235820,0,0,both,True
grid_last_state_only,0.66,17,20090403131503,1,1,both,True
grid_last_state_only,0.66,17,20090404020155,3,3,both,True
grid_last_state_only,0.66,17,20090405053007,0,0,both,True
grid_last_state_only,0.66,17,20090406060347,0,0,both,True
grid_last_state_only,0.66,17,20090406233133,1,1,both,True
grid_last_state_only,0.66,17,20090407122913,0,0,both,True
grid_last_state_only,0.66,17,20090407234410,0,0,both,True
grid_last_state_only,0.66,17,20090408235354,3,3,both,True
grid_last_state_only,0.66,17,20090409234539,0,0,both,True
grid_last_state_only,0.66,17,20090411000325,0,0,both,True
grid_last_state_only,0.66,17,20090412014730,0,0,both,True
grid_last_state_only,0.66,17,20090413000008,3,3,both,True
grid_last_state_only,0.66,17,20090413235216,3,3,both,True
grid_last_state_only,0.66,17,20090415234514,0,0,both,True
grid_last_state_only,0.66,17,20090416234739,0,0,both,True
grid_last_state_only,0.66,17,20090418014515,0,0,both,True
grid_last_state_only,0.66,17,20090419010400,3,3,both,True
grid_last_state_only,0.66,17,20090419130441,0,0,both,True
grid_last_state_only,0.66,17,20090420000026,3,3,both,True
grid_last_state_only,0.66,17,20090420110816,3,3,both,True
grid_last_state_only,0.66,17,20090420235733,9,9,both,True
grid_last_state_only,0.66,17,20090421124855,0,0,both,True
grid_last_state_only,0.66,17,20090421234946,0,0,both,True
grid_last_state_only,0.66,17,20090513094309,0,0,both,True
grid_last_state_only,0.66,17,20090513232947,0,0,both,True
grid_last_state_only,0.66,17,20090514090933,0,0,both,True
grid_last_state_only,0.66,17,20090515020800,3,3,both,True
grid_last_state_only,0.66,17,20090516010239,0,0,both,True
grid_last_state_only,0.66,17,20090517033915,0,0,both,True
grid_last_state_only,0.66,17,20090517054300,0,0,both,True
grid_last_state_only,0.66,17,20090519003045,12,12,both,True
grid_last_state_only,0.66,17,20090520231518,0,0,both,True
grid_last_state_only,0.66,17,20090521234308,0,0,both,True
grid_last_state_only,0.66,17,20090523022436,0,0,both,True
grid_last_state_only,0.66,17,20090524232403,9,9,both,True
grid_last_state_only,0.66,17,20090526051336,3,3,both,True
grid_last_state_only,0.66,17,20090528012914,5,5,both,True
grid_last_state_only,0.66,17,20090530054703,0,0,both,True
grid_last_state_only,0.66,17,20090531001952,8,8,both,True
grid_last_state_only,0.66,17,20090601000744,3,3,both,True
grid_last_state_only,0.66,17,20090601235202,1,1,both,True
grid_last_state_only,0.66,17,20090602131142,0,0,both,True
grid_last_state_only,0.66,17,20090603233338,3,3,both,True
grid_last_state_only,0.66,17,20090604232209,0,0,both,True
grid_last_state_only,0.66,17,20090607021214,0,0,both,True
grid_last_state_only,0.66,17,20090607234645,3,3,both,True
grid_last_state_only,0.66,17,20090608233046,9,9,both,True
grid_last_state_only,0.66,17,20090609233900,1,1,both,True
grid_last_state_only,0.66,17,20090610135201,0,0,both,True
grid_last_state_only,0.66,17,20090610232548,0,0,both,True
grid_last_state_only,0.66,17,20090611234447,3,3,both,True
grid_last_state_only,0.66,17,20090613010507,0,0,both,True
grid_last_state_only,0.66,17,20090613144446,12,12,both,True
grid_last_state_only,0.66,17,20090613231704,0,0,both,True
grid_last_state_only,0.66,17,20090614233331,3,3,both,True
grid_last_state_only,0.66,17,20090615233906,3,3,both,True
grid_last_state_only,0.66,17,20090617131111,0,0,both,True
grid_last_state_only,0.66,17,20090617235133,3,3,both,True
grid_last_state_only,0.66,17,20090618235545,34,34,both,True
grid_last_state_only,0.66,17,20090619234854,1,1,both,True
grid_last_state_only,0.66,17,20090621012524,0,0,both,True
grid_last_state_only,0.66,17,20090621094628,3,3,both,True
grid_last_state_only,0.66,17,20090623000214,3,3,both,True
grid_last_state_only,0.66,17,20090623141709,0,0,both,True
grid_last_state_only,0.66,17,20090624121832,0,0,both,True
grid_last_state_only,0.66,17,20090625014745,9,9,both,True
grid_last_state_only,0.66,17,20090625232715,3,3,both,True
grid_last_state_only,0.66,17,20090627012536,0,0,both,True
grid_last_state_only,0.66,17,20090628013245,1,1,both,True
grid_last_state_only,0.66,17,20090630001301,3,3,both,True
grid_last_state_only,0.66,17,20090702000608,3,3,both,True
grid_last_state_only,0.66,17,20090702094931,0,0,both,True
grid_last_state_only,0.66,17,20090703000110,0,0,both,True
grid_last_state_only,0.66,17,20090704063554,0,0,both,True
grid_last_state_only,0.66,19,20081208063648,4,4,both,True
grid_last_state_only,0.66,19,20081208093749,25,25,both,True
grid_last_state_only,0.66,19,20081208115451,0,0,both,True
grid_last_state_only,0.66,19,20081209002742,6,6,both,True
grid_last_state_only,0.66,19,20081209101839,0,0,both,True
grid_last_state_only,0.66,19,20081209125837,0,0,both,True
grid_last_state_only,0.66,19,20081209150349,0,0,both,True
grid_last_state_only,0.66,19,20081210051634,4,4,both,True
grid_last_state_only,0.66,19,20081210055142,6,6,both,True
grid_last_state_only,0.66,19,20081210062239,4,4,both,True
grid_last_state_only,0.66,19,20081210085203,0,0,both,True
grid_last_state_only,0.66,19,20081210093504,0,0,both,True
grid_last_state_only,0.66,19,20081211001406,4,4,both,True
grid_last_state_only,0.66,19,20081211024057,5,5,both,True
grid_last_state_only,0.66,19,20081211034454,5,5,both,True
grid_last_state_only,0.66,19,20081211044214,0,0,both,True
grid_last_state_only,0.66,19,20081213075114,4,4,both,True
grid_last_state_only,0.66,19,20081214002807,6,6,both,True
grid_last_state_only,0.66,19,20081214092748,0,0,both,True
grid_last_state_only,0.66,20,20111115013237,1,1,both,True
grid_last_state_only,0.66,20,20111116153831,0,0,both,True
grid_last_state_only,0.66,20,20111117020931,1,1,both,True
grid_last_state_only,0.66,20,20111118101629,1,1,both,True
grid_last_state_only,0.66,20,20111119042142,1,1,both,True
grid_last_state_only,0.66,20,20111119155101,0,0,both,True
grid_last_state_only,0.66,20,20111120161356,0,0,both,True
grid_last_state_only,0.66,20,20111121013035,1,1,both,True
grid_last_state_only,0.66,20,20111122014130,1,1,both,True
grid_last_state_only,0.66,20,20111122151957,0,0,both,True
grid_last_state_only,0.66,20,20111123154525,0,0,both,True
grid_last_state_only,0.66,20,20111124020829,1,1,both,True
grid_last_state_only,0.66,20,20111124154938,0,0,both,True
grid_last_state_only,0.66,20,20111125014422,1,1,both,True
grid_last_state_only,0.66,20,20111125152106,0,0,both,True
grid_last_state_only,0.66,20,20111128015322,1,1,both,True
grid_last_state_only,0.66,20,20111128151537,0,0,both,True
grid_last_state_only,0.66,20,20111129015531,1,1,both,True
grid_last_state_only,0.66,20,20111129151955,0,0,both,True
grid_last_state_only,0.66,20,20111130015030,1,1,both,True
grid_last_state_only,0.66,20,20111130151807,0,0,both,True
grid_last_state_only,0.66,20,20111130152335,0,0,both,True
grid_last_state_only,0.66,20,20111201020105,1,1,both,True
grid_last_state_only,0.66,20,20111202020153,1,1,both,True
grid_last_state_only,0.66,20,20111206145735,0,0,both,True
grid_last_state_only,0.66,20,20111209015635,1,1,both,True
grid_last_state_only,0.66,20,20111213143458,0,0,both,True
grid_last_state_only,0.66,20,20111220145401,0,0,both,True
grid_last_state_only,0.66,20,20111221014028,1,1,both,True
grid_last_state_only,0.66,20,20111221150308,0,0,both,True
grid_last_state_only,0.66,20,20111222021305,1,1,both,True
grid_last_state_only,0.66,20,20111223015835,1,1,both,True
grid_last_state_only,0.66,20,20111227051001,1,1,both,True
grid_last_state_only,0.66,24,20090318010336,3,3,both,True
grid_last_state_only,0.66,24,20090319051300,3,3,both,True
grid_last_state_only,0.66,24,20090319232505,3,3,both,True
grid_last_state_only,0.66,24,20090320092600,3,3,both,True
grid_last_state_only,0.66,24,20090321000237,10,10,both,True
grid_last_state_only,0.66,24,20090321235532,3,3,both,True
grid_last_state_only,0.66,24,20090322063047,3,3,both,True
grid_last_state_only,0.66,24,20090323232430,3,3,both,True
grid_last_state_only,0.66,24,20090325001055,3,3,both,True
grid_last_state_only,0.66,24,20090325232230,3,3,both,True
grid_last_state_only,0.66,24,20090512010704,3,3,both,True
grid_last_state_only,0.66,24,20090512231006,3,3,both,True
grid_last_state_only,0.66,24,20090514001608,3,3,both,True
grid_last_state_only,0.66,24,20090515051736,3,3,both,True
grid_last_state_only,0.66,24,20090516000230,3,3,both,True
grid_last_state_only,0.66,24,20090518010033,3,3,both,True
grid_last_state_only,0.66,24,20090519002637,3,3,both,True
grid_last_state_only,0.66,24,20090519231433,3,3,both,True
grid_last_state_only,0.66,24,20090520231037,3,3,both,True
grid_last_state_only,0.66,24,20090522012954,3,3,both,True
grid_last_state_only,0.66,24,20090523001107,3,3,both,True
grid_last_state_only,0.66,24,20090524061723,3,3,both,True
grid_last_state_only,0.66,24,20090525230436,3,3,both,True
grid_last_state_only,0.66,24,20090526104409,3,3,both,True
grid_last_state_only,0.66,25,20090511025404,0,0,both,True
grid_last_state_only,0.66,25,20090511074253,0,0,both,True
grid_last_state_only,0.66,25,20090511120543,0,0,both,True
grid_last_state_only,0.66,25,20090512000606,0,0,both,True
grid_last_state_only,0.66,25,20090512082957,0,0,both,True
grid_last_state_only,0.66,25,20090513013740,0,0,both,True
grid_last_state_only,0.66,25,20090513105350,0,0,both,True
grid_last_state_only,0.66,25,20090514000001,0,0,both,True
grid_last_state_only,0.66,25,20090514015739,0,0,both,True
grid_last_state_only,0.66,25,20090514025341,0,0,both,True
grid_last_state_only,0.66,25,20090514100158,0,0,both,True
grid_last_state_only,0.66,25,20090515000000,45,45,both,True
grid_last_state_only,0.66,25,20090516044805,115,115,both,True
grid_last_state_only,0.66,25,20090516061230,44,44,both,True
grid_last_state_only,0.66,25,20090516105352,50,50,both,True
grid_last_state_only,0.66,25,20090517010002,47,47,both,True
grid_last_state_only,0.66,25,20090517055402,51,51,both,True
grid_last_state_only,0.66,25,20090517092755,40,40,both,True
grid_last_state_only,0.66,25,20090517120000,118,118,both,True
grid_last_state_only,0.66,25,20090518101843,40,40,both,True
grid_last_state_only,0.66,25,20090518121117,40,40,both,True
grid_last_state_only,0.66,25,20090519013040,51,51,both,True
grid_last_state_only,0.66,25,20090519122006,40,40,both,True
grid_last_state_only,0.66,25,20090520000243,8,8,both,True
grid_last_state_only,0.66,25,20090520114811,0,0,both,True
grid_last_state_only,0.66,25,20090520234651,2,2,both,True
grid_last_state_only,0.66,25,20090521042205,0,0,both,True
grid_last_state_only,0.66,25,20090521053513,0,0,both,True
grid_last_state_only,0.66,25,20090521235502,111,111,both,True
grid_last_state_only,0.66,25,20090522042917,88,88,both,True
grid_last_state_only,0.66,25,20090523000115,111,111,both,True
grid_last_state_only,0.66,25,20090523044126,88,88,both,True
grid_last_state_only,0.66,25,20090524000415,111,111,both,True
grid_last_state_only,0.66,25,20090524042347,10,10,both,True
grid_last_state_only,0.66,25,20090524075447,0,0,both,True
grid_last_state_only,0.66,25,20090525000736,111,111,both,True
grid_last_state_only,0.66,25,20090525040854,111,111,both,True
grid_last_state_only,0.66,25,20090525074414,111,111,both,True
grid_last_state_only,0.66,25,20090525081250,0,0,both,True
grid_last_state_only,0.66,25,20090525235606,2,2,both,True
grid_last_state_only,0.66,25,20090526044933,98,98,both,True
grid_last_state_only,0.66,25,20090526084328,0,0,both,True
grid_last_state_only,0.66,25,20090526235709,111,111,both,True
grid_last_state_only,0.66,25,20090527045639,0,0,both,True
grid_last_state_only,0.66,25,20090527092852,0,0,both,True
grid_last_state_only,0.66,25,20090528000132,111,111,both,True
grid_last_state_only,0.66,25,20090528043016,111,111,both,True
grid_last_state_only,0.66,25,20090528074406,88,88,both,True
grid_last_state_only,0.66,25,20090528104309,0,0,both,True
grid_last_state_only,0.66,25,20090528123505,0,0,both,True
grid_last_state_only,0.66,25,20090529021453,111,111,both,True
grid_last_state_only,0.66,25,20090529044013,111,111,both,True
grid_last_state_only,0.66,25,20090529081236,88,88,both,True
grid_last_state_only,0.66,25,20090529100124,0,0,both,True
grid_last_state_only,0.66,25,20090530000803,111,111,both,True
grid_last_state_only,0.66,25,20090530092855,0,0,both,True
grid_last_state_only,0.66,25,20090531000007,111,111,both,True
grid_last_state_only,0.66,25,20090531090700,0,0,both,True
grid_last_state_only,0.66,25,20090601104724,0,0,both,True
grid_last_state_only,0.66,25,20090601113739,0,0,both,True
grid_last_state_only,0.66,25,20090601121555,0,0,both,True
grid_last_state_only,0.66,25,20090602041611,2,2,both,True
grid_last_state_only,0.66,25,20090602101840,0,0,both,True
grid_last_state_only,0.66,25,20090603033735,2,2,both,True
grid_last_state_only,0.66,25,20090603102054,0,0,both,True
grid_last_state_only,0.66,25,20090604040956,2,2,both,True
grid_last_state_only,0.66,25,20090604104645,0,0,both,True
grid_last_state_only,0.66,25,20090605035359,0,0,both,True
grid_last_state_only,0.66,25,20090605094502,34,34,both,True
grid_last_state_only,0.66,25,20090605112034,0,0,both,True
grid_last_state_only,0.66,25,20090606005515,2,2,both,True
grid_last_state_only,0.66,25,20090606093819,0,0,both,True
grid_last_state_only,0.66,25,20090606120215,0,0,both,True
grid_last_state_only,0.66,25,20090606234144,74,74,both,True
grid_last_state_only,0.66,25,20090607113902,74,74,both,True
grid_last_state_only,0.66,25,20090608005335,74,74,both,True
grid_last_state_only,0.66,25,20090609012637,74,74,both,True
grid_last_state_only,0.66,25,20090609090605,74,74,both,True
grid_last_state_only,0.66,25,20090609112946,74,74,both,True
grid_last_state_only,0.66,25,20090610023300,74,74,both,True
grid_last_state_only,0.66,25,20090610095604,0,0,both,True
grid_last_state_only,0.66,25,20090610170259,0,0,both,True
grid_last_state_only,0.66,25,20090611085512,34,34,both,True
grid_last_state_only,0.66,25,20090611113001,0,0,both,True
grid_last_state_only,0.66,25,20090612040740,0,0,both,True
grid_last_state_only,0.66,25,20090612064142,0,0,both,True
grid_last_state_only,0.66,25,20090612130630,0,0,both,True
grid_last_state_only,0.66,25,20090612145033,0,0,both,True
grid_last_state_only,0.66,25,20090614050830,0,0,both,True
grid_last_state_only,0.66,25,20090614085036,2,2,both,True
grid_last_state_only,0.66,25,20090614123454,0,0,both,True
grid_last_state_only,0.66,25,20090615074716,0,0,both,True
grid_last_state_only,0.66,25,20090615132630,0,0,both,True
grid_last_state_only,0.66,25,20090615142743,0,0,both,True
grid_last_state_only,0.66,25,20090616000900,2,2,both,True
grid_last_state_only,0.66,25,20090616093056,0,0,both,True
grid_last_state_only,0.66,25,20090617042939,2,2,both,True
grid_last_state_only,0.66,25,20090617104840,0,0,both,True
grid_last_state_only,0.66,25,20090618010806,2,2,both,True
grid_last_state_only,0.66,25,20090618064236,0,0,both,True
grid_last_state_only,0.66,25,20090619002314,0,0,both,True
grid_last_state_only,0.66,25,20090619023451,13,13,both,True
grid_last_state_only,0.66,25,20090620001440,111,111,both,True
grid_last_state_only,0.66,25,20090620035727,111,111,both,True
grid_last_state_only,0.66,25,20090620092630,34,34,both,True
grid_last_state_only,0.66,25,20090621005632,2,2,both,True
grid_last_state_only,0.66,25,20090621094130,0,0,both,True
grid_last_state_only,0.66,25,20090621130111,0,0,both,True
grid_last_state_only,0.66,25,20090622001245,0,0,both,True
grid_last_state_only,0.66,25,20090622050547,2,2,both,True
grid_last_state_only,0.66,25,20090622092840,14,14,both,True
grid_last_state_only,0.66,25,20090623012719,111,111,both,True
grid_last_state_only,0.66,25,20090623042946,111,111,both,True
grid_last_state_only,0.66,25,20090623085109,5,5,both,True
grid_last_state_only,0.66,25,20090623100934,14,14,both,True
grid_last_state_only,0.66,25,20090623133306,0,0,both,True
grid_last_state_only,0.66,25,20090623153918,14,14,both,True
grid_last_state_only,0.66,25,20090624024641,88,88,both,True
grid_last_state_only,0.66,25,20090624081836,0,0,both,True
grid_last_state_only,0.66,25,20090625000008,12,12,both,True
grid_last_state_only,0.66,25,20090625034002,0,0,both,True
grid_last_state_only,0.66,25,20090626071038,0,0,both,True
grid_last_state_only,0.66,25,20090626115640,0,0,both,True
grid_last_state_only,0.66,25,20090626142016,0,0,both,True
grid_last_state_only,0.66,25,20090627022716,0,0,both,True
grid_last_state_only,0.66,25,20090627065710,0,0,both,True
grid_last_state_only,0.66,25,20090628101336,0,0,both,True
grid_last_state_only,0.66,25,20090629002542,0,0,both,True
grid_last_state_only,0.66,25,20090629013154,0,0,both,True
grid_last_state_only,0.66,25,20090629081014,0,0,both,True
grid_last_state_only,0.66,25,20090630074500,10,10,both,True
grid_last_state_only,0.66,25,20090630110602,0,0,both,True
grid_last_state_only,0.66,25,20090630123834,0,0,both,True
grid_last_state_only,0.66,25,20090701084100,0,0,both,True
grid_last_state_only,0.66,25,20090701091446,0,0,both,True
grid_last_state_only,0.66,25,20090701143746,0,0,both,True
grid_last_state_only,0.66,25,20090701165346,0,0,both,True
grid_last_state_only,0.66,25,20090702025218,0,0,both,True
grid_last_state_only,0.66,25,20090702091404,34,34,both,True
grid_last_state_only,0.66,25,20090702114731,0,0,both,True
grid_last_state_only,0.66,25,20090703013710,0,0,both,True
grid_last_state_only,0.66,25,20090703022251,0,0,both,True
grid_last_state_only,0.66,25,20090703053357,0,0,both,True
grid_last_state_only,0.66,25,20090703093956,0,0,both,True
grid_last_state_only,0.66,25,20090703135348,0,0,both,True
grid_last_state_only,0.66,25,20090704042738,0,0,both,True
grid_last_state_only,0.66,25,20090704101609,0,0,both,True
grid_last_state_only,0.66,25,20090705044519,0,0,both,True
grid_last_state_only,0.66,25,20090705093145,0,0,both,True
grid_last_state_only,0.66,25,20090705142119,0,0,both,True
grid_last_state_only,0.66,25,20090705234132,0,0,both,True
grid_last_state_only,0.66,25,20090706033701,34,34,both,True
grid_last_state_only,0.66,25,20090706042627,0,0,both,True
grid_last_state_only,0.66,25,20090706112513,0,0,both,True
grid_last_state_only,0.66,25,20090706124423,0,0,both,True
grid_last_state_only,0.66,25,20090707072302,0,0,both,True
grid_last_state_only,0.66,25,20090707091545,0,0,both,True
grid_last_state_only,0.66,25,20090708020049,0,0,both,True
grid_last_state_only,0.66,25,20090708032528,0,0,both,True
grid_last_state_only,0.66,25,20090708083822,0,0,both,True
grid_last_state_only,0.66,25,20090708112912,38,38,both,True
grid_last_state_only,0.66,25,20090709001109,40,40,both,True
grid_last_state_only,0.66,25,20090710102416,51,51,both,True
grid_last_state_only,0.66,25,20090710134415,40,40,both,True
grid_last_state_only,0.66,25,20090711073706,57,57,both,True
grid_last_state_only,0.66,25,20090711091028,40,40,both,True
grid_last_state_only,0.66,26,20090321063103,6,6,both,True
grid_last_state_only,0.66,26,20090321235040,0,0,both,True
grid_last_state_only,0.66,26,20090325081528,0,0,both,True
grid_last_state_only,0.66,26,20090405033104,0,0,both,True
grid_last_state_only,0.66,26,20090405164834,0,0,both,True
grid_last_state_only,0.66,26,20090407094503,0,0,both,True
grid_last_state_only,0.66,26,20090408040922,6,6,both,True
grid_last_state_only,0.66,26,20090411011503,0,0,both,True
grid_last_state_only,0.66,26,20090414091952,0,0,both,True
grid_last_state_only,0.66,26,20090415014804,0,0,both,True
grid_last_state_only,0.66,26,20090418032222,0,0,both,True
grid_last_state_only,0.66,28,20090408000034,3,3,both,True
grid_last_state_only,0.66,28,20090408091659,12,12,both,True
grid_last_state_only,0.66,28,20090408234136,3,3,both,True
grid_last_state_only,0.66,28,20090410052703,3,3,both,True
grid_last_state_only,0.66,28,20090413091309,2,2,both,True
grid_last_state_only,0.66,28,20090413222107,3,3,both,True
grid_last_state_only,0.66,28,20090414104608,2,2,both,True
grid_last_state_only,0.66,28,20090414222138,3,3,both,True
grid_last_state_only,0.66,28,20090415080832,2,2,both,True
grid_last_state_only,0.66,28,20090416091157,2,2,both,True
grid_last_state_only,0.66,28,20090416222138,3,3,both,True
grid_last_state_only,0.66,28,20090417073556,3,3,both,True
grid_last_state_only,0.66,28,20090420091753,2,2,both,True
grid_last_state_only,0.66,28,20090420222226,3,3,both,True
grid_last_state_only,0.66,28,20090421093501,3,3,both,True
grid_last_state_only,0.66,28,20090421222226,3,3,both,True
grid_last_state_only,0.66,29,20090310075634,0,0,both,True
grid_last_state_only,0.66,29,20090310230051,1,1,both,True
grid_last_state_only,0.66,29,20090311225433,1,1,both,True
grid_last_state_only,0.66,29,20090312112334,0,0,both,True
grid_last_state_only,0.66,29,20090312231752,1,1,both,True
grid_last_state_only,0.66,29,20090313090729,0,0,both,True
grid_last_state_only,0.66,29,20090315225504,1,1,both,True
grid_last_state_only,0.66,29,20090316090503,0,0,both,True
grid_last_state_only,0.66,29,20090317225758,1,1,both,True
grid_last_state_only,0.66,29,20090318090128,0,0,both,True
grid_last_state_only,0.66,29,20090321022628,2,2,both,True
grid_last_state_only,0.66,35,20090407073512,0,0,both,True
grid_last_state_only,0.66,35,20090407210407,0,0,both,True
grid_last_state_only,0.66,35,20090409210105,0,0,both,True
grid_last_state_only,0.66,35,20090411000535,0,0,both,True
grid_last_state_only,0.66,35,20090412205936,0,0,both,True
grid_last_state_only,0.66,35,20090413063915,0,0,both,True
grid_last_state_only,0.66,35,20090413210306,0,0,both,True
grid_last_state_only,0.66,35,20090414210553,0,0,both,True
grid_last_state_only,0.66,35,20090415210305,0,0,both,True
grid_last_state_only,0.66,35,20090416210531,0,0,both,True
grid_last_state_only,0.66,35,20090418035753,0,0,both,True
grid_last_state_only,0.66,35,20090419210937,0,0,both,True
grid_last_state_only,0.66,35,20090420064050,0,0,both,True
grid_last_state_only,0.66,35,20090420205905,0,0,both,True
grid_last_state_only,0.66,35,20090421205900,0,0,both,True
grid_last_state_only,0.66,35,20090422210636,0,0,both,True
grid_last_state_only,0.66,35,20090426050031,0,0,both,True
grid_last_state_only,0.66,35,20090426132556,0,0,both,True
grid_last_state_only,0.66,35,20090426211055,0,0,both,True
grid_last_state_only,0.66,36,20090407033154,4,4,both,True
grid_last_state_only,0.66,36,20090408094615,8,8,both,True
grid_last_state_only,0.66,36,20090409012524,4,4,both,True
grid_last_state_only,0.66,36,20090410053505,4,4,both,True
grid_last_state_only,0.66,36,20090411021801,8,8,both,True
grid_last_state_only,0.66,36,20090412125703,4,4,both,True
grid_last_state_only,0.66,36,20090413034508,4,4,both,True
grid_last_state_only,0.66,36,20090417083536,4,4,both,True
grid_last_state_only,0.66,36,20090418004038,4,4,both,True
grid_last_state_only,0.66,36,20090419025430,4,4,both,True
grid_last_state_only,0.66,36,20090423102604,8,8,both,True
grid_last_state_only,0.66,36,20090424112604,4,4,both,True
grid_last_state_only,0.66,36,20090426095159,8,8,both,True
grid_last_state_only,0.66,36,20090702005634,4,4,both,True
grid_last_state_only,0.66,36,20090705231822,8,8,both,True
grid_last_state_only,0.66,36,20090707011733,4,4,both,True
grid_last_state_only,0.66,36,20090708012505,4,4,both,True
grid_last_state_only,0.66,36,20090709003722,4,4,both,True
grid_last_state_only,0.66,37,20090412233403,0,0,both,True
grid_last_state_only,0.66,37,20090413051250,29,29,both,True
grid_last_state_only,0.66,37,20090414235037,0,0,both,True
grid_last_state_only,0.66,37,20090415021434,0,0,both,True
grid_last_state_only,0.66,37,20090415053841,0,0,both,True
grid_last_state_only,0.66,37,20090415095346,0,0,both,True
grid_last_state_only,0.66,37,20090416000510,0,0,both,True
grid_last_state_only,0.66,37,20090416015706,0,0,both,True
grid_last_state_only,0.66,37,20090416060054,0,0,both,True
grid_last_state_only,0.66,37,20090416105528,17,17,both,True
grid_last_state_only,0.66,37,20090416231030,0,0,both,True
grid_last_state_only,0.66,37,20090417084221,0,0,both,True
grid_last_state_only,0.66,37,20090418004033,0,0,both,True
grid_last_state_only,0.66,37,20090418025919,0,0,both,True
grid_last_state_only,0.66,37,20090418071235,0,0,both,True
grid_last_state_only,0.66,37,20090418100418,0,0,both,True
grid_last_state_only,0.66,37,20090419123615,0,0,both,True
grid_last_state_only,0.66,37,20090420054955,0,0,both,True
grid_last_state_only,0.66,37,20090421021702,0,0,both,True
grid_last_state_only,0.66,37,20090429121018,0,0,both,True
grid_last_state_only,0.66,37,20090710082418,0,0,both,True
grid_last_state_only,0.66,37,20090711025530,0,0,both,True
grid_last_state_only,0.66,37,20090711074039,0,0,both,True
grid_last_state_only,0.66,37,20090713004736,0,0,both,True
grid_last_state_only,0.66,37,20090713040933,0,0,both,True
grid_last_state_only,0.66,37,20090713232437,4,4,both,True
grid_last_state_only,0.66,37,20090713234910,0,0,both,True
grid_last_state_only,0.66,37,20090714081132,0,0,both,True
grid_last_state_only,0.66,37,20090714081826,0,0,both,True
grid_last_state_only,0.66,37,20090714235210,0,0,both,True
grid_last_state_only,0.66,37,20090715235505,0,0,both,True
grid_last_state_only,0.66,37,20090717064434,0,0,both,True
grid_last_state_only,0.66,37,20090719222647,0,0,both,True
grid_last_state_only,0.66,37,20090720231809,0,0,both,True
grid_last_state_only,0.66,37,20090722000259,0,0,both,True
grid_last_state_only,0.66,37,20090724195433,0,0,both,True
grid_last_state_only,0.66,37,20090730101508,0,0,both,True
grid_last_state_only,0.66,38,20090410124138,4,4,both,True
grid_last_state_only,0.66,38,20090410223116,4,4,both,True
grid_last_state_only,0.66,38,20090412021706,3,3,both,True
grid_last_state_only,0.66,38,20090412125448,4,4,both,True
grid_last_state_only,0.66,38,20090413002310,4,4,both,True
grid_last_state_only,0.66,38,20090414223045,4,4,both,True
grid_last_state_only,0.66,38,20090415091526,4,4,both,True
grid_last_state_only,0.66,38,20090416085408,4,4,both,True
grid_last_state_only,0.66,38,20090417034936,4,4,both,True
grid_last_state_only,0.66,38,20090418002306,4,4,both,True
grid_last_state_only,0.66,38,20090420014909,3,3,both,True
grid_last_state_only,0.66,38,20090422033246,4,4,both,True
grid_last_state_only,0.66,38,20090709081828,11,11,both,True
grid_last_state_only,0.66,38,20090710051732,4,4,both,True
grid_last_state_only,0.66,38,20090711114358,11,11,both,True
grid_last_state_only,0.66,38,20090712094253,11,11,both,True
grid_last_state_only,0.66,38,20090714101239,4,4,both,True
grid_last_state_only,0.66,38,20090714233650,3,3,both,True
grid_last_state_only,0.66,38,20090715231037,11,11,both,True
grid_last_state_only,0.66,38,20090716053929,4,4,both,True
grid_last_state_only,0.66,38,20090717053438,3,3,both,True
grid_last_state_only,0.66,38,20090718043013,1,1,both,True
grid_last_state_only,0.66,38,20090718083524,4,4,both,True
grid_last_state_only,0.66,38,20090719040838,11,11,both,True
grid_last_state_only,0.66,38,20090720080933,4,4,both,True
grid_last_state_only,0.66,38,20090723012633,4,4,both,True
grid_last_state_only,0.66,39,20090611095140,14,14,both,True
grid_last_state_only,0.66,39,20090612000513,1,1,both,True
grid_last_state_only,0.66,39,20090612112705,14,14,both,True
grid_last_state_only,0.66,39,20090613040756,2,2,both,True
grid_last_state_only,0.66,39,20090614114654,14,14,both,True
grid_last_state_only,0.66,39,20090615000438,14,14,both,True
grid_last_state_only,0.66,39,20090615094738,2,2,both,True
grid_last_state_only,0.66,39,20090616000719,1,1,both,True
grid_last_state_only,0.66,39,20090616094433,14,14,both,True
grid_last_state_only,0.66,39,20090617000200,1,1,both,True
grid_last_state_only,0.66,39,20090617095205,14,14,both,True
grid_last_state_only,0.66,39,20090617232821,32,32,both,True
grid_last_state_only,0.66,39,20090618103325,14,14,both,True
grid_last_state_only,0.66,39,20090619094325,14,14,both,True
grid_last_state_only,0.66,39,20090619230550,14,14,both,True
grid_last_state_only,0.66,39,20090620115005,14,14,both,True
grid_last_state_only,0.66,39,20090621070937,2,2,both,True
grid_last_state_only,0.66,39,20090622000238,1,1,both,True
grid_last_state_only,0.66,39,20090622095036,14,14,both,True
grid_last_state_only,0.66,39,20090623095056,14,14,both,True
grid_last_state_only,0.66,39,20090624000338,14,14,both,True
grid_last_state_only,0.66,39,20090624094458,14,14,both,True
grid_last_state_only,0.66,39,20090625000532,1,1,both,True
grid_last_state_only,0.66,39,20090625094635,14,14,both,True
grid_last_state_only,0.66,39,20090626000538,1,1,both,True
grid_last_state_only,0.66,39,20090626110001,14,14,both,True
grid_last_state_only,0.66,39,20090626211826,13,13,both,True
grid_last_state_only,0.66,39,20090628034817,2,2,both,True
grid_last_state_only,0.66,39,20090628234328,14,14,both,True
grid_last_state_only,0.66,39,20090629094605,1,1,both,True
grid_last_state_only,0.66,39,20090630000205,14,14,both,True
grid_last_state_only,0.66,39,20090630094433,14,14,both,True
grid_last_state_only,0.66,39,20090701000224,1,1,both,True
grid_last_state_only,0.66,39,20090701093936,1,1,both,True
grid_last_state_only,0.66,39,20090702000204,1,1,both,True
grid_last_state_only,0.66,39,20090702103027,14,14,both,True
grid_last_state_only,0.66,39,20090703093804,2,2,both,True
grid_last_state_only,0.66,39,20090704024525,2,2,both,True
grid_last_state_only,0.66,39,20090704132701,1,1,both,True
grid_last_state_only,0.66,39,20090705053006,14,14,both,True
grid_last_state_only,0.66,39,20090706111727,14,14,both,True
grid_last_state_only,0.66,39,20090706233342,14,14,both,True
grid_last_state_only,0.66,39,20090707113005,14,14,both,True
grid_last_state_only,0.66,39,20090707235526,14,14,both,True
grid_last_state_only,0.66,39,20090708103301,14,14,both,True
grid_last_state_only,0.66,39,20090708233906,14,14,both,True
grid_last_state_only,0.66,39,20090709102054,14,14,both,True
grid_last_state_only,0.66,39,20090709234004,1,1,both,True
grid_last_state_only,0.66,39,20090710094259,14,14,both,True
grid_last_state_only,0.66,39,20090711043552,2,2,both,True
grid_last_state_only,0.66,39,20090712041628,2,2,both,True
grid_last_state_only,0.66,39,20090712234404,14,14,both,True
grid_last_state_only,0.66,39,20090713113106,14,14,both,True
grid_last_state_only,0.66,39,20090713235707,1,1,both,True
grid_last_state_only,0.66,39,20090714114356,14,14,both,True
grid_last_state_only,0.66,39,20090714233956,14,14,both,True
grid_last_state_only,0.66,51,20080217140611,12,12,both,True
grid_last_state_only,0.66,51,20080218192042,12,12,both,True
grid_last_state_only,0.66,51,20080219123720,11,11,both,True
grid_last_state_only,0.66,51,20080221105029,2,2,both,True
grid_last_state_only,0.66,51,20080222090047,2,2,both,True
grid_last_state_only,0.66,51,20080309120949,2,2,both,True
grid_last_state_only,0.66,51,20080324085807,2,2,both,True
grid_last_state_only,0.66,51,20080326153045,2,2,both,True
grid_last_state_only,0.66,51,20080328085804,2,2,both,True
grid_last_state_only,0.66,51,20080329111039,2,2,both,True
grid_last_state_only,0.66,51,20080430181146,2,2,both,True
grid_last_state_only,0.66,52,20080819232504,14,14,both,True
grid_last_state_only,0.66,52,20080821232859,14,14,both,True
grid_last_state_only,0.66,52,20080822085236,0,0,both,True
grid_last_state_only,0.66,52,20080824233822,14,14,both,True
grid_last_state_only,0.66,52,20080825085006,0,0,both,True
grid_last_state_only,0.66,52,20080826232036,14,14,both,True
grid_last_state_only,0.66,52,20080827111000,0,0,both,True
grid_last_state_only,0.66,52,20080831073208,0,0,both,True
grid_last_state_only,0.66,52,20080831233436,14,14,both,True
grid_last_state_only,0.66,52,20080901114634,0,0,both,True
grid_last_state_only,0.66,52,20080902055635,0,0,both,True
grid_last_state_only,0.66,52,20081001224837,0,0,both,True
grid_last_state_only,0.66,52,20081003042430,0,0,both,True
grid_last_state_only,0.66,52,20081005094923,14,14,both,True
grid_last_state_only,0.66,52,20081006134237,14,14,both,True
grid_last_state_only,0.66,52,20081006235830,14,14,both,True
grid_last_state_only,0.66,52,20081007111938,14,14,both,True
grid_last_state_only,0.66,52,20081008035138,0,0,both,True
grid_last_state_only,0.66,52,20081009100736,0,0,both,True
grid_last_state_only,0.66,52,20081010011727,14,14,both,True
grid_last_state_only,0.66,52,20081010120707,0,0,both,True
grid_last_state_only,0.66,52,20081011033025,0,0,both,True
grid_last_state_only,0.66,52,20081012064254,0,0,both,True
grid_last_state_only,0.66,52,20081017050637,0,0,both,True
grid_last_state_only,0.66,52,20081030050200,0,0,both,True
grid_last_state_only,0.66,62,20081103005437,0,0,both,True
grid_last_state_only,0.66,62,20081103015601,0,0,both,True
grid_last_state_only,0.66,62,20081103025353,0,0,both,True
grid_last_state_only,0.66,62,20081103115039,0,0,both,True
grid_last_state_only,0.66,62,20081104010333,0,0,both,True
grid_last_state_only,0.66,62,20081104013441,0,0,both,True
grid_last_state_only,0.66,62,20081104041114,0,0,both,True
grid_last_state_only,0.66,62,20081104063603,0,0,both,True
grid_last_state_only,0.66,62,20081105010014,16,16,both,True
grid_last_state_only,0.66,62,20081105023944,16,16,both,True
grid_last_state_only,0.66,62,20081105032159,0,0,both,True
grid_last_state_only,0.66,62,20081105044046,13,13,both,True
grid_last_state_only,0.66,62,20081105053031,158,158,both,True
grid_last_state_only,0.66,62,20081105060230,0,0,both,True
grid_last_state_only,0.66,62,20081105083830,0,0,both,True
grid_last_state_only,0.66,62,20081105085221,3,3,both,True
grid_last_state_only,0.66,62,20081105102345,0,0,both,True
grid_last_state_only,0.66,62,20081105104452,16,16,both,True
grid_last_state_only,0.66,62,20081105111108,0,0,both,True
grid_last_state_only,0.66,62,20081105112326,0,0,both,True
grid_last_state_only,0.66,62,20081105123909,0,0,both,True
grid_last_state_only,0.66,62,20081105124617,0,0,both,True
grid_last_state_only,0.66,62,20081106011127,0,0,both,True
grid_last_state_only,0.66,62,20081106011708,164,164,both,True
grid_last_state_only,0.66,62,20081106020014,164,164,both,True
grid_last_state_only,0.66,62,20081106024201,5,5,both,True
grid_last_state_only,0.66,62,20081106031826,0,0,both,True
grid_last_state_only,0.66,62,20081106064828,16,16,both,True
grid_last_state_only,0.66,62,20081106071234,0,0,both,True
grid_last_state_only,0.66,62,20081106085050,0,0,both,True
grid_last_state_only,0.66,62,20081106092632,0,0,both,True
grid_last_state_only,0.66,62,20081106093504,0,0,both,True
grid_last_state_only,0.66,62,20081106104833,0,0,both,True
grid_last_state_only,0.66,62,20081106112738,0,0,both,True
grid_last_state_only,0.66,62,20081106113950,0,0,both,True
grid_last_state_only,0.66,62,20081107000607,0,0,both,True
grid_last_state_only,0.66,62,20081107003353,0,0,both,True
grid_last_state_only,0.66,62,20081107121527,0,0,both,True
grid_last_state_only,0.66,62,20081107122148,13,13,both,True
grid_last_state_only,0.66,62,20081108042815,0,0,both,True
grid_last_state_only,0.66,62,20081108060646,0,0,both,True
grid_last_state_only,0.66,62,20081109013429,0,0,both,True
grid_last_state_only,0.66,62,20081109053559,0,0,both,True
grid_last_state_only,0.66,62,20081109062802,0,0,both,True
grid_last_state_only,0.66,62,20081109080315,0,0,both,True
grid_last_state_only,0.66,62,20081109083245,3,3,both,True
grid_last_state_only,0.66,62,20081109093929,0,0,both,True
grid_last_state_only,0.66,62,20081109095422,0,0,both,True
grid_last_state_only,0.66,62,20081109100916,0,0,both,True
grid_last_state_only,0.66,62,20081109110807,0,0,both,True
grid_last_state_only,0.66,62,20081110013116,162,162,both,True
grid_last_state_only,0.66,62,20081110030128,164,164,both,True
grid_last_state_only,0.66,62,20081110030808,3,3,both,True
grid_last_state_only,0.66,62,20081110032953,158,158,both,True
grid_last_state_only,0.66,62,20081110042038,16,16,both,True
grid_last_state_only,0.66,62,20081110111835,0,0,both,True
grid_last_state_only,0.66,62,20081111021901,0,0,both,True
grid_last_state_only,0.66,62,20081111042301,0,0,both,True
grid_last_state_only,0.66,62,20081111045929,153,153,both,True
grid_last_state_only,0.66,62,20081111052247,154,154,both,True
grid_last_state_only,0.66,62,20081111080126,162,162,both,True
grid_last_state_only,0.66,62,20081111084153,0,0,both,True
grid_last_state_only,0.66,62,20081111090528,3,3,both,True
grid_last_state_only,0.66,62,20081111095640,3,3,both,True
grid_last_state_only,0.66,62,20081111103634,0,0,both,True
grid_last_state_only,0.66,62,20081112012435,0,0,both,True
grid_last_state_only,0.66,62,20081112013226,0,0,both,True
grid_last_state_only,0.66,62,20081112021100,0,0,both,True
grid_last_state_only,0.66,62,20081112033338,0,0,both,True
grid_last_state_only,0.66,62,20081112101140,0,0,both,True
grid_last_state_only,0.66,62,20081112101655,0,0,both,True
grid_last_state_only,0.66,62,20081112105415,3,3,both,True
grid_last_state_only,0.66,62,20081113010001,0,0,both,True
grid_last_state_only,0.66,62,20081113012910,0,0,both,True
grid_last_state_only,0.66,62,20081113095812,16,16,both,True
grid_last_state_only,0.66,62,20081113110912,0,0,both,True
grid_last_state_only,0.66,62,20081113124253,0,0,both,True
grid_last_state_only,0.66,62,20081114010438,0,0,both,True
grid_last_state_only,0.66,62,20081114101455,16,16,both,True
grid_last_state_only,0.66,62,20081114105400,0,0,both,True
grid_last_state_only,0.66,62,20081115010837,3,3,both,True
grid_last_state_only,0.66,62,20081115015759,149,149,both,True
grid_last_state_only,0.66,62,20081115030457,56,56,both,True
grid_last_state_only,0.66,62,20081116061411,149,149,both,True
grid_last_state_only,0.66,62,20081116081559,0,0,both,True
grid_last_state_only,0.66,62,20081116084956,0,0,both,True
grid_last_state_only,0.66,62,20081116093710,0,0,both,True
grid_last_state_only,0.66,62,20081117010846,164,164,both,True
grid_last_state_only,0.66,62,20081203010728,0,0,both,True
grid_last_state_only,0.66,62,20081204010407,0,0,both,True
grid_last_state_only,0.66,62,20081204012250,0,0,both,True
grid_last_state_only,0.66,62,20081204060141,0,0,both,True
grid_last_state_only,0.66,62,20081204085719,0,0,both,True
grid_last_state_only,0.66,62,20081204101128,0,0,both,True
grid_last_state_only,0.66,62,20081205011235,164,164,both,True
grid_last_state_only,0.66,62,20081205023009,154,154,both,True
grid_last_state_only,0.66,62,20081205081804,154,154,both,True
grid_last_state_only,0.66,62,20081205082456,4,4,both,True
grid_last_state_only,0.66,62,20081205095048,0,0,both,True
grid_last_state_only,0.66,62,20081206040631,0,0,both,True
grid_last_state_only,0.66,62,20081206100322,0,0,both,True
grid_last_state_only,0.66,62,20081207023122,0,0,both,True
grid_last_state_only,0.66,62,20081207080318,0,0,both,True
grid_last_state_only,0.66,62,20081207082100,0,0,both,True
grid_last_state_only,0.66,62,20081207083840,0,0,both,True
grid_last_state_only,0.66,62,20081207085047,0,0,both,True
grid_last_state_only,0.66,62,20081207092914,0,0,both,True
grid_last_state_only,0.66,62,20081207110215,0,0,both,True
grid_last_state_only,0.66,62,20081208070512,0,0,both,True
grid_last_state_only,0.66,62,20081208095853,0,0,both,True
grid_last_state_only,0.66,62,20081208104810,0,0,both,True
grid_last_state_only,0.66,62,20081208110023,0,0,both,True
grid_last_state_only,0.66,62,20081209010002,4,4,both,True
grid_last_state_only,0.66,62,20081209083554,60,60,both,True
grid_last_state_only,0.66,62,20081209090839,0,0,both,True
grid_last_state_only,0.66,62,20081209093448,0,0,both,True
grid_last_state_only,0.66,62,20081209094610,0,0,both,True
grid_last_state_only,0.66,62,20081209123601,0,0,both,True
grid_last_state_only,0.66,62,20081210055344,0,0,both,True
grid_last_state_only,0.66,62,20081210084524,0,0,both,True
grid_last_state_only,0.66,62,20081210093042,0,0,both,True
grid_last_state_only,0.66,62,20081211013737,0,0,both,True
grid_last_state_only,0.66,62,20081211020211,16,16,both,True
grid_last_state_only,0.66,62,20081211035950,16,16,both,True
grid_last_state_only,0.66,62,20081211040737,0,0,both,True
grid_last_state_only,0.66,62,20081211051513,0,0,both,True
grid_last_state_only,0.66,62,20081212010000,164,164,both,True
grid_last_state_only,0.66,62,20081212011859,16,16,both,True
grid_last_state_only,0.66,62,20081212013950,0,0,both,True
grid_last_state_only,0.66,62,20081212082600,0,0,both,True
grid_last_state_only,0.66,62,20081212101946,0,0,both,True
grid_last_state_only,0.66,62,20081212102654,16,16,both,True
grid_last_state_only,0.66,62,20081212122437,0,0,both,True
grid_last_state_only,0.66,62,20081212123313,60,60,both,True
grid_last_state_only,0.66,62,20081212124756,4,4,both,True
grid_last_state_only,0.66,62,20081213031012,0,0,both,True
grid_last_state_only,0.66,62,20081213041039,0,0,both,True
grid_last_state_only,0.66,62,20081213083317,0,0,both,True
grid_last_state_only,0.66,62,20081213085201,3,3,both,True
grid_last_state_only,0.66,62,20081213101537,0,0,both,True
grid_last_state_only,0.66,62,20081213104202,0,0,both,True
grid_last_state_only,0.66,62,20081214013702,0,0,both,True
grid_last_state_only,0.66,62,20081214032551,0,0,both,True
grid_last_state_only,0.66,62,20081215032028,0,0,both,True
grid_last_state_only,0.66,62,20081215035525,164,164,both,True
grid_last_state_only,0.66,65,20111001075633,17,17,both,True
grid_last_state_only,0.66,65,20111001163901,17,17,both,True
grid_last_state_only,0.66,65,20111003025152,17,17,both,True
grid_last_state_only,0.66,65,20111004071203,17,17,both,True
grid_last_state_only,0.66,65,20111005004827,14,14,both,True
grid_last_state_only,0.66,65,20111005143605,17,17,both,True
grid_last_state_only,0.66,65,20111006041158,17,17,both,True
grid_last_state_only,0.66,65,20111008004733,9,9,both,True
grid_last_state_only,0.66,65,20111008134933,17,17,both,True
grid_last_state_only,0.66,65,20111009012500,9,9,both,True
grid_last_state_only,0.66,65,20111009120503,17,17,both,True
grid_last_state_only,0.66,65,20111010010951,9,9,both,True
grid_last_state_only,0.66,65,20111010105222,17,17,both,True
grid_last_state_only,0.66,65,20111011011203,9,9,both,True
grid_last_state_only,0.66,65,20111012120903,17,17,both,True
grid_last_state_only,0.66,65,20111013010933,9,9,both,True
grid_last_state_only,0.66,65,20111014005928,9,9,both,True
grid_last_state_only,0.66,65,20111014095751,17,17,both,True
grid_last_state_only,0.66,65,20111015014827,0,0,both,True
grid_last_state_only,0.66,65,20111016005657,17,17,both,True
grid_last_state_only,0.66,65,20111018004457,9,9,both,True
grid_last_state_only,0.66,65,20111018080247,0,0,both,True
grid_last_state_only,0.66,65,20111019004851,9,9,both,True
grid_last_state_only,0.66,65,20111022024141,9,9,both,True
grid_last_state_only,0.66,65,20111023043229,17,17,both,True
grid_last_state_only,0.66,65,20111024012351,9,9,both,True
grid_last_state_only,0.66,65,20111024120905,17,17,both,True
grid_last_state_only,0.66,65,20111025003027,9,9,both,True
grid_last_state_only,0.66,65,20111025085403,0,0,both,True
grid_last_state_only,0.66,65,20111027004021,9,9,both,True
grid_last_state_only,0.66,68,20090630205134,6,6,both,True
grid_last_state_only,0.66,68,20090701074905,0,0,both,True
grid_last_state_only,0.66,68,20090701181923,6,6,both,True
grid_last_state_only,0.66,68,20090702074805,0,0,both,True
grid_last_state_only,0.66,68,20090702205953,6,6,both,True
grid_last_state_only,0.66,68,20090703073758,0,0,both,True
grid_last_state_only,0.66,68,20090703185151,6,6,both,True
grid_last_state_only,0.66,68,20090704104258,6,6,both,True
grid_last_state_only,0.66,68,20090705105928,0,0,both,True
grid_last_state_only,0.66,68,20090705235905,0,0,both,True
grid_last_state_only,0.66,68,20090706064435,0,0,both,True
grid_last_state_only,0.66,68,20090706234533,0,0,both,True
grid_last_state_only,0.66,68,20090708001134,0,0,both,True
grid_last_state_only,0.66,68,20090708144605,6,6,both,True
grid_last_state_only,0.66,68,20090708233822,6,6,both,True
grid_last_state_only,0.66,68,20090709085503,6,6,both,True
grid_last_state_only,0.66,68,20090709143513,0,0,both,True
grid_last_state_only,0.66,68,20090709235104,0,0,both,True
grid_last_state_only,0.66,68,20090710090629,6,6,both,True
grid_last_state_only,0.66,68,20090711012705,6,6,both,True
grid_last_state_only,0.66,68,20090711092304,6,6,both,True
grid_last_state_only,0.66,68,20090712064105,0,0,both,True
grid_last_state_only,0.66,68,20090713045105,0,0,both,True
grid_last_state_only,0.66,68,20090713140828,6,6,both,True
grid_last_state_only,0.66,68,20090715002935,0,0,both,True
grid_last_state_only,0.66,68,20090715121905,6,6,both,True
grid_last_state_only,0.66,68,20090715215034,0,0,both,True
grid_last_state_only,0.66,68,20090716111259,4,4,both,True
grid_last_state_only,0.66,68,20090717074427,4,4,both,True
grid_last_state_only,0.66,68,20090717213805,0,0,both,True
grid_last_state_only,0.66,68,20090719030259,6,6,both,True
grid_last_state_only,0.66,68,20090719115152,6,6,both,True
grid_last_state_only,0.66,68,20090719235707,6,6,both,True
grid_last_state_only,0.66,68,20090720103922,8,8,both,True
grid_last_state_only,0.66,68,20090721111753,8,8,both,True
grid_last_state_only,0.66,68,20090722002059,6,6,both,True
grid_last_state_only,0.66,68,20090723022153,6,6,both,True
grid_last_state_only,0.66,68,20090724024547,6,6,both,True
grid_last_state_only,0.66,68,20090725024235,0,0,both,True
grid_last_state_only,0.66,68,20090726012536,6,6,both,True
grid_last_state_only,0.66,68,20090726133122,6,6,both,True
grid_last_state_only,0.66,68,20090727033605,0,0,both,True
grid_last_state_only,0.66,68,20090728003024,0,0,both,True
grid_last_state_only,0.66,68,20090728235053,4,4,both,True
grid_last_state_only,0.66,68,20090730024623,4,4,both,True
grid_last_state_only,0.66,68,20090731022320,4,4,both,True
grid_last_state_only,0.66,68,20090801004504,4,4,both,True
grid_last_state_only,0.66,68,20090802072835,6,6,both,True
grid_last_state_only,0.66,68,20090803092652,6,6,both,True
grid_last_state_only,0.66,68,20090803220235,6,6,both,True
grid_last_state_only,0.66,68,20090805041404,6,6,both,True
grid_last_state_only,0.66,68,20090805190322,4,4,both,True
grid_last_state_only,0.66,68,20090807023405,0,0,both,True
grid_last_state_only,0.66,68,20090808053222,6,6,both,True
grid_last_state_only,0.66,68,20090809094405,6,6,both,True
grid_last_state_only,0.66,68,20090810032021,6,6,both,True
grid_last_state_only,0.66,68,20090810183104,8,8,both,True
grid_last_state_only,0.66,68,20090813015422,6,6,both,True
grid_last_state_only,0.66,68,20090814072529,6,6,both,True
grid_last_state_only,0.66,68,20090814181033,6,6,both,True
grid_last_state_only,0.66,68,20090816052035,0,0,both,True
grid_last_state_only,0.66,68,20090816134451,6,6,both,True
grid_last_state_only,0.66,68,20090817104629,6,6,both,True
grid_last_state_only,0.66,68,20090818012535,0,0,both,True
grid_last_state_only,0.66,68,20090818101222,0,0,both,True
grid_last_state_only,0.66,68,20090819010505,6,6,both,True
grid_last_state_only,0.66,68,20090819122858,0,0,both,True
grid_last_state_only,0.66,68,20090820004357,6,6,both,True
grid_last_state_only,0.66,68,20090821091927,6,6,both,True
grid_last_state_only,0.66,68,20090822103421,0,0,both,True
grid_last_state_only,0.66,68,20090823073459,6,6,both,True
grid_last_state_only,0.66,68,20090824010435,6,6,both,True
grid_last_state_only,0.66,68,20090825064227,6,6,both,True
grid_last_state_only,0.66,68,20090826003333,0,0,both,True
grid_last_state_only,0.66,68,20090826122919,6,6,both,True
grid_last_state_only,0.66,68,20090827024729,0,0,both,True
grid_last_state_only,0.66,68,20090827110635,6,6,both,True
grid_last_state_only,0.66,68,20090828015903,0,0,both,True
grid_last_state_only,0.66,68,20090828100904,0,0,both,True
grid_last_state_only,0.66,68,20090829060159,6,6,both,True
grid_last_state_only,0.66,68,20090830053605,6,6,both,True
grid_last_state_only,0.66,68,20090831010452,0,0,both,True
grid_last_state_only,0.66,68,20090902004959,6,6,both,True
grid_last_state_only,0.66,68,20090904000334,0,0,both,True
grid_last_state_only,0.66,68,20090905031005,6,6,both,True
grid_last_state_only,0.66,68,20090905120929,6,6,both,True
grid_last_state_only,0.66,68,20090906022616,6,6,both,True
grid_last_state_only,0.66,68,20090906023120,6,6,both,True
grid_last_state_only,0.66,68,20090907000653,0,0,both,True
grid_last_state_only,0.66,68,20090907142605,6,6,both,True
grid_last_state_only,0.66,68,20090907233334,0,0,both,True
grid_last_state_only,0.66,68,20090908133634,0,0,both,True
grid_last_state_only,0.66,68,20090908234334,0,0,both,True
grid_last_state_only,0.66,68,20090909081304,6,6,both,True
grid_last_state_only,0.66,68,20090909235503,6,6,both,True
grid_last_state_only,0.66,68,20090910235728,6,6,both,True
grid_last_state_only,0.66,68,20090912021805,0,0,both,True
grid_last_state_only,0.66,68,20090912121851,6,6,both,True
grid_last_state_only,0.66,68,20090913013234,6,6,both,True
grid_last_state_only,0.66,71,20120401025128,1,1,both,True
grid_last_state_only,0.66,71,20120404051527,1,1,both,True
grid_last_state_only,0.66,71,20120407094504,2,2,both,True
grid_last_state_only,0.66,71,20120409015352,1,1,both,True
grid_last_state_only,0.66,71,20120409053858,2,2,both,True
grid_last_state_only,0.66,71,20120409130704,2,2,both,True
grid_last_state_only,0.66,71,20120412113604,2,2,both,True
grid_last_state_only,0.66,71,20120412235005,0,0,both,True
grid_last_state_only,0.66,71,20120414034358,1,1,both,True
grid_last_state_only,0.66,71,20120417092818,2,2,both,True
grid_last_state_only,0.66,71,20120419011052,1,1,both,True
grid_last_state_only,0.66,71,20120425150728,2,2,both,True
grid_last_state_only,0.66,71,20120426013640,1,1,both,True
grid_last_state_only,0.66,71,20120430083558,2,2,both,True
grid_last_state_only,0.66,71,20120504232458,2,2,both,True
grid_last_state_only,0.66,71,20120511140034,2,2,both,True
grid_last_state_only,0.66,71,20120513150457,2,2,both,True
grid_last_state_only,0.66,71,20120513230847,1,1,both,True
grid_last_state_only,0.66,85,20090614025506,7,7,both,True
grid_last_state_only,0.66,85,20090614121829,9,9,both,True
grid_last_state_only,0.66,85,20090615013707,39,39,both,True
grid_last_state_only,0.66,85,20090617020536,39,39,both,True
grid_last_state_only,0.66,85,20090617090807,7,7,both,True
grid_last_state_only,0.66,85,20090618065134,7,7,both,True
grid_last_state_only,0.66,85,20090619011407,39,39,both,True
grid_last_state_only,0.66,85,20090619093937,39,39,both,True
grid_last_state_only,0.66,85,20090620025025,39,39,both,True
grid_last_state_only,0.66,85,20090622012237,39,39,both,True
grid_last_state_only,0.66,85,20090622093855,9,9,both,True
grid_last_state_only,0.66,85,20090623011429,39,39,both,True
grid_last_state_only,0.66,85,20090623232900,9,9,both,True
grid_last_state_only,0.66,85,20090623233655,39,39,both,True
grid_last_state_only,0.66,85,20090624084534,9,9,both,True
grid_last_state_only,0.66,85,20090625234631,39,39,both,True
grid_last_state_only,0.66,85,20090626091732,7,7,both,True
grid_last_state_only,0.66,85,20090627014225,39,39,both,True
grid_last_state_only,0.66,85,20090627104937,9,9,both,True
grid_last_state_only,0.66,85,20090627235736,39,39,both,True
grid_last_state_only,0.66,85,20090629012308,9,9,both,True
grid_last_state_only,0.66,85,20090629092537,7,7,both,True
grid_last_state_only,0.66,85,20090701002752,9,9,both,True
grid_last_state_only,0.66,85,20090701012444,7,7,both,True
grid_last_state_only,0.66,85,20090701090337,7,7,both,True
grid_last_state_only,0.66,85,20090702013158,7,7,both,True
grid_last_state_only,0.66,85,20090703011734,9,9,both,True
grid_last_state_only,0.66,85,20090703012649,7,7,both,True
grid_last_state_only,0.66,85,20090703082122,9,9,both,True
grid_last_state_only,0.66,85,20090703231838,39,39,both,True
grid_last_state_only,0.66,85,20090705042531,39,39,both,True
grid_last_state_only,0.66,85,20090705224406,7,7,both,True
grid_last_state_only,0.66,85,20090706091838,7,7,both,True
grid_last_state_only,0.66,85,20090706230438,14,14,both,True
grid_last_state_only,0.66,85,20090707090828,2,2,both,True
grid_last_state_only,0.66,85,20090707225636,14,14,both,True
grid_last_state_only,0.66,85,20090708103205,7,7,both,True
grid_last_state_only,0.66,85,20090728224637,2,2,both,True
grid_last_state_only,0.66,85,20090729094626,7,7,both,True
grid_last_state_only,0.66,85,20090729224538,2,2,both,True
grid_last_state_only,0.66,85,20090731012359,14,14,both,True
grid_last_state_only,0.66,85,20090731143502,9,9,both,True
grid_last_state_only,0.66,85,20090731144247,39,39,both,True
grid_last_state_only,0.66,85,20090803041141,13,13,both,True
grid_last_state_only,0.66,85,20090806224424,7,7,both,True
grid_last_state_only,0.66,85,20090806224944,9,9,both,True
grid_last_state_only,0.66,85,20090808054506,7,7,both,True
grid_last_state_only,0.66,85,20090810010623,9,9,both,True
grid_last_state_only,0.66,85,20090811003034,7,7,both,True
grid_last_state_only,0.66,85,20090811112747,7,7,both,True
grid_last_state_only,0.66,85,20090812004828,9,9,both,True
grid_last_state_only,0.66,85,20090812113901,7,7,both,True
grid_last_state_only,0.66,85,20090815062008,7,7,both,True
grid_last_state_only,0.66,85,20090819113327,7,7,both,True
grid_last_state_only,0.66,85,20090821113358,39,39,both,True
grid_last_state_only,0.66,85,20090823235050,9,9,both,True
grid_last_state_only,0.66,85,20090824104328,7,7,both,True
grid_last_state_only,0.66,85,20090825112752,39,39,both,True
grid_last_state_only,0.66,85,20090826004628,9,9,both,True
grid_last_state_only,0.66,85,20090826120059,39,39,both,True
grid_last_state_only,0.66,85,20090827005251,9,9,both,True
grid_last_state_only,0.66,85,20090827133834,7,7,both,True
grid_last_state_only,0.66,85,20090831000922,9,9,both,True
grid_last_state_only,0.66,85,20090831113328,7,7,both,True
grid_last_state_only,0.66,85,20090831234852,39,39,both,True
grid_last_state_only,0.66,85,20090901110034,7,7,both,True
grid_last_state_only,0.66,85,20090902012058,9,9,both,True
grid_last_state_only,0.66,85,20090902084004,7,7,both,True
grid_last_state_only,0.66,85,20090903104733,7,7,both,True
grid_last_state_only,0.66,85,20090907010827,9,9,both,True
grid_last_state_only,0.66,85,20090907132604,39,39,both,True
grid_last_state_only,0.66,85,20090908003822,9,9,both,True
grid_last_state_only,0.66,85,20090908112534,39,39,both,True
grid_last_state_only,0.66,85,20090908120539,7,7,both,True
grid_last_state_only,0.66,85,20090909004052,9,9,both,True
grid_last_state_only,0.66,85,20090909114334,39,39,both,True
grid_last_state_only,0.66,85,20090910011022,9,9,both,True
grid_last_state_only,0.66,85,20090910111233,39,39,both,True
grid_last_state_only,0.66,85,20090911004404,9,9,both,True
grid_last_state_only,0.66,85,20090911105604,7,7,both,True
grid_last_state_only,0.66,85,20090912064500,13,13,both,True
grid_last_state_only,0.66,85,20090913233334,9,9,both,True
grid_last_state_only,0.66,85,20090914142328,7,7,both,True
grid_last_state_only,0.66,85,20090915122804,39,39,both,True
grid_last_state_only,0.66,85,20090915235904,9,9,both,True
grid_last_state_only,0.66,85,20090916114222,39,39,both,True
grid_last_state_only,0.66,85,20090917000404,9,9,both,True
grid_last_state_only,0.66,85,20090917140604,39,39,both,True
grid_last_state_only,0.66,85,20090918004028,9,9,both,True
grid_last_state_only,0.66,85,20090918103558,7,7,both,True
grid_last_state_only,0.66,85,20090920235003,39,39,both,True
grid_last_state_only,0.66,85,20090921114804,7,7,both,True
grid_last_state_only,0.66,85,20090922005527,9,9,both,True
grid_last_state_only,0.66,85,20090922112322,39,39,both,True
grid_last_state_only,0.66,85,20090923004734,9,9,both,True
grid_last_state_only,0.66,85,20090923114133,9,9,both,True
grid_last_state_only,0.66,85,20090924003152,9,9,both,True
grid_last_state_only,0.66,85,20090924102917,39,39,both,True
grid_last_state_only,0.66,85,20090925010022,9,9,both,True
grid_last_state_only,0.66,85,20090925110722,7,7,both,True
grid_last_state_only,0.66,85,20090927005434,9,9,both,True
grid_last_state_only,0.66,85,20090927113103,39,39,both,True
grid_last_state_only,0.66,85,20090928005404,9,9,both,True
grid_last_state_only,0.66,85,20090928104630,9,9,both,True
grid_last_state_only,0.66,88,20081008230701,1,1,both,True
grid_last_state_only,0.66,88,20081009110224,0,0,both,True
grid_last_state_only,0.66,88,20081010083431,4,4,both,True
grid_last_state_only,0.66,88,20081010093335,0,0,both,True
grid_last_state_only,0.66,88,20081011042923,0,0,both,True
grid_last_state_only,0.66,88,20081011060634,0,0,both,True
grid_last_state_only,0.66,88,20081011065339,0,0,both,True
grid_last_state_only,0.66,88,20081011085649,4,4,both,True
grid_last_state_only,0.66,88,20081012062217,4,4,both,True
grid_last_state_only,0.66,88,20081012070422,4,4,both,True
grid_last_state_only,0.66,88,20081012074052,4,4,both,True
grid_last_state_only,0.66,88,20081012075807,4,4,both,True
grid_last_state_only,0.66,89,20080608133334,16,16,both,True
grid_last_state_only,0.66,89,20080630042612,1,1,both,True
grid_last_state_only,0.66,89,20080630112527,0,0,both,True
grid_last_state_only,0.66,89,20080701013734,1,1,both,True
grid_last_state_only,0.66,89,20080701152128,0,0,both,True
grid_last_state_only,0.66,89,20080702024722,1,1,both,True
grid_last_state_only,0.66,89,20080702111733,8,8,both,True
grid_last_state_only,0.66,89,20080703232504,1,1,both,True
grid_last_state_only,0.66,89,20080704113017,0,0,both,True
grid_last_state_only,0.66,89,20080707015234,1,1,both,True
grid_last_state_only,0.66,89,20080707111403,0,0,both,True
grid_last_state_only,0.66,89,20080708040557,1,1,both,True
grid_last_state_only,0.66,89,20080708112620,8,8,both,True
grid_last_state_only,0.66,89,20080710112328,0,0,both,True
grid_last_state_only,0.66,89,20080801060709,3,3,both,True
grid_last_state_only,0.66,91,20071225091747,2,2,both,True
grid_last_state_only,0.66,91,20071226090757,0,0,both,True
grid_last_state_only,0.66,91,20071226222755,0,0,both,True
grid_last_state_only,0.66,91,20071229205638,0,0,both,True
grid_last_state_only,0.66,91,20071230151046,2,2,both,True
grid_last_state_only,0.66,91,20071231224803,0,0,both,True
grid_last_state_only,0.66,91,20080101092300,0,0,both,True
grid_last_state_only,0.66,91,20080103223737,0,0,both,True
grid_last_state_only,0.66,91,20080104094315,0,0,both,True
grid_last_state_only,0.66,91,20080104230531,0,0,both,True
grid_last_state_only,0.66,91,20080105133207,0,0,both,True
grid_last_state_only,0.66,91,20080106220745,0,0,both,True
grid_last_state_only,0.66,91,20080107095553,0,0,both,True
grid_last_state_only,0.66,91,20080107215023,0,0,both,True
grid_last_state_only,0.66,91,20080108092013,0,0,both,True
grid_last_state_only,0.66,91,20080108230737,0,0,both,True
grid_last_state_only,0.66,91,20080109222750,0,0,both,True
grid_last_state_only,0.66,91,20080110083725,2,2,both,True
grid_last_state_only,0.66,91,20080110221246,0,0,both,True
grid_last_state_only,0.66,91,20080111220619,0,0,both,True
grid_last_state_only,0.66,91,20080114222434,0,0,both,True
grid_last_state_only,0.66,91,20080115080303,0,0,both,True
grid_last_state_only,0.66,91,20080118230907,0,0,both,True
grid_last_state_only,0.66,92,20080609070837,9,9,both,True
grid_last_state_only,0.66,92,20080615000608,25,25,both,True
grid_last_state_only,0.66,92,20080615074701,3,3,both,True
grid_last_state_only,0.66,92,20080620065746,15,15,both,True
grid_last_state_only,0.66,92,20080620073920,3,3,both,True
grid_last_state_only,0.66,92,20080621132447,3,3,both,True
grid_last_state_only,0.66,92,20080621171637,3,3,both,True
grid_last_state_only,0.66,92,20080626112007,3,3,both,True
grid_last_state_only,0.66,92,20080626181626,3,3,both,True
grid_last_state_only,0.66,92,20080629095405,3,3,both,True
grid_last_state_only,0.66,92,20080703052933,3,3,both,True
grid_last_state_only,0.66,92,20080703142414,3,3,both,True
grid_last_state_only,0.66,92,20080705083321,25,25,both,True
grid_last_state_only,0.66,92,20080705191801,3,3,both,True
grid_last_state_only,0.66,92,20080707094314,3,3,both,True
grid_last_state_only,0.66,92,20080710083328,3,3,both,True
grid_last_state_only,0.66,92,20080714074403,25,25,both,True
grid_last_state_only,0.66,92,20080715131602,3,3,both,True
grid_last_state_only,0.66,92,20080715132532,3,3,both,True
grid_last_state_only,0.66,92,20080718073025,19,19,both,True
grid_last_state_only,0.66,92,20080719182301,3,3,both,True
grid_last_state_only,0.66,92,20080720155229,3,3,both,True
grid_last_state_only,0.66,92,20080721072245,3,3,both,True
grid_last_state_only,0.66,92,20080721174236,3,3,both,True
grid_last_state_only,0.66,92,20080723191215,3,3,both,True
grid_last_state_only,0.66,92,20080725173515,3,3,both,True
grid_last_state_only,0.66,92,20080728072301,3,3,both,True
grid_last_state_only,0.66,92,20080730161553,19,19,both,True
grid_last_state_only,0.66,92,20080802183007,3,3,both,True
grid_last_state_only,0.66,92,20080804123326,17,17,both,True
grid_last_state_only,0.66,92,20080806073008,19,19,both,True
grid_last_state_only,0.66,92,20080806235848,3,3,both,True
grid_last_state_only,0.66,92,20080811072411,3,3,both,True
grid_last_state_only,0.66,92,20080812073233,19,19,both,True
grid_last_state_only,0.66,92,20080813073848,19,19,both,True
grid_last_state_only,0.66,92,20080814074950,19,19,both,True
grid_last_state_only,0.66,96,20081026021723,1,1,both,True
grid_last_state_only,0.66,96,20081026113752,1,1,both,True
grid_last_state_only,0.66,96,20081027012336,2,2,both,True
grid_last_state_only,0.66,96,20081027052305,0,0,both,True
grid_last_state_only,0.66,96,20081027060537,1,1,both,True
grid_last_state_only,0.66,96,20081028111959,1,1,both,True
grid_last_state_only,0.66,96,20081030135435,1,1,both,True
grid_last_state_only,0.66,96,20081101013523,1,1,both,True
grid_last_state_only,0.66,96,20081105141854,1,1,both,True
grid_last_state_only,0.66,96,20081106023054,1,1,both,True
grid_last_state_only,0.66,96,20081107090836,1,1,both,True
grid_last_state_only,0.66,96,20081109014530,1,1,both,True
grid_last_state_only,0.66,96,20081109120329,1,1,both,True
grid_last_state_only,0.66,96,20081114044453,0,0,both,True
grid_last_state_only,0.66,96,20081115015705,1,1,both,True
grid_last_state_only,0.66,96,20081115105653,1,1,both,True
grid_last_state_only,0.66,96,20081116065153,1,1,both,True
grid_last_state_only,0.66,96,20081117023535,0,0,both,True
grid_last_state_only,0.66,96,20081117030757,0,0,both,True
grid_last_state_only,0.66,96,20081128113925,1,1,both,True
grid_last_state_only,0.66,96,20081129015805,0,0,both,True
grid_last_state_only,0.66,96,20081201120252,1,1,both,True
grid_last_state_only,0.66,96,20081203134752,1,1,both,True
grid_last_state_only,0.66,96,20081205054605,1,1,both,True
grid_last_state_only,0.66,96,20081208033705,0,0,both,True
grid_last_state_only,0.66,96,20081210094559,1,1,both,True
grid_last_state_only,0.66,96,20081211005853,0,0,both,True
grid_last_state_only,0.66,101,20080402055227,5,5,both,True
grid_last_state_only,0.66,101,20080402064856,5,5,both,True
grid_last_state_only,0.66,101,20080402125307,5,5,both,True
grid_last_state_only,0.66,101,20080402130216,5,5,both,True
grid_last_state_only,0.66,101,20080406052656,5,5,both,True
grid_last_state_only,0.66,101,20080407030128,5,5,both,True
grid_last_state_only,0.66,101,20080411121437,5,5,both,True
grid_last_state_only,0.66,101,20080418035836,5,5,both,True
grid_last_state_only,0.66,101,20080507062347,5,5,both,True
grid_last_state_only,0.66,101,20080507070528,5,5,both,True
grid_last_state_only,0.66,101,20080509115416,5,5,both,True
grid_last_state_only,0.66,101,20080522095436,5,5,both,True
grid_last_state_only,0.66,101,20080629025234,5,5,both,True
grid_last_state_only,0.66,101,20080629063734,5,5,both,True
grid_last_state_only,0.66,101,20080629075340,16,16,both,True
grid_last_state_only,0.66,101,20080629121541,5,5,both,True
grid_last_state_only,0.66,103,20080916044613,0,0,both,True
grid_last_state_only,0.66,103,20080916101236,2,2,both,True
grid_last_state_only,0.66,103,20080917110637,2,2,both,True
grid_last_state_only,0.66,103,20080917135224,2,2,both,True
grid_last_state_only,0.66,103,20080917231611,2,2,both,True
grid_last_state_only,0.66,103,20080918042849,0,0,both,True
grid_last_state_only,0.66,103,20080918070148,0,0,both,True
grid_last_state_only,0.66,103,20080919061140,0,0,both,True
grid_last_state_only,0.66,103,20080919070700,0,0,both,True
grid_last_state_only,0.66,103,20080919092921,0,0,both,True
grid_last_state_only,0.66,103,20080920061016,3,3,both,True
grid_last_state_only,0.66,103,20080920104637,2,2,both,True
grid_last_state_only,0.66,112,20080625011601,0,0,both,True
grid_last_state_only,0.66,112,20080625172633,0,0,both,True
grid_last_state_only,0.66,112,20080626031425,0,0,both,True
grid_last_state_only,0.66,112,20080626165615,0,0,both,True
grid_last_state_only,0.66,112,20080627103629,12,12,both,True
grid_last_state_only,0.66,112,20080628100846,0,0,both,True
grid_last_state_only,0.66,112,20080628165309,0,0,both,True
grid_last_state_only,0.66,112,20080629004633,28,28,both,True
grid_last_state_only,0.66,112,20080629043556,0,0,both,True
grid_last_state_only,0.66,112,20080629165831,0,0,both,True
grid_last_state_only,0.66,112,20080630015803,0,0,both,True
grid_last_state_only,0.66,112,20080630160716,0,0,both,True
grid_last_state_only,0.66,112,20080701052937,32,32,both,True
grid_last_state_only,0.66,112,20080701194739,0,0,both,True
grid_last_state_only,0.66,112,20080702020309,0,0,both,True
grid_last_state_only,0.66,112,20080702161309,0,0,both,True
grid_last_state_only,0.66,112,20080703015604,0,0,both,True
grid_last_state_only,0.66,112,20080703153003,0,0,both,True
grid_last_state_only,0.66,112,20080704021011,0,0,both,True
grid_last_state_only,0.66,112,20080704171509,0,0,both,True
grid_last_state_only,0.66,112,20080705053420,18,18,both,True
grid_last_state_only,0.66,112,20080705164758,0,0,both,True
grid_last_state_only,0.66,112,20080706014330,28,28,both,True
grid_last_state_only,0.66,112,20080706083034,28,28,both,True
grid_last_state_only,0.66,112,20080706173438,0,0,both,True
grid_last_state_only,0.66,112,20080707022437,0,0,both,True
grid_last_state_only,0.66,112,20080707162139,0,0,both,True
grid_last_state_only,0.66,112,20080708162052,0,0,both,True
grid_last_state_only,0.66,112,20080709012639,0,0,both,True
grid_last_state_only,0.66,112,20080709171521,0,0,both,True
grid_last_state_only,0.66,112,20080710022932,0,0,both,True
grid_last_state_only,0.66,112,20080710095337,0,0,both,True
grid_last_state_only,0.66,112,20080710114615,0,0,both,True
grid_last_state_only,0.66,112,20080711020311,0,0,both,True
grid_last_state_only,0.66,112,20080713004126,28,28,both,True
grid_last_state_only,0.66,112,20080713064523,0,0,both,True
grid_last_state_only,0.66,112,20080713093807,0,0,both,True
grid_last_state_only,0.66,112,20080713162846,0,0,both,True
grid_last_state_only,0.66,112,20080715125857,0,0,both,True
grid_last_state_only,0.66,112,20080715141929,18,18,both,True
grid_last_state_only,0.66,112,20080715165809,0,0,both,True
grid_last_state_only,0.66,112,20080716020639,18,18,both,True
grid_last_state_only,0.66,112,20080716103338,0,0,both,True
grid_last_state_only,0.66,112,20080716154342,18,18,both,True
grid_last_state_only,0.66,112,20080717012048,0,0,both,True
grid_last_state_only,0.66,112,20080717152304,0,0,both,True
grid_last_state_only,0.66,112,20080718013204,0,0,both,True
grid_last_state_only,0.66,119,20080922003552,0,0,both,True
grid_last_state_only,0.66,119,20080922141505,0,0,both,True
grid_last_state_only,0.66,119,20080923103305,0,0,both,True
grid_last_state_only,0.66,119,20080924010734,0,0,both,True
grid_last_state_only,0.66,119,20080925002004,0,0,both,True
grid_last_state_only,0.66,119,20080927005205,0,0,both,True
grid_last_state_only,0.66,119,20080927125153,0,0,both,True
grid_last_state_only,0.66,119,20080930070335,3,3,both,True
grid_last_state_only,0.66,119,20080930075522,0,0,both,True
grid_last_state_only,0.66,119,20081005041023,0,0,both,True
grid_last_state_only,0.66,119,20081006001735,0,0,both,True
grid_last_state_only,0.66,126,20081212033806,4,4,both,True
grid_last_state_only,0.66,126,20081213004659,41,41,both,True
grid_last_state_only,0.66,126,20081214061053,5,5,both,True
grid_last_state_only,0.66,126,20081215091804,4,4,both,True
grid_last_state_only,0.66,126,20081215092501,11,11,both,True
grid_last_state_only,0.66,126,20081216145734,11,11,both,True
grid_last_state_only,0.66,126,20081217012730,4,4,both,True
grid_last_state_only,0.66,126,20081220053722,4,4,both,True
grid_last_state_only,0.66,126,20081221091036,5,5,both,True
grid_last_state_only,0.66,126,20081222152354,11,11,both,True
grid_last_state_only,0.66,126,20081223021508,4,4,both,True
grid_last_state_only,0.66,126,20081223114649,4,4,both,True
grid_last_state_only,0.66,126,20081224083759,4,4,both,True
grid_last_state_only,0.66,126,20081224150332,11,11,both,True
grid_last_state_only,0.66,126,20081225013437,4,4,both,True
grid_last_state_only,0.66,126,20081225175024,11,11,both,True
grid_last_state_only,0.66,126,20081226014209,4,4,both,True
grid_last_state_only,0.66,126,20081228032227,5,5,both,True
grid_last_state_only,0.66,126,20081228171208,11,11,both,True
grid_last_state_only,0.66,126,20081229023536,4,4,both,True
grid_last_state_only,0.66,126,20081229160739,11,11,both,True
grid_last_state_only,0.66,126,20081231100109,4,4,both,True
grid_last_state_only,0.66,126,20090101140537,4,4,both,True
grid_last_state_only,0.66,126,20090106101155,11,11,both,True
grid_last_state_only,0.66,126,20090111132534,11,11,both,True
grid_last_state_only,0.66,126,20090112034936,4,4,both,True
grid_last_state_only,0.66,126,20090112162902,11,11,both,True
grid_last_state_only,0.66,126,20090113015238,11,11,both,True
grid_last_state_only,0.66,126,20090114122432,4,4,both,True
grid_last_state_only,0.66,126,20090115014729,5,5,both,True
grid_last_state_only,0.66,126,20090116023156,4,4,both,True
grid_last_state_only,0.66,126,20090116161154,11,11,both,True
grid_last_state_only,0.66,126,20090117023705,4,4,both,True
grid_last_state_only,0.66,126,20090118041307,11,11,both,True
grid_last_state_only,0.66,126,20090118143859,5,5,both,True
grid_last_state_only,0.66,126,20090119070358,4,4,both,True
grid_last_state_only,0.66,126,20090120055508,4,4,both,True
grid_last_state_only,0.66,126,20090121064258,4,4,both,True
grid_last_state_only,0.66,126,20090121183707,11,11,both,True
grid_last_state_only,0.66,126,20090122050259,8,8,both,True
grid_last_state_only,0.66,126,20090124035138,11,11,both,True
grid_last_state_only,0.66,126,20090125020229,11,11,both,True
grid_last_state_only,0.66,126,20090126054447,8,8,both,True
grid_last_state_only,0.66,126,20090128035001,11,11,both,True
grid_last_state_only,0.66,126,20090202105828,11,11,both,True
grid_last_state_only,0.66,126,20090203063004,4,4,both,True
grid_last_state_only,0.66,126,20090203143356,11,11,both,True
grid_last_state_only,0.66,126,20090204035659,11,11,both,True
grid_last_state_only,0.66,126,20090205033759,4,4,both,True
grid_last_state_only,0.66,126,20090206055100,4,4,both,True
grid_last_state_only,0.66,126,20090207004237,4,4,both,True
grid_last_state_only,0.66,126,20090207103659,11,11,both,True
grid_last_state_only,0.66,126,20090208012352,4,4,both,True
grid_last_state_only,0.66,126,20090210154623,11,11,both,True
grid_last_state_only,0.66,126,20090211044036,4,4,both,True
grid_last_state_only,0.66,126,20090213025810,4,4,both,True
grid_last_state_only,0.66,126,20090214035934,11,11,both,True
grid_last_state_only,0.66,126,20090215103622,5,5,both,True
grid_last_state_only,0.66,126,20090215180922,11,11,both,True
grid_last_state_only,0.66,126,20090216032915,4,4,both,True
grid_last_state_only,0.66,126,20090216172536,11,11,both,True
grid_last_state_only,0.66,126,20090217015359,4,4,both,True
grid_last_state_only,0.66,126,20090222102105,4,4,both,True
grid_last_state_only,0.66,134,20080103185715,5,5,both,True
grid_last_state_only,0.66,134,20080104192055,1,1,both,True
grid_last_state_only,0.66,134,20080105101716,1,1,both,True
grid_last_state_only,0.66,134,20080105224708,1,1,both,True
grid_last_state_only,0.66,134,20080107232831,4,4,both,True
grid_last_state_only,0.66,134,20080109110907,0,0,both,True
grid_last_state_only,0.66,134,20080111104704,0,0,both,True
grid_last_state_only,0.66,134,20080123204917,1,1,both,True
grid_last_state_only,0.66,134,20080124232414,1,1,both,True
grid_last_state_only,0.66,134,20080125214105,1,1,both,True
grid_last_state_only,0.66,134,20080126201731,1,1,both,True
grid_last_state_only,0.66,134,20080128232012,5,5,both,True
grid_last_state_only,0.66,134,20080131181918,0,0,both,True
grid_last_state_only,0.66,134,20080201122139,0,0,both,True
grid_last_state_only,0.66,134,20080204234133,1,1,both,True
grid_last_state_only,0.66,134,20080205091700,0,0,both,True
grid_last_state_only,0.66,144,20090320105734,8,8,both,True
grid_last_state_only,0.66,144,20090320220234,77,77,both,True
grid_last_state_only,0.66,144,20090321083221,39,39,both,True
grid_last_state_only,0.66,144,20090322014034,39,39,both,True
grid_last_state_only,0.66,144,20090323015052,39,39,both,True
grid_last_state_only,0.66,144,20090324004422,39,39,both,True
grid_last_state_only,0.66,144,20090326091104,67,67,both,True
grid_last_state_only,0.66,144,20090520102033,8,8,both,True
grid_last_state_only,0.66,144,20090521014154,16,16,both,True
grid_last_state_only,0.66,144,20090522002338,16,16,both,True
grid_last_state_only,0.66,144,20090522091556,8,8,both,True
grid_last_state_only,0.66,144,20090522221207,8,8,both,True
grid_last_state_only,0.66,144,20090525235137,21,21,both,True
grid_last_state_only,0.66,144,20090527145304,95,95,both,True
grid_last_state_only,0.66,144,20090529010040,95,95,both,True
grid_last_state_only,0.66,144,20090529232430,83,83,both,True
grid_last_state_only,0.66,144,20090531114801,8,8,both,True
grid_last_state_only,0.66,144,20090601112421,25,25,both,True
grid_last_state_only,0.66,144,20090601235432,25,25,both,True
grid_last_state_only,0.66,144,20090602235107,9,9,both,True
grid_last_state_only,0.66,144,20090603101837,8,8,both,True
grid_last_state_only,0.66,144,20090606065236,8,8,both,True
grid_last_state_only,0.66,144,20090607060603,0,0,both,True
grid_last_state_only,0.66,144,20090608235536,25,25,both,True
grid_last_state_only,0.66,144,20090609110322,8,8,both,True
grid_last_state_only,0.66,144,20090609235238,25,25,both,True
grid_last_state_only,0.66,144,20090613020636,67,67,both,True
grid_last_state_only,0.66,144,20090614073117,8,8,both,True
grid_last_state_only,0.66,144,20090614235131,9,9,both,True
grid_last_state_only,0.66,144,20090616024001,21,21,both,True
grid_last_state_only,0.66,144,20090616235600,8,8,both,True
grid_last_state_only,0.66,144,20090617102729,9,9,both,True
grid_last_state_only,0.66,144,20090620033405,67,67,both,True
grid_last_state_only,0.66,144,20090622113007,25,25,both,True
grid_last_state_only,0.66,144,20090622234605,9,9,both,True
grid_last_state_only,0.66,144,20090624235454,9,9,both,True
grid_last_state_only,0.66,144,20090625103805,9,9,both,True
grid_last_state_only,0.66,144,20090626000502,25,25,both,True
grid_last_state_only,0.66,144,20090627030407,8,8,both,True
grid_last_state_only,0.66,144,20090628061504,8,8,both,True
grid_last_state_only,0.66,144,20090628234833,9,9,both,True
grid_last_state_only,0.66,144,20090629235727,25,25,both,True
grid_last_state_only,0.66,144,20090701235103,9,9,both,True
grid_last_state_only,0.66,144,20090702235757,25,25,both,True
grid_last_state_only,0.66,144,20090704015352,71,71,both,True
grid_last_state_only,0.66,144,20090706033310,74,74,both,True
grid_last_state_only,0.66,144,20090707230534,74,74,both,True
grid_last_state_only,0.66,144,20090715203207,8,8,both,True
grid_last_state_only,0.66,144,20090715203922,25,25,both,True
grid_last_state_only,0.66,144,20090717111355,8,8,both,True
grid_last_state_only,0.66,144,20090719065636,7,7,both,True
grid_last_state_only,0.66,144,20090720000052,8,8,both,True
grid_last_state_only,0.66,144,20090722104535,8,8,both,True
grid_last_state_only,0.66,144,20090723102429,9,9,both,True
grid_last_state_only,0.66,144,20090723235233,25,25,both,True
grid_last_state_only,0.66,144,20090724100436,8,8,both,True
grid_last_state_only,0.66,144,20090725012937,8,8,both,True
grid_last_state_only,0.66,144,20090726084226,8,8,both,True
grid_last_state_only,0.66,144,20090726235306,9,9,both,True
grid_last_state_only,0.66,144,20090727110936,8,8,both,True
grid_last_state_only,0.66,144,20090728000707,16,16,both,True
grid_last_state_only,0.66,144,20090729001633,16,16,both,True
grid_last_state_only,0.66,144,20090729235433,9,9,both,True
grid_last_state_only,0.66,144,20090730104305,8,8,both,True
grid_last_state_only,0.66,144,20090731024535,67,67,both,True
grid_last_state_only,0.66,144,20090731233637,3,3,both,True
grid_last_state_only,0.66,144,20090802001036,4,4,both,True
grid_last_state_only,0.66,144,20090802235254,9,9,both,True
grid_last_state_only,0.66,144,20090803110500,25,25,both,True
grid_last_state_only,0.66,144,20090803235536,25,25,both,True
grid_last_state_only,0.66,144,20090804110750,8,8,both,True
grid_last_state_only,0.66,144,20090808060826,0,0,both,True
grid_last_state_only,0.66,144,20090808220159,8,8,both,True
grid_last_state_only,0.66,144,20090810235059,25,25,both,True
grid_last_state_only,0.66,144,20090811104834,89,89,both,True
grid_last_state_only,0.66,144,20090812100836,8,8,both,True
grid_last_state_only,0.66,144,20090813010535,16,16,both,True
grid_last_state_only,0.66,144,20090815031237,8,8,both,True
grid_last_state_only,0.66,144,20090816234933,9,9,both,True
grid_last_state_only,0.66,144,20090818104808,8,8,both,True
grid_last_state_only,0.66,144,20090819002103,16,16,both,True
grid_last_state_only,0.66,144,20090819093007,8,8,both,True
grid_last_state_only,0.66,144,20090819225202,84,84,both,True
grid_last_state_only,0.66,144,20090821003737,25,25,both,True
grid_last_state_only,0.66,144,20090821110053,8,8,both,True
grid_last_state_only,0.66,144,20090822075806,7,7,both,True
grid_last_state_only,0.66,144,20090823034437,0,0,both,True
grid_last_state_only,0.66,144,20090824101938,8,8,both,True
grid_last_state_only,0.66,144,20090825034334,96,96,both,True
grid_last_state_only,0.66,144,20090825235926,96,96,both,True
grid_last_state_only,0.66,144,20090827005038,96,96,both,True
grid_last_state_only,0.66,144,20090827114400,96,96,both,True
grid_last_state_only,0.66,144,20090828022936,8,8,both,True
grid_last_state_only,0.66,144,20090828154632,8,8,both,True
grid_last_state_only,0.66,144,20090830022303,8,8,both,True
grid_last_state_only,0.66,144,20090830235305,25,25,both,True
grid_last_state_only,0.66,144,20090903014903,0,0,both,True
grid_last_state_only,0.66,144,20090904034156,21,21,both,True
grid_last_state_only,0.66,144,20090905032524,8,8,both,True
grid_last_state_only,0.66,144,20090906023103,0,0,both,True
grid_last_state_only,0.66,144,20090906092908,16,16,both,True
grid_last_state_only,0.66,144,20090908234759,9,9,both,True
grid_last_state_only,0.66,144,20090909110407,8,8,both,True
grid_last_state_only,0.66,144,20090910004838,16,16,both,True
grid_last_state_only,0.66,144,20090911113635,8,8,both,True
grid_last_state_only,0.66,144,20090912053533,67,67,both,True
grid_last_state_only,0.66,144,20090913065703,8,8,both,True
grid_last_state_only,0.66,144,20090916001807,19,19,both,True
grid_last_state_only,0.66,144,20090916104304,8,8,both,True
grid_last_state_only,0.66,144,20090916234959,9,9,both,True
grid_last_state_only,0.66,144,20090917101935,8,8,both,True
grid_last_state_only,0.66,144,20090917235434,8,8,both,True
grid_last_state_only,0.66,144,20090918063018,8,8,both,True
grid_last_state_only,0.66,144,20090920052628,25,25,both,True
grid_last_state_only,0.66,144,20090920234831,9,9,both,True
grid_last_state_only,0.66,144,20090921102607,8,8,both,True
grid_last_state_only,0.66,144,20090921234959,25,25,both,True
grid_last_state_only,0.66,144,20090922235636,0,0,both,True
grid_last_state_only,0.66,144,20090923101746,7,7,both,True
grid_last_state_only,0.66,144,20090924054331,21,21,both,True
grid_last_state_only,0.66,147,20110429211108,3,3,both,True
grid_last_state_only,0.66,147,20110503092256,1,1,both,True
grid_last_state_only,0.66,147,20110503211058,3,3,both,True
grid_last_state_only,0.66,147,20110504090804,1,1,both,True
grid_last_state_only,0.66,147,20110504222727,3,3,both,True
grid_last_state_only,0.66,147,20110505093137,1,1,both,True
grid_last_state_only,0.66,147,20110509090537,1,1,both,True
grid_last_state_only,0.66,147,20110509213336,3,3,both,True
grid_last_state_only,0.66,147,20110510091728,1,1,both,True
grid_last_state_only,0.66,147,20110510220025,3,3,both,True
grid_last_state_only,0.66,147,20110511090033,1,1,both,True
grid_last_state_only,0.66,147,20110511220208,3,3,both,True
grid_last_state_only,0.66,147,20110512092100,1,1,both,True
grid_last_state_only,0.66,147,20110512213721,3,3,both,True
grid_last_state_only,0.66,147,20110513085630,1,1,both,True
grid_last_state_only,0.66,147,20110515092153,1,1,both,True
grid_last_state_only,0.66,147,20110516213330,3,3,both,True
grid_last_state_only,0.66,147,20110517221041,3,3,both,True
grid_last_state_only,0.66,147,20110518210025,3,3,both,True
grid_last_state_only,0.66,147,20110519084458,1,1,both,True
grid_last_state_only,0.66,168,20110808223334,5,5,both,True
grid_last_state_only,0.66,168,20110809130404,1,1,both,True
grid_last_state_only,0.66,168,20110809223728,5,5,both,True
grid_last_state_only,0.66,168,20110810114128,5,5,both,True
grid_last_state_only,0.66,168,20110810230703,5,5,both,True
grid_last_state_only,0.66,168,20110811111352,1,1,both,True
grid_last_state_only,0.66,168,20110813021333,0,0,both,True
grid_last_state_only,0.66,168,20110814082752,1,1,both,True
grid_last_state_only,0.66,168,20110814223234,5,5,both,True
grid_last_state_only,0.66,168,20110815094533,1,1,both,True
grid_last_state_only,0.66,168,20110815223434,5,5,both,True
grid_last_state_only,0.66,168,20110816121403,1,1,both,True
grid_last_state_only,0.66,168,20110816223828,5,5,both,True
grid_last_state_only,0.66,168,20110817113458,1,1,both,True
grid_last_state_only,0.66,168,20110817223957,5,5,both,True
grid_last_state_only,0.66,168,20110818101352,1,1,both,True
grid_last_state_only,0.66,168,20110820061322,5,5,both,True
grid_last_state_only,0.66,168,20110821223758,5,5,both,True
grid_last_state_only,0.66,168,20110822115552,1,1,both,True
grid_last_state_only,0.66,168,20110822224028,5,5,both,True
grid_last_state_only,0.66,168,20110823095558,1,1,both,True
grid_last_state_only,0.66,168,20110823224234,5,5,both,True
grid_last_state_only,0.66,168,20110824134528,1,1,both,True
grid_last_state_only,0.66,168,20110824224328,5,5,both,True
grid_last_state_only,0.66,179,20081021012324,0,0,both,True
grid_last_state_only,0.66,179,20081021110030,0,0,both,True
grid_last_state_only,0.66,179,20081026014505,0,0,both,True
grid_last_state_only,0.66,179,20081026113752,0,0,both,True
grid_last_state_only,0.66,179,20081027012336,9,9,both,True
grid_last_state_only,0.66,179,20081027123634,0,0,both,True
grid_last_state_only,0.66,179,20081027124519,0,0,both,True
grid_last_state_only,0.66,179,20081101013523,4,4,both,True
grid_last_state_only,0.66,179,20081106023054,4,4,both,True
grid_last_state_only,0.66,179,20081107090836,0,0,both,True
grid_last_state_only,0.66,179,20081109014530,0,0,both,True
grid_last_state_only,0.66,179,20081109120329,0,0,both,True
grid_last_state_only,0.66,179,20081115015705,9,9,both,True
grid_last_state_only,0.66,179,20081115105653,0,0,both,True
grid_last_state_only,0.66,179,20081116065153,0,0,both,True
grid_last_state_only,0.66,179,20081117025429,0,0,both,True
grid_last_state_only,0.66,179,20081117030421,0,0,both,True
grid_last_state_only,0.66,179,20081129015805,0,0,both,True
grid_last_state_only,0.75,0,20090603064302,4,4,both,True
grid_last_state_only,0.75,0,20090604053730,11,11,both,True
grid_last_state_only,0.75,0,20090605012707,0,0,both,True
grid_last_state_only,0.75,0,20090606060037,4,4,both,True
grid_last_state_only,0.75,0,20090607075255,4,4,both,True
grid_last_state_only,0.75,0,20090607163831,0,0,both,True
grid_last_state_only,0.75,0,20090608060034,4,4,both,True
grid_last_state_only,0.75,0,20090609002030,4,4,both,True
grid_last_state_only,0.75,0,20090610062438,4,4,both,True
grid_last_state_only,0.75,0,20090610223636,4,4,both,True
grid_last_state_only,0.75,0,20090611221204,4,4,both,True
grid_last_state_only,0.75,0,20090612072227,4,4,both,True
grid_last_state_only,0.75,0,20090612220336,11,11,both,True
grid_last_state_only,0.75,0,20090614065303,4,4,both,True
grid_last_state_only,0.75,0,20090615055603,0,0,both,True
grid_last_state_only,0.75,0,20090615183206,0,0,both,True
grid_last_state_only,0.75,0,20090616054128,4,4,both,True
grid_last_state_only,0.75,0,20090618005931,0,0,both,True
grid_last_state_only,0.75,0,20090619004036,4,4,both,True
grid_last_state_only,0.75,0,20090620024527,0,0,both,True
grid_last_state_only,0.75,0,20090621101407,4,4,both,True
grid_last_state_only,0.75,0,20090622095432,0,0,both,True
grid_last_state_only,0.75,0,20090623043635,4,4,both,True
grid_last_state_only,0.75,0,20090623233404,0,0,both,True
grid_last_state_only,0.75,0,20090624070430,4,4,both,True
grid_last_state_only,0.75,0,20090624215736,0,0,both,True
grid_last_state_only,0.75,0,20090625041631,16,16,both,True
grid_last_state_only,0.75,0,20090626101307,16,16,both,True
grid_last_state_only,0.75,0,20090627025208,16,16,both,True
grid_last_state_only,0.75,0,20090627101821,16,16,both,True
grid_last_state_only,0.75,0,20090628005229,4,4,both,True
grid_last_state_only,0.75,0,20090629011630,11,11,both,True
grid_last_state_only,0.75,0,20090629173335,0,0,both,True
grid_last_state_only,0.75,0,20090630045606,4,4,both,True
grid_last_state_only,0.75,0,20090701044033,4,4,both,True
grid_last_state_only,0.75,0,20090701171936,0,0,both,True
grid_last_state_only,0.75,0,20090702022530,0,0,both,True
grid_last_state_only,0.75,0,20090703002800,4,4,both,True
grid_last_state_only,0.75,0,20090704042634,4,4,both,True
grid_last_state_only,0.75,0,20090705025307,0,0,both,True
grid_last_state_only,0.75,16,20081202110923,3,3,both,True
grid_last_state_only,0.75,16,20081203091735,3,3,both,True
grid_last_state_only,0.75,16,20081208003122,3,3,both,True
grid_last_state_only,0.75,16,20081209014205,3,3,both,True
grid_last_state_only,0.75,16,20081210004205,3,3,both,True
grid_last_state_only,0.75,16,20081210102335,3,3,both,True
grid_last_state_only,0.75,16,20081211005204,3,3,both,True
grid_last_state_only,0.75,16,20081212071854,3,3,both,True
grid_last_state_only,0.75,16,20081213085404,0,0,both,True
grid_last_state_only,0.75,16,20081214050759,0,0,both,True
grid_last_state_only,0.75,16,20081215004559,3,3,both,True
grid_last_state_only,0.75,16,20081216010805,3,3,both,True
grid_last_state_only,0.75,17,20090319050008,0,0,both,True
grid_last_state_only,0.75,17,20090319091136,1,1,both,True
grid_last_state_only,0.75,17,20090319124458,0,0,both,True
grid_last_state_only,0.75,17,20090320000946,3,3,both,True
grid_last_state_only,0.75,17,20090320004539,1,1,both,True
grid_last_state_only,0.75,17,20090321050356,0,0,both,True
grid_last_state_only,0.75,17,20090322052036,3,3,both,True
grid_last_state_only,0.75,17,20090323000531,0,0,both,True
grid_last_state_only,0.75,17,20090323145837,0,0,both,True
grid_last_state_only,0.75,17,20090323212145,57,57,both,True
grid_last_state_only,0.75,17,20090325000739,3,3,both,True
grid_last_state_only,0.75,17,20090326000154,1,1,both,True
grid_last_state_only,0.75,17,20090326113406,0,0,both,True
grid_last_state_only,0.75,17,20090327002511,3,3,both,True
grid_last_state_only,0.75,17,20090328041725,0,0,both,True
grid_last_state_only,0.75,17,20090329025818,0,0,both,True
grid_last_state_only,0.75,17,20090329235347,19,19,both,True
grid_last_state_only,0.75,17,20090330112458,0,0,both,True
grid_last_state_only,0.75,17,20090331235635,8,8,both,True
grid_last_state_only,0.75,17,20090401235303,3,3,both,True
grid_last_state_only,0.75,17,20090402235820,8,8,both,True
grid_last_state_only,0.75,17,20090403131503,0,0,both,True
grid_last_state_only,0.75,17,20090404020155,0,0,both,True
grid_last_state_only,0.75,17,20090405053007,0,0,both,True
grid_last_state_only,0.75,17,20090406060347,0,0,both,True
grid_last_state_only,0.75,17,20090406233133,1,1,both,True
grid_last_state_only,0.75,17,20090407122913,0,0,both,True
grid_last_state_only,0.75,17,20090407234410,24,24,both,True
grid_last_state_only,0.75,17,20090408235354,0,0,both,True
grid_last_state_only,0.75,17,20090409234539,0,0,both,True
grid_last_state_only,0.75,17,20090411000325,0,0,both,True
grid_last_state_only,0.75,17,20090412014730,0,0,both,True
grid_last_state_only,0.75,17,20090413000008,3,3,both,True
grid_last_state_only,0.75,17,20090413235216,3,3,both,True
grid_last_state_only,0.75,17,20090415234514,3,3,both,True
grid_last_state_only,0.75,17,20090416234739,0,0,both,True
grid_last_state_only,0.75,17,20090418014515,1,1,both,True
grid_last_state_only,0.75,17,20090419010400,0,0,both,True
grid_last_state_only,0.75,17,20090419130441,0,0,both,True
grid_last_state_only,0.75,17,20090420000026,3,3,both,True
grid_last_state_only,0.75,17,20090420110816,0,0,both,True
grid_last_state_only,0.75,17,20090420235733,3,3,both,True
grid_last_state_only,0.75,17,20090421124855,0,0,both,True
grid_last_state_only,0.75,17,20090421234946,1,1,both,True
grid_last_state_only,0.75,17,20090513094309,0,0,both,True
grid_last_state_only,0.75,17,20090513232947,1,1,both,True
grid_last_state_only,0.75,17,20090514090933,0,0,both,True
grid_last_state_only,0.75,17,20090515020800,3,3,both,True
grid_last_state_only,0.75,17,20090516010239,3,3,both,True
grid_last_state_only,0.75,17,20090517033915,0,0,both,True
grid_last_state_only,0.75,17,20090517054300,0,0,both,True
grid_last_state_only,0.75,17,20090519003045,0,0,both,True
grid_last_state_only,0.75,17,20090520231518,3,3,both,True
grid_last_state_only,0.75,17,20090521234308,0,0,both,True
grid_last_state_only,0.75,17,20090523022436,0,0,both,True
grid_last_state_only,0.75,17,20090524232403,1,1,both,True
grid_last_state_only,0.75,17,20090526051336,3,3,both,True
grid_last_state_only,0.75,17,20090528012914,0,0,both,True
grid_last_state_only,0.75,17,20090530054703,0,0,both,True
grid_last_state_only,0.75,17,20090531001952,3,3,both,True
grid_last_state_only,0.75,17,20090601000744,3,3,both,True
grid_last_state_only,0.75,17,20090601235202,1,1,both,True
grid_last_state_only,0.75,17,20090602131142,0,0,both,True
grid_last_state_only,0.75,17,20090603233338,20,20,both,True
grid_last_state_only,0.75,17,20090604232209,1,1,both,True
grid_last_state_only,0.75,17,20090607021214,1,1,both,True
grid_last_state_only,0.75,17,20090607234645,3,3,both,True
grid_last_state_only,0.75,17,20090608233046,3,3,both,True
grid_last_state_only,0.75,17,20090609233900,1,1,both,True
grid_last_state_only,0.75,17,20090610135201,0,0,both,True
grid_last_state_only,0.75,17,20090610232548,3,3,both,True
grid_last_state_only,0.75,17,20090611234447,3,3,both,True
grid_last_state_only,0.75,17,20090613010507,0,0,both,True
grid_last_state_only,0.75,17,20090613144446,0,0,both,True
grid_last_state_only,0.75,17,20090613231704,0,0,both,True
grid_last_state_only,0.75,17,20090614233331,3,3,both,True
grid_last_state_only,0.75,17,20090615233906,0,0,both,True
grid_last_state_only,0.75,17,20090617131111,0,0,both,True
grid_last_state_only,0.75,17,20090617235133,3,3,both,True
grid_last_state_only,0.75,17,20090618235545,0,0,both,True
grid_last_state_only,0.75,17,20090619234854,0,0,both,True
grid_last_state_only,0.75,17,20090621012524,1,1,both,True
grid_last_state_only,0.75,17,20090621094628,3,3,both,True
grid_last_state_only,0.75,17,20090623000214,3,3,both,True
grid_last_state_only,0.75,17,20090623141709,0,0,both,True
grid_last_state_only,0.75,17,20090624121832,0,0,both,True
grid_last_state_only,0.75,17,20090625014745,3,3,both,True
grid_last_state_only,0.75,17,20090625232715,0,0,both,True
grid_last_state_only,0.75,17,20090627012536,0,0,both,True
grid_last_state_only,0.75,17,20090628013245,3,3,both,True
grid_last_state_only,0.75,17,20090630001301,3,3,both,True
grid_last_state_only,0.75,17,20090702000608,3,3,both,True
grid_last_state_only,0.75,17,20090702094931,0,0,both,True
grid_last_state_only,0.75,17,20090703000110,0,0,both,True
grid_last_state_only,0.75,17,20090704063554,0,0,both,True
grid_last_state_only,0.75,19,20081208063648,4,4,both,True
grid_last_state_only,0.75,19,20081208093749,25,25,both,True
grid_last_state_only,0.75,19,20081208115451,0,0,both,True
grid_last_state_only,0.75,19,20081209002742,6,6,both,True
grid_last_state_only,0.75,19,20081209101839,0,0,both,True
grid_last_state_only,0.75,19,20081209125837,0,0,both,True
grid_last_state_only,0.75,19,20081209150349,0,0,both,True
grid_last_state_only,0.75,19,20081210051634,4,4,both,True
grid_last_state_only,0.75,19,20081210055142,18,18,both,True
grid_last_state_only,0.75,19,20081210062239,4,4,both,True
grid_last_state_only,0.75,19,20081210085203,0,0,both,True
grid_last_state_only,0.75,19,20081210093504,0,0,both,True
grid_last_state_only,0.75,19,20081211001406,4,4,both,True
grid_last_state_only,0.75,19,20081211024057,5,5,both,True
grid_last_state_only,0.75,19,20081211034454,5,5,both,True
grid_last_state_only,0.75,19,20081211044214,0,0,both,True
grid_last_state_only,0.75,19,20081213075114,4,4,both,True
grid_last_state_only,0.75,19,20081214002807,6,6,both,True
grid_last_state_only,0.75,19,20081214092748,0,0,both,True
grid_last_state_only,0.75,20,20111115013237,1,1,both,True
grid_last_state_only,0.75,20,20111116153831,0,0,both,True
grid_last_state_only,0.75,20,20111117020931,1,1,both,True
grid_last_state_only,0.75,20,20111118101629,1,1,both,True
grid_last_state_only,0.75,20,20111119042142,1,1,both,True
grid_last_state_only,0.75,20,20111119155101,0,0,both,True
grid_last_state_only,0.75,20,20111120161356,0,0,both,True
grid_last_state_only,0.75,20,20111121013035,1,1,both,True
grid_last_state_only,0.75,20,20111122014130,1,1,both,True
grid_last_state_only,0.75,20,20111122151957,0,0,both,True
grid_last_state_only,0.75,20,20111123154525,0,0,both,True
grid_last_state_only,0.75,20,20111124020829,1,1,both,True
grid_last_state_only,0.75,20,20111124154938,0,0,both,True
grid_last_state_only,0.75,20,20111125014422,1,1,both,True
grid_last_state_only,0.75,20,20111125152106,0,0,both,True
grid_last_state_only,0.75,20,20111128015322,1,1,both,True
grid_last_state_only,0.75,20,20111128151537,0,0,both,True
grid_last_state_only,0.75,20,20111129015531,1,1,both,True
grid_last_state_only,0.75,20,20111129151955,0,0,both,True
grid_last_state_only,0.75,20,20111130015030,1,1,both,True
grid_last_state_only,0.75,20,20111130151807,0,0,both,True
grid_last_state_only,0.75,20,20111130152335,0,0,both,True
grid_last_state_only,0.75,20,20111201020105,1,1,both,True
grid_last_state_only,0.75,20,20111202020153,1,1,both,True
grid_last_state_only,0.75,20,20111206145735,0,0,both,True
grid_last_state_only,0.75,20,20111209015635,1,1,both,True
grid_last_state_only,0.75,20,20111213143458,0,0,both,True
grid_last_state_only,0.75,20,20111220145401,0,0,both,True
grid_last_state_only,0.75,20,20111221014028,1,1,both,True
grid_last_state_only,0.75,20,20111221150308,0,0,both,True
grid_last_state_only,0.75,20,20111222021305,1,1,both,True
grid_last_state_only,0.75,20,20111223015835,1,1,both,True
grid_last_state_only,0.75,20,20111227051001,1,1,both,True
grid_last_state_only,0.75,24,20090318010336,3,3,both,True
grid_last_state_only,0.75,24,20090319051300,3,3,both,True
grid_last_state_only,0.75,24,20090319232505,3,3,both,True
grid_last_state_only,0.75,24,20090320092600,3,3,both,True
grid_last_state_only,0.75,24,20090321000237,10,10,both,True
grid_last_state_only,0.75,24,20090321235532,3,3,both,True
grid_last_state_only,0.75,24,20090322063047,3,3,both,True
grid_last_state_only,0.75,24,20090323232430,6,6,both,True
grid_last_state_only,0.75,24,20090325001055,3,3,both,True
grid_last_state_only,0.75,24,20090325232230,3,3,both,True
grid_last_state_only,0.75,24,20090512010704,4,4,both,True
grid_last_state_only,0.75,24,20090512231006,3,3,both,True
grid_last_state_only,0.75,24,20090514001608,3,3,both,True
grid_last_state_only,0.75,24,20090515051736,3,3,both,True
grid_last_state_only,0.75,24,20090516000230,3,3,both,True
grid_last_state_only,0.75,24,20090518010033,4,4,both,True
grid_last_state_only,0.75,24,20090519002637,3,3,both,True
grid_last_state_only,0.75,24,20090519231433,3,3,both,True
grid_last_state_only,0.75,24,20090520231037,3,3,both,True
grid_last_state_only,0.75,24,20090522012954,3,3,both,True
grid_last_state_only,0.75,24,20090523001107,3,3,both,True
grid_last_state_only,0.75,24,20090524061723,3,3,both,True
grid_last_state_only,0.75,24,20090525230436,3,3,both,True
grid_last_state_only,0.75,24,20090526104409,3,3,both,True
grid_last_state_only,0.75,25,20090511025404,0,0,both,True
grid_last_state_only,0.75,25,20090511074253,0,0,both,True
grid_last_state_only,0.75,25,20090511120543,0,0,both,True
grid_last_state_only,0.75,25,20090512000606,38,38,both,True
grid_last_state_only,0.75,25,20090512082957,38,38,both,True
grid_last_state_only,0.75,25,20090513013740,38,38,both,True
grid_last_state_only,0.75,25,20090513105350,38,38,both,True
grid_last_state_only,0.75,25,20090514000001,38,38,both,True
grid_last_state_only,0.75,25,20090514015739,38,38,both,True
grid_last_state_only,0.75,25,20090514025341,38,38,both,True
grid_last_state_only,0.75,25,20090514100158,38,38,both,True
grid_last_state_only,0.75,25,20090515000000,115,115,both,True
grid_last_state_only,0.75,25,20090516044805,115,115,both,True
grid_last_state_only,0.75,25,20090516061230,115,115,both,True
grid_last_state_only,0.75,25,20090516105352,50,50,both,True
grid_last_state_only,0.75,25,20090517010002,40,40,both,True
grid_last_state_only,0.75,25,20090517055402,51,51,both,True
grid_last_state_only,0.75,25,20090517092755,40,40,both,True
grid_last_state_only,0.75,25,20090517120000,44,44,both,True
grid_last_state_only,0.75,25,20090518101843,40,40,both,True
grid_last_state_only,0.75,25,20090518121117,40,40,both,True
grid_last_state_only,0.75,25,20090519013040,51,51,both,True
grid_last_state_only,0.75,25,20090519122006,66,66,both,True
grid_last_state_only,0.75,25,20090520000243,0,0,both,True
grid_last_state_only,0.75,25,20090520114811,0,0,both,True
grid_last_state_only,0.75,25,20090520234651,111,111,both,True
grid_last_state_only,0.75,25,20090521042205,0,0,both,True
grid_last_state_only,0.75,25,20090521053513,0,0,both,True
grid_last_state_only,0.75,25,20090521235502,111,111,both,True
grid_last_state_only,0.75,25,20090522042917,3,3,both,True
grid_last_state_only,0.75,25,20090523000115,111,111,both,True
grid_last_state_only,0.75,25,20090523044126,88,88,both,True
grid_last_state_only,0.75,25,20090524000415,111,111,both,True
grid_last_state_only,0.75,25,20090524042347,10,10,both,True
grid_last_state_only,0.75,25,20090524075447,0,0,both,True
grid_last_state_only,0.75,25,20090525000736,111,111,both,True
grid_last_state_only,0.75,25,20090525040854,111,111,both,True
grid_last_state_only,0.75,25,20090525074414,111,111,both,True
grid_last_state_only,0.75,25,20090525081250,0,0,both,True
grid_last_state_only,0.75,25,20090525235606,111,111,both,True
grid_last_state_only,0.75,25,20090526044933,0,0,both,True
grid_last_state_only,0.75,25,20090526084328,0,0,both,True
grid_last_state_only,0.75,25,20090526235709,111,111,both,True
grid_last_state_only,0.75,25,20090527045639,0,0,both,True
grid_last_state_only,0.75,25,20090527092852,0,0,both,True
grid_last_state_only,0.75,25,20090528000132,111,111,both,True
grid_last_state_only,0.75,25,20090528043016,111,111,both,True
grid_last_state_only,0.75,25,20090528074406,3,3,both,True
grid_last_state_only,0.75,25,20090528104309,0,0,both,True
grid_last_state_only,0.75,25,20090528123505,0,0,both,True
grid_last_state_only,0.75,25,20090529021453,111,111,both,True
grid_last_state_only,0.75,25,20090529044013,111,111,both,True
grid_last_state_only,0.75,25,20090529081236,3,3,both,True
grid_last_state_only,0.75,25,20090529100124,0,0,both,True
grid_last_state_only,0.75,25,20090530000803,111,111,both,True
grid_last_state_only,0.75,25,20090530092855,0,0,both,True
grid_last_state_only,0.75,25,20090531000007,111,111,both,True
grid_last_state_only,0.75,25,20090531090700,3,3,both,True
grid_last_state_only,0.75,25,20090601104724,0,0,both,True
grid_last_state_only,0.75,25,20090601113739,0,0,both,True
grid_last_state_only,0.75,25,20090601121555,0,0,both,True
grid_last_state_only,0.75,25,20090602041611,111,111,both,True
grid_last_state_only,0.75,25,20090602101840,0,0,both,True
grid_last_state_only,0.75,25,20090603033735,111,111,both,True
grid_last_state_only,0.75,25,20090603102054,0,0,both,True
grid_last_state_only,0.75,25,20090604040956,111,111,both,True
grid_last_state_only,0.75,25,20090604104645,0,0,both,True
grid_last_state_only,0.75,25,20090605035359,111,111,both,True
grid_last_state_only,0.75,25,20090605094502,34,34,both,True
grid_last_state_only,0.75,25,20090605112034,0,0,both,True
grid_last_state_only,0.75,25,20090606005515,111,111,both,True
grid_last_state_only,0.75,25,20090606093819,98,98,both,True
grid_last_state_only,0.75,25,20090606120215,0,0,both,True
grid_last_state_only,0.75,25,20090606234144,74,74,both,True
grid_last_state_only,0.75,25,20090607113902,74,74,both,True
grid_last_state_only,0.75,25,20090608005335,74,74,both,True
grid_last_state_only,0.75,25,20090609012637,74,74,both,True
grid_last_state_only,0.75,25,20090609090605,74,74,both,True
grid_last_state_only,0.75,25,20090609112946,74,74,both,True
grid_last_state_only,0.75,25,20090610023300,74,74,both,True
grid_last_state_only,0.75,25,20090610095604,0,0,both,True
grid_last_state_only,0.75,25,20090610170259,0,0,both,True
grid_last_state_only,0.75,25,20090611085512,34,34,both,True
grid_last_state_only,0.75,25,20090611113001,0,0,both,True
grid_last_state_only,0.75,25,20090612040740,0,0,both,True
grid_last_state_only,0.75,25,20090612064142,0,0,both,True
grid_last_state_only,0.75,25,20090612130630,0,0,both,True
grid_last_state_only,0.75,25,20090612145033,0,0,both,True
grid_last_state_only,0.75,25,20090614050830,0,0,both,True
grid_last_state_only,0.75,25,20090614085036,12,12,both,True
grid_last_state_only,0.75,25,20090614123454,0,0,both,True
grid_last_state_only,0.75,25,20090615074716,0,0,both,True
grid_last_state_only,0.75,25,20090615132630,0,0,both,True
grid_last_state_only,0.75,25,20090615142743,0,0,both,True
grid_last_state_only,0.75,25,20090616000900,111,111,both,True
grid_last_state_only,0.75,25,20090616093056,0,0,both,True
grid_last_state_only,0.75,25,20090617042939,111,111,both,True
grid_last_state_only,0.75,25,20090617104840,0,0,both,True
grid_last_state_only,0.75,25,20090618010806,111,111,both,True
grid_last_state_only,0.75,25,20090618064236,3,3,both,True
grid_last_state_only,0.75,25,20090619002314,0,0,both,True
grid_last_state_only,0.75,25,20090619023451,13,13,both,True
grid_last_state_only,0.75,25,20090620001440,111,111,both,True
grid_last_state_only,0.75,25,20090620035727,111,111,both,True
grid_last_state_only,0.75,25,20090620092630,88,88,both,True
grid_last_state_only,0.75,25,20090621005632,111,111,both,True
grid_last_state_only,0.75,25,20090621094130,0,0,both,True
grid_last_state_only,0.75,25,20090621130111,0,0,both,True
grid_last_state_only,0.75,25,20090622001245,0,0,both,True
grid_last_state_only,0.75,25,20090622050547,2,2,both,True
grid_last_state_only,0.75,25,20090622092840,14,14,both,True
grid_last_state_only,0.75,25,20090623012719,111,111,both,True
grid_last_state_only,0.75,25,20090623042946,111,111,both,True
grid_last_state_only,0.75,25,20090623085109,14,14,both,True
grid_last_state_only,0.75,25,20090623100934,14,14,both,True
grid_last_state_only,0.75,25,20090623133306,0,0,both,True
grid_last_state_only,0.75,25,20090623153918,14,14,both,True
grid_last_state_only,0.75,25,20090624024641,3,3,both,True
grid_last_state_only,0.75,25,20090624081836,0,0,both,True
grid_last_state_only,0.75,25,20090625000008,34,34,both,True
grid_last_state_only,0.75,25,20090625034002,0,0,both,True
grid_last_state_only,0.75,25,20090626071038,0,0,both,True
grid_last_state_only,0.75,25,20090626115640,0,0,both,True
grid_last_state_only,0.75,25,20090626142016,0,0,both,True
grid_last_state_only,0.75,25,20090627022716,0,0,both,True
grid_last_state_only,0.75,25,20090627065710,0,0,both,True
grid_last_state_only,0.75,25,20090628101336,0,0,both,True
grid_last_state_only,0.75,25,20090629002542,0,0,both,True
grid_last_state_only,0.75,25,20090629013154,0,0,both,True
grid_last_state_only,0.75,25,20090629081014,0,0,both,True
grid_last_state_only,0.75,25,20090630074500,10,10,both,True
grid_last_state_only,0.75,25,20090630110602,0,0,both,True
grid_last_state_only,0.75,25,20090630123834,0,0,both,True
grid_last_state_only,0.75,25,20090701084100,0,0,both,True
grid_last_state_only,0.75,25,20090701091446,0,0,both,True
grid_last_state_only,0.75,25,20090701143746,0,0,both,True
grid_last_state_only,0.75,25,20090701165346,0,0,both,True
grid_last_state_only,0.75,25,20090702025218,0,0,both,True
grid_last_state_only,0.75,25,20090702091404,34,34,both,True
grid_last_state_only,0.75,25,20090702114731,0,0,both,True
grid_last_state_only,0.75,25,20090703013710,0,0,both,True
grid_last_state_only,0.75,25,20090703022251,0,0,both,True
grid_last_state_only,0.75,25,20090703053357,0,0,both,True
grid_last_state_only,0.75,25,20090703093956,0,0,both,True
grid_last_state_only,0.75,25,20090703135348,0,0,both,True
grid_last_state_only,0.75,25,20090704042738,3,3,both,True
grid_last_state_only,0.75,25,20090704101609,0,0,both,True
grid_last_state_only,0.75,25,20090705044519,0,0,both,True
grid_last_state_only,0.75,25,20090705093145,0,0,both,True
grid_last_state_only,0.75,25,20090705142119,0,0,both,True
grid_last_state_only,0.75,25,20090705234132,0,0,both,True
grid_last_state_only,0.75,25,20090706033701,34,34,both,True
grid_last_state_only,0.75,25,20090706042627,0,0,both,True
grid_last_state_only,0.75,25,20090706112513,0,0,both,True
grid_last_state_only,0.75,25,20090706124423,0,0,both,True
grid_last_state_only,0.75,25,20090707072302,0,0,both,True
grid_last_state_only,0.75,25,20090707091545,0,0,both,True
grid_last_state_only,0.75,25,20090708020049,0,0,both,True
grid_last_state_only,0.75,25,20090708032528,0,0,both,True
grid_last_state_only,0.75,25,20090708083822,100,100,both,True
grid_last_state_only,0.75,25,20090708112912,38,38,both,True
grid_last_state_only,0.75,25,20090709001109,40,40,both,True
grid_last_state_only,0.75,25,20090710102416,51,51,both,True
grid_last_state_only,0.75,25,20090710134415,40,40,both,True
grid_last_state_only,0.75,25,20090711073706,57,57,both,True
grid_last_state_only,0.75,25,20090711091028,40,40,both,True
grid_last_state_only,0.75,26,20090321063103,0,0,both,True
grid_last_state_only,0.75,26,20090321235040,0,0,both,True
grid_last_state_only,0.75,26,20090325081528,0,0,both,True
grid_last_state_only,0.75,26,20090405033104,0,0,both,True
grid_last_state_only,0.75,26,20090405164834,0,0,both,True
grid_last_state_only,0.75,26,20090407094503,0,0,both,True
grid_last_state_only,0.75,26,20090408040922,6,6,both,True
grid_last_state_only,0.75,26,20090411011503,0,0,both,True
grid_last_state_only,0.75,26,20090414091952,0,0,both,True
grid_last_state_only,0.75,26,20090415014804,0,0,both,True
grid_last_state_only,0.75,26,20090418032222,0,0,both,True
grid_last_state_only,0.75,28,20090408000034,3,3,both,True
grid_last_state_only,0.75,28,20090408091659,12,12,both,True
grid_last_state_only,0.75,28,20090408234136,3,3,both,True
grid_last_state_only,0.75,28,20090410052703,3,3,both,True
grid_last_state_only,0.75,28,20090413091309,2,2,both,True
grid_last_state_only,0.75,28,20090413222107,3,3,both,True
grid_last_state_only,0.75,28,20090414104608,2,2,both,True
grid_last_state_only,0.75,28,20090414222138,3,3,both,True
grid_last_state_only,0.75,28,20090415080832,2,2,both,True
grid_last_state_only,0.75,28,20090416091157,2,2,both,True
grid_last_state_only,0.75,28,20090416222138,3,3,both,True
grid_last_state_only,0.75,28,20090417073556,3,3,both,True
grid_last_state_only,0.75,28,20090420091753,2,2,both,True
grid_last_state_only,0.75,28,20090420222226,3,3,both,True
grid_last_state_only,0.75,28,20090421093501,2,2,both,True
grid_last_state_only,0.75,28,20090421222226,3,3,both,True
grid_last_state_only,0.75,29,20090310075634,0,0,both,True
grid_last_state_only,0.75,29,20090310230051,1,1,both,True
grid_last_state_only,0.75,29,20090311225433,1,1,both,True
grid_last_state_only,0.75,29,20090312112334,0,0,both,True
grid_last_state_only,0.75,29,20090312231752,1,1,both,True
grid_last_state_only,0.75,29,20090313090729,0,0,both,True
grid_last_state_only,0.75,29,20090315225504,1,1,both,True
grid_last_state_only,0.75,29,20090316090503,0,0,both,True
grid_last_state_only,0.75,29,20090317225758,1,1,both,True
grid_last_state_only,0.75,29,20090318090128,0,0,both,True
grid_last_state_only,0.75,29,20090321022628,2,2,both,True
grid_last_state_only,0.75,35,20090407073512,0,0,both,True
grid_last_state_only,0.75,35,20090407210407,1,1,both,True
grid_last_state_only,0.75,35,20090409210105,0,0,both,True
grid_last_state_only,0.75,35,20090411000535,0,0,both,True
grid_last_state_only,0.75,35,20090412205936,0,0,both,True
grid_last_state_only,0.75,35,20090413063915,0,0,both,True
grid_last_state_only,0.75,35,20090413210306,0,0,both,True
grid_last_state_only,0.75,35,20090414210553,0,0,both,True
grid_last_state_only,0.75,35,20090415210305,0,0,both,True
grid_last_state_only,0.75,35,20090416210531,0,0,both,True
grid_last_state_only,0.75,35,20090418035753,0,0,both,True
grid_last_state_only,0.75,35,20090419210937,0,0,both,True
grid_last_state_only,0.75,35,20090420064050,0,0,both,True
grid_last_state_only,0.75,35,20090420205905,0,0,both,True
grid_last_state_only,0.75,35,20090421205900,0,0,both,True
grid_last_state_only,0.75,35,20090422210636,1,1,both,True
grid_last_state_only,0.75,35,20090426050031,0,0,both,True
grid_last_state_only,0.75,35,20090426132556,0,0,both,True
grid_last_state_only,0.75,35,20090426211055,0,0,both,True
grid_last_state_only,0.75,36,20090407033154,8,8,both,True
grid_last_state_only,0.75,36,20090408094615,8,8,both,True
grid_last_state_only,0.75,36,20090409012524,4,4,both,True
grid_last_state_only,0.75,36,20090410053505,4,4,both,True
grid_last_state_only,0.75,36,20090411021801,8,8,both,True
grid_last_state_only,0.75,36,20090412125703,4,4,both,True
grid_last_state_only,0.75,36,20090413034508,4,4,both,True
grid_last_state_only,0.75,36,20090417083536,8,8,both,True
grid_last_state_only,0.75,36,20090418004038,4,4,both,True
grid_last_state_only,0.75,36,20090419025430,8,8,both,True
grid_last_state_only,0.75,36,20090423102604,8,8,both,True
grid_last_state_only,0.75,36,20090424112604,8,8,both,True
grid_last_state_only,0.75,36,20090426095159,8,8,both,True
grid_last_state_only,0.75,36,20090702005634,4,4,both,True
grid_last_state_only,0.75,36,20090705231822,4,4,both,True
grid_last_state_only,0.75,36,20090707011733,4,4,both,True
grid_last_state_only,0.75,36,20090708012505,4,4,both,True
grid_last_state_only,0.75,36,20090709003722,4,4,both,True
grid_last_state_only,0.75,37,20090412233403,0,0,both,True
grid_last_state_only,0.75,37,20090413051250,29,29,both,True
grid_last_state_only,0.75,37,20090414235037,0,0,both,True
grid_last_state_only,0.75,37,20090415021434,0,0,both,True
grid_last_state_only,0.75,37,20090415053841,0,0,both,True
grid_last_state_only,0.75,37,20090415095346,0,0,both,True
grid_last_state_only,0.75,37,20090416000510,0,0,both,True
grid_last_state_only,0.75,37,20090416015706,0,0,both,True
grid_last_state_only,0.75,37,20090416060054,0,0,both,True
grid_last_state_only,0.75,37,20090416105528,17,17,both,True
grid_last_state_only,0.75,37,20090416231030,0,0,both,True
grid_last_state_only,0.75,37,20090417084221,0,0,both,True
grid_last_state_only,0.75,37,20090418004033,0,0,both,True
grid_last_state_only,0.75,37,20090418025919,0,0,both,True
grid_last_state_only,0.75,37,20090418071235,0,0,both,True
grid_last_state_only,0.75,37,20090418100418,0,0,both,True
grid_last_state_only,0.75,37,20090419123615,0,0,both,True
grid_last_state_only,0.75,37,20090420054955,0,0,both,True
grid_last_state_only,0.75,37,20090421021702,0,0,both,True
grid_last_state_only,0.75,37,20090429121018,0,0,both,True
grid_last_state_only,0.75,37,20090710082418,13,13,both,True
grid_last_state_only,0.75,37,20090711025530,0,0,both,True
grid_last_state_only,0.75,37,20090711074039,13,13,both,True
grid_last_state_only,0.75,37,20090713004736,13,13,both,True
grid_last_state_only,0.75,37,20090713040933,13,13,both,True
grid_last_state_only,0.75,37,20090713232437,0,0,both,True
grid_last_state_only,0.75,37,20090713234910,0,0,both,True
grid_last_state_only,0.75,37,20090714081132,0,0,both,True
grid_last_state_only,0.75,37,20090714081826,0,0,both,True
grid_last_state_only,0.75,37,20090714235210,0,0,both,True
grid_last_state_only,0.75,37,20090715235505,0,0,both,True
grid_last_state_only,0.75,37,20090717064434,0,0,both,True
grid_last_state_only,0.75,37,20090719222647,0,0,both,True
grid_last_state_only,0.75,37,20090720231809,0,0,both,True
grid_last_state_only,0.75,37,20090722000259,0,0,both,True
grid_last_state_only,0.75,37,20090724195433,0,0,both,True
grid_last_state_only,0.75,37,20090730101508,0,0,both,True
grid_last_state_only,0.75,38,20090410124138,4,4,both,True
grid_last_state_only,0.75,38,20090410223116,4,4,both,True
grid_last_state_only,0.75,38,20090412021706,4,4,both,True
grid_last_state_only,0.75,38,20090412125448,4,4,both,True
grid_last_state_only,0.75,38,20090413002310,4,4,both,True
grid_last_state_only,0.75,38,20090414223045,4,4,both,True
grid_last_state_only,0.75,38,20090415091526,4,4,both,True
grid_last_state_only,0.75,38,20090416085408,4,4,both,True
grid_last_state_only,0.75,38,20090417034936,4,4,both,True
grid_last_state_only,0.75,38,20090418002306,4,4,both,True
grid_last_state_only,0.75,38,20090420014909,4,4,both,True
grid_last_state_only,0.75,38,20090422033246,4,4,both,True
grid_last_state_only,0.75,38,20090709081828,11,11,both,True
grid_last_state_only,0.75,38,20090710051732,4,4,both,True
grid_last_state_only,0.75,38,20090711114358,11,11,both,True
grid_last_state_only,0.75,38,20090712094253,11,11,both,True
grid_last_state_only,0.75,38,20090714101239,4,4,both,True
grid_last_state_only,0.75,38,20090714233650,13,13,both,True
grid_last_state_only,0.75,38,20090715231037,11,11,both,True
grid_last_state_only,0.75,38,20090716053929,4,4,both,True
grid_last_state_only,0.75,38,20090717053438,4,4,both,True
grid_last_state_only,0.75,38,20090718043013,4,4,both,True
grid_last_state_only,0.75,38,20090718083524,4,4,both,True
grid_last_state_only,0.75,38,20090719040838,11,11,both,True
grid_last_state_only,0.75,38,20090720080933,4,4,both,True
grid_last_state_only,0.75,38,20090723012633,11,11,both,True
grid_last_state_only,0.75,39,20090611095140,14,14,both,True
grid_last_state_only,0.75,39,20090612000513,1,1,both,True
grid_last_state_only,0.75,39,20090612112705,14,14,both,True
grid_last_state_only,0.75,39,20090613040756,2,2,both,True
grid_last_state_only,0.75,39,20090614114654,14,14,both,True
grid_last_state_only,0.75,39,20090615000438,14,14,both,True
grid_last_state_only,0.75,39,20090615094738,2,2,both,True
grid_last_state_only,0.75,39,20090616000719,1,1,both,True
grid_last_state_only,0.75,39,20090616094433,14,14,both,True
grid_last_state_only,0.75,39,20090617000200,1,1,both,True
grid_last_state_only,0.75,39,20090617095205,14,14,both,True
grid_last_state_only,0.75,39,20090617232821,14,14,both,True
grid_last_state_only,0.75,39,20090618103325,14,14,both,True
grid_last_state_only,0.75,39,20090619094325,14,14,both,True
grid_last_state_only,0.75,39,20090619230550,14,14,both,True
grid_last_state_only,0.75,39,20090620115005,14,14,both,True
grid_last_state_only,0.75,39,20090621070937,2,2,both,True
grid_last_state_only,0.75,39,20090622000238,1,1,both,True
grid_last_state_only,0.75,39,20090622095036,14,14,both,True
grid_last_state_only,0.75,39,20090623095056,14,14,both,True
grid_last_state_only,0.75,39,20090624000338,14,14,both,True
grid_last_state_only,0.75,39,20090624094458,14,14,both,True
grid_last_state_only,0.75,39,20090625000532,1,1,both,True
grid_last_state_only,0.75,39,20090625094635,14,14,both,True
grid_last_state_only,0.75,39,20090626000538,1,1,both,True
grid_last_state_only,0.75,39,20090626110001,14,14,both,True
grid_last_state_only,0.75,39,20090626211826,32,32,both,True
grid_last_state_only,0.75,39,20090628034817,2,2,both,True
grid_last_state_only,0.75,39,20090628234328,14,14,both,True
grid_last_state_only,0.75,39,20090629094605,14,14,both,True
grid_last_state_only,0.75,39,20090630000205,14,14,both,True
grid_last_state_only,0.75,39,20090630094433,14,14,both,True
grid_last_state_only,0.75,39,20090701000224,1,1,both,True
grid_last_state_only,0.75,39,20090701093936,1,1,both,True
grid_last_state_only,0.75,39,20090702000204,1,1,both,True
grid_last_state_only,0.75,39,20090702103027,14,14,both,True
grid_last_state_only,0.75,39,20090703093804,2,2,both,True
grid_last_state_only,0.75,39,20090704024525,2,2,both,True
grid_last_state_only,0.75,39,20090704132701,14,14,both,True
grid_last_state_only,0.75,39,20090705053006,14,14,both,True
grid_last_state_only,0.75,39,20090706111727,14,14,both,True
grid_last_state_only,0.75,39,20090706233342,14,14,both,True
grid_last_state_only,0.75,39,20090707113005,14,14,both,True
grid_last_state_only,0.75,39,20090707235526,14,14,both,True
grid_last_state_only,0.75,39,20090708103301,14,14,both,True
grid_last_state_only,0.75,39,20090708233906,14,14,both,True
grid_last_state_only,0.75,39,20090709102054,14,14,both,True
grid_last_state_only,0.75,39,20090709234004,1,1,both,True
grid_last_state_only,0.75,39,20090710094259,14,14,both,True
grid_last_state_only,0.75,39,20090711043552,2,2,both,True
grid_last_state_only,0.75,39,20090712041628,2,2,both,True
grid_last_state_only,0.75,39,20090712234404,14,14,both,True
grid_last_state_only,0.75,39,20090713113106,14,14,both,True
grid_last_state_only,0.75,39,20090713235707,1,1,both,True
grid_last_state_only,0.75,39,20090714114356,14,14,both,True
grid_last_state_only,0.75,39,20090714233956,1,1,both,True
grid_last_state_only,0.75,51,20080217140611,12,12,both,True
grid_last_state_only,0.75,51,20080218192042,12,12,both,True
grid_last_state_only,0.75,51,20080219123720,11,11,both,True
grid_last_state_only,0.75,51,20080221105029,2,2,both,True
grid_last_state_only,0.75,51,20080222090047,2,2,both,True
grid_last_state_only,0.75,51,20080309120949,2,2,both,True
grid_last_state_only,0.75,51,20080324085807,2,2,both,True
grid_last_state_only,0.75,51,20080326153045,2,2,both,True
grid_last_state_only,0.75,51,20080328085804,2,2,both,True
grid_last_state_only,0.75,51,20080329111039,2,2,both,True
grid_last_state_only,0.75,51,20080430181146,2,2,both,True
grid_last_state_only,0.75,52,20080819232504,14,14,both,True
grid_last_state_only,0.75,52,20080821232859,14,14,both,True
grid_last_state_only,0.75,52,20080822085236,0,0,both,True
grid_last_state_only,0.75,52,20080824233822,14,14,both,True
grid_last_state_only,0.75,52,20080825085006,0,0,both,True
grid_last_state_only,0.75,52,20080826232036,14,14,both,True
grid_last_state_only,0.75,52,20080827111000,0,0,both,True
grid_last_state_only,0.75,52,20080831073208,0,0,both,True
grid_last_state_only,0.75,52,20080831233436,14,14,both,True
grid_last_state_only,0.75,52,20080901114634,0,0,both,True
grid_last_state_only,0.75,52,20080902055635,0,0,both,True
grid_last_state_only,0.75,52,20081001224837,0,0,both,True
grid_last_state_only,0.75,52,20081003042430,0,0,both,True
grid_last_state_only,0.75,52,20081005094923,14,14,both,True
grid_last_state_only,0.75,52,20081006134237,14,14,both,True
grid_last_state_only,0.75,52,20081006235830,14,14,both,True
grid_last_state_only,0.75,52,20081007111938,14,14,both,True
grid_last_state_only,0.75,52,20081008035138,0,0,both,True
grid_last_state_only,0.75,52,20081009100736,0,0,both,True
grid_last_state_only,0.75,52,20081010011727,14,14,both,True
grid_last_state_only,0.75,52,20081010120707,0,0,both,True
grid_last_state_only,0.75,52,20081011033025,0,0,both,True
grid_last_state_only,0.75,52,20081012064254,0,0,both,True
grid_last_state_only,0.75,52,20081017050637,0,0,both,True
grid_last_state_only,0.75,52,20081030050200,0,0,both,True
grid_last_state_only,0.75,62,20081103005437,0,0,both,True
grid_last_state_only,0.75,62,20081103015601,0,0,both,True
grid_last_state_only,0.75,62,20081103025353,0,0,both,True
grid_last_state_only,0.75,62,20081103115039,0,0,both,True
grid_last_state_only,0.75,62,20081104010333,0,0,both,True
grid_last_state_only,0.75,62,20081104013441,0,0,both,True
grid_last_state_only,0.75,62,20081104041114,0,0,both,True
grid_last_state_only,0.75,62,20081104063603,0,0,both,True
grid_last_state_only,0.75,62,20081105010014,58,58,both,True
grid_last_state_only,0.75,62,20081105023944,16,16,both,True
grid_last_state_only,0.75,62,20081105032159,0,0,both,True
grid_last_state_only,0.75,62,20081105044046,13,13,both,True
grid_last_state_only,0.75,62,20081105053031,0,0,both,True
grid_last_state_only,0.75,62,20081105060230,0,0,both,True
grid_last_state_only,0.75,62,20081105083830,0,0,both,True
grid_last_state_only,0.75,62,20081105085221,3,3,both,True
grid_last_state_only,0.75,62,20081105102345,0,0,both,True
grid_last_state_only,0.75,62,20081105104452,0,0,both,True
grid_last_state_only,0.75,62,20081105111108,0,0,both,True
grid_last_state_only,0.75,62,20081105112326,0,0,both,True
grid_last_state_only,0.75,62,20081105123909,0,0,both,True
grid_last_state_only,0.75,62,20081105124617,0,0,both,True
grid_last_state_only,0.75,62,20081106011127,0,0,both,True
grid_last_state_only,0.75,62,20081106011708,164,164,both,True
grid_last_state_only,0.75,62,20081106020014,164,164,both,True
grid_last_state_only,0.75,62,20081106024201,16,16,both,True
grid_last_state_only,0.75,62,20081106031826,0,0,both,True
grid_last_state_only,0.75,62,20081106064828,16,16,both,True
grid_last_state_only,0.75,62,20081106071234,4,4,both,True
grid_last_state_only,0.75,62,20081106085050,61,61,both,True
grid_last_state_only,0.75,62,20081106092632,0,0,both,True
grid_last_state_only,0.75,62,20081106093504,0,0,both,True
grid_last_state_only,0.75,62,20081106104833,0,0,both,True
grid_last_state_only,0.75,62,20081106112738,0,0,both,True
grid_last_state_only,0.75,62,20081106113950,0,0,both,True
grid_last_state_only,0.75,62,20081107000607,83,83,both,True
grid_last_state_only,0.75,62,20081107003353,0,0,both,True
grid_last_state_only,0.75,62,20081107121527,0,0,both,True
grid_last_state_only,0.75,62,20081107122148,13,13,both,True
grid_last_state_only,0.75,62,20081108042815,0,0,both,True
grid_last_state_only,0.75,62,20081108060646,0,0,both,True
grid_last_state_only,0.75,62,20081109013429,0,0,both,True
grid_last_state_only,0.75,62,20081109053559,0,0,both,True
grid_last_state_only,0.75,62,20081109062802,0,0,both,True
grid_last_state_only,0.75,62,20081109080315,0,0,both,True
grid_last_state_only,0.75,62,20081109083245,0,0,both,True
grid_last_state_only,0.75,62,20081109093929,0,0,both,True
grid_last_state_only,0.75,62,20081109095422,0,0,both,True
grid_last_state_only,0.75,62,20081109100916,0,0,both,True
grid_last_state_only,0.75,62,20081109110807,0,0,both,True
grid_last_state_only,0.75,62,20081110013116,170,170,both,True
grid_last_state_only,0.75,62,20081110030128,164,164,both,True
grid_last_state_only,0.75,62,20081110030808,16,16,both,True
grid_last_state_only,0.75,62,20081110032953,158,158,both,True
grid_last_state_only,0.75,62,20081110042038,53,53,both,True
grid_last_state_only,0.75,62,20081110111835,0,0,both,True
grid_last_state_only,0.75,62,20081111021901,0,0,both,True
grid_last_state_only,0.75,62,20081111042301,4,4,both,True
grid_last_state_only,0.75,62,20081111045929,154,154,both,True
grid_last_state_only,0.75,62,20081111052247,154,154,both,True
grid_last_state_only,0.75,62,20081111080126,165,165,both,True
grid_last_state_only,0.75,62,20081111084153,82,82,both,True
grid_last_state_only,0.75,62,20081111090528,3,3,both,True
grid_last_state_only,0.75,62,20081111095640,0,0,both,True
grid_last_state_only,0.75,62,20081111103634,0,0,both,True
grid_last_state_only,0.75,62,20081112012435,0,0,both,True
grid_last_state_only,0.75,62,20081112013226,83,83,both,True
grid_last_state_only,0.75,62,20081112021100,0,0,both,True
grid_last_state_only,0.75,62,20081112033338,0,0,both,True
grid_last_state_only,0.75,62,20081112101140,0,0,both,True
grid_last_state_only,0.75,62,20081112101655,0,0,both,True
grid_last_state_only,0.75,62,20081112105415,0,0,both,True
grid_last_state_only,0.75,62,20081113010001,0,0,both,True
grid_last_state_only,0.75,62,20081113012910,165,165,both,True
grid_last_state_only,0.75,62,20081113095812,16,16,both,True
grid_last_state_only,0.75,62,20081113110912,0,0,both,True
grid_last_state_only,0.75,62,20081113124253,0,0,both,True
grid_last_state_only,0.75,62,20081114010438,4,4,both,True
grid_last_state_only,0.75,62,20081114101455,16,16,both,True
grid_last_state_only,0.75,62,20081114105400,0,0,both,True
grid_last_state_only,0.75,62,20081115010837,82,82,both,True
grid_last_state_only,0.75,62,20081115015759,172,172,both,True
grid_last_state_only,0.75,62,20081115030457,56,56,both,True
grid_last_state_only,0.75,62,20081116061411,172,172,both,True
grid_last_state_only,0.75,62,20081116081559,0,0,both,True
grid_last_state_only,0.75,62,20081116084956,0,0,both,True
grid_last_state_only,0.75,62,20081116093710,0,0,both,True
grid_last_state_only,0.75,62,20081117010846,164,164,both,True
grid_last_state_only,0.75,62,20081203010728,0,0,both,True
grid_last_state_only,0.75,62,20081204010407,0,0,both,True
grid_last_state_only,0.75,62,20081204012250,0,0,both,True
grid_last_state_only,0.75,62,20081204060141,47,47,both,True
grid_last_state_only,0.75,62,20081204085719,0,0,both,True
grid_last_state_only,0.75,62,20081204101128,0,0,both,True
grid_last_state_only,0.75,62,20081205011235,164,164,both,True
grid_last_state_only,0.75,62,20081205023009,154,154,both,True
grid_last_state_only,0.75,62,20081205081804,154,154,both,True
grid_last_state_only,0.75,62,20081205082456,16,16,both,True
grid_last_state_only,0.75,62,20081205095048,0,0,both,True
grid_last_state_only,0.75,62,20081206040631,0,0,both,True
grid_last_state_only,0.75,62,20081206100322,0,0,both,True
grid_last_state_only,0.75,62,20081207023122,0,0,both,True
grid_last_state_only,0.75,62,20081207080318,52,52,both,True
grid_last_state_only,0.75,62,20081207082100,0,0,both,True
grid_last_state_only,0.75,62,20081207083840,0,0,both,True
grid_last_state_only,0.75,62,20081207085047,0,0,both,True
grid_last_state_only,0.75,62,20081207092914,0,0,both,True
grid_last_state_only,0.75,62,20081207110215,0,0,both,True
grid_last_state_only,0.75,62,20081208070512,0,0,both,True
grid_last_state_only,0.75,62,20081208095853,0,0,both,True
grid_last_state_only,0.75,62,20081208104810,0,0,both,True
grid_last_state_only,0.75,62,20081208110023,0,0,both,True
grid_last_state_only,0.75,62,20081209010002,164,164,both,True
grid_last_state_only,0.75,62,20081209083554,16,16,both,True
grid_last_state_only,0.75,62,20081209090839,0,0,both,True
grid_last_state_only,0.75,62,20081209093448,0,0,both,True
grid_last_state_only,0.75,62,20081209094610,0,0,both,True
grid_last_state_only,0.75,62,20081209123601,0,0,both,True
grid_last_state_only,0.75,62,20081210055344,0,0,both,True
grid_last_state_only,0.75,62,20081210084524,0,0,both,True
grid_last_state_only,0.75,62,20081210093042,0,0,both,True
grid_last_state_only,0.75,62,20081211013737,0,0,both,True
grid_last_state_only,0.75,62,20081211020211,16,16,both,True
grid_last_state_only,0.75,62,20081211035950,16,16,both,True
grid_last_state_only,0.75,62,20081211040737,0,0,both,True
grid_last_state_only,0.75,62,20081211051513,0,0,both,True
grid_last_state_only,0.75,62,20081212010000,164,164,both,True
grid_last_state_only,0.75,62,20081212011859,16,16,both,True
grid_last_state_only,0.75,62,20081212013950,0,0,both,True
grid_last_state_only,0.75,62,20081212082600,0,0,both,True
grid_last_state_only,0.75,62,20081212101946,0,0,both,True
grid_last_state_only,0.75,62,20081212102654,16,16,both,True
grid_last_state_only,0.75,62,20081212122437,0,0,both,True
grid_last_state_only,0.75,62,20081212123313,16,16,both,True
grid_last_state_only,0.75,62,20081212124756,0,0,both,True
grid_last_state_only,0.75,62,20081213031012,0,0,both,True
grid_last_state_only,0.75,62,20081213041039,0,0,both,True
grid_last_state_only,0.75,62,20081213083317,0,0,both,True
grid_last_state_only,0.75,62,20081213085201,3,3,both,True
grid_last_state_only,0.75,62,20081213101537,0,0,both,True
grid_last_state_only,0.75,62,20081213104202,0,0,both,True
grid_last_state_only,0.75,62,20081214013702,0,0,both,True
grid_last_state_only,0.75,62,20081214032551,0,0,both,True
grid_last_state_only,0.75,62,20081215032028,4,4,both,True
grid_last_state_only,0.75,62,20081215035525,164,164,both,True
grid_last_state_only,0.75,65,20111001075633,11,11,both,True
grid_last_state_only,0.75,65,20111001163901,17,17,both,True
grid_last_state_only,0.75,65,20111003025152,11,11,both,True
grid_last_state_only,0.75,65,20111004071203,17,17,both,True
grid_last_state_only,0.75,65,20111005004827,14,14,both,True
grid_last_state_only,0.75,65,20111005143605,17,17,both,True
grid_last_state_only,0.75,65,20111006041158,17,17,both,True
grid_last_state_only,0.75,65,20111008004733,9,9,both,True
grid_last_state_only,0.75,65,20111008134933,17,17,both,True
grid_last_state_only,0.75,65,20111009012500,9,9,both,True
grid_last_state_only,0.75,65,20111009120503,17,17,both,True
grid_last_state_only,0.75,65,20111010010951,9,9,both,True
grid_last_state_only,0.75,65,20111010105222,17,17,both,True
grid_last_state_only,0.75,65,20111011011203,9,9,both,True
grid_last_state_only,0.75,65,20111012120903,17,17,both,True
grid_last_state_only,0.75,65,20111013010933,9,9,both,True
grid_last_state_only,0.75,65,20111014005928,9,9,both,True
grid_last_state_only,0.75,65,20111014095751,17,17,both,True
grid_last_state_only,0.75,65,20111015014827,0,0,both,True
grid_last_state_only,0.75,65,20111016005657,0,0,both,True
grid_last_state_only,0.75,65,20111018004457,9,9,both,True
grid_last_state_only,0.75,65,20111018080247,0,0,both,True
grid_last_state_only,0.75,65,20111019004851,9,9,both,True
grid_last_state_only,0.75,65,20111022024141,9,9,both,True
grid_last_state_only,0.75,65,20111023043229,11,11,both,True
grid_last_state_only,0.75,65,20111024012351,9,9,both,True
grid_last_state_only,0.75,65,20111024120905,17,17,both,True
grid_last_state_only,0.75,65,20111025003027,9,9,both,True
grid_last_state_only,0.75,65,20111025085403,0,0,both,True
grid_last_state_only,0.75,65,20111027004021,9,9,both,True
grid_last_state_only,0.75,68,20090630205134,6,6,both,True
grid_last_state_only,0.75,68,20090701074905,0,0,both,True
grid_last_state_only,0.75,68,20090701181923,6,6,both,True
grid_last_state_only,0.75,68,20090702074805,0,0,both,True
grid_last_state_only,0.75,68,20090702205953,6,6,both,True
grid_last_state_only,0.75,68,20090703073758,0,0,both,True
grid_last_state_only,0.75,68,20090703185151,6,6,both,True
grid_last_state_only,0.75,68,20090704104258,6,6,both,True
grid_last_state_only,0.75,68,20090705105928,6,6,both,True
grid_last_state_only,0.75,68,20090705235905,0,0,both,True
grid_last_state_only,0.75,68,20090706064435,0,0,both,True
grid_last_state_only,0.75,68,20090706234533,6,6,both,True
grid_last_state_only,0.75,68,20090708001134,6,6,both,True
grid_last_state_only,0.75,68,20090708144605,6,6,both,True
grid_last_state_only,0.75,68,20090708233822,6,6,both,True
grid_last_state_only,0.75,68,20090709085503,6,6,both,True
grid_last_state_only,0.75,68,20090709143513,6,6,both,True
grid_last_state_only,0.75,68,20090709235104,0,0,both,True
grid_last_state_only,0.75,68,20090710090629,6,6,both,True
grid_last_state_only,0.75,68,20090711012705,0,0,both,True
grid_last_state_only,0.75,68,20090711092304,6,6,both,True
grid_last_state_only,0.75,68,20090712064105,0,0,both,True
grid_last_state_only,0.75,68,20090713045105,0,0,both,True
grid_last_state_only,0.75,68,20090713140828,0,0,both,True
grid_last_state_only,0.75,68,20090715002935,0,0,both,True
grid_last_state_only,0.75,68,20090715121905,6,6,both,True
grid_last_state_only,0.75,68,20090715215034,0,0,both,True
grid_last_state_only,0.75,68,20090716111259,4,4,both,True
grid_last_state_only,0.75,68,20090717074427,4,4,both,True
grid_last_state_only,0.75,68,20090717213805,0,0,both,True
grid_last_state_only,0.75,68,20090719030259,6,6,both,True
grid_last_state_only,0.75,68,20090719115152,6,6,both,True
grid_last_state_only,0.75,68,20090719235707,8,8,both,True
grid_last_state_only,0.75,68,20090720103922,8,8,both,True
grid_last_state_only,0.75,68,20090721111753,8,8,both,True
grid_last_state_only,0.75,68,20090722002059,6,6,both,True
grid_last_state_only,0.75,68,20090723022153,6,6,both,True
grid_last_state_only,0.75,68,20090724024547,6,6,both,True
grid_last_state_only,0.75,68,20090725024235,6,6,both,True
grid_last_state_only,0.75,68,20090726012536,6,6,both,True
grid_last_state_only,0.75,68,20090726133122,6,6,both,True
grid_last_state_only,0.75,68,20090727033605,0,0,both,True
grid_last_state_only,0.75,68,20090728003024,0,0,both,True
grid_last_state_only,0.75,68,20090728235053,4,4,both,True
grid_last_state_only,0.75,68,20090730024623,4,4,both,True
grid_last_state_only,0.75,68,20090731022320,4,4,both,True
grid_last_state_only,0.75,68,20090801004504,4,4,both,True
grid_last_state_only,0.75,68,20090802072835,6,6,both,True
grid_last_state_only,0.75,68,20090803092652,6,6,both,True
grid_last_state_only,0.75,68,20090803220235,6,6,both,True
grid_last_state_only,0.75,68,20090805041404,6,6,both,True
grid_last_state_only,0.75,68,20090805190322,28,28,both,True
grid_last_state_only,0.75,68,20090807023405,6,6,both,True
grid_last_state_only,0.75,68,20090808053222,6,6,both,True
grid_last_state_only,0.75,68,20090809094405,6,6,both,True
grid_last_state_only,0.75,68,20090810032021,6,6,both,True
grid_last_state_only,0.75,68,20090810183104,6,6,both,True
grid_last_state_only,0.75,68,20090813015422,10,10,both,True
grid_last_state_only,0.75,68,20090814072529,6,6,both,True
grid_last_state_only,0.75,68,20090814181033,6,6,both,True
grid_last_state_only,0.75,68,20090816052035,0,0,both,True
grid_last_state_only,0.75,68,20090816134451,6,6,both,True
grid_last_state_only,0.75,68,20090817104629,6,6,both,True
grid_last_state_only,0.75,68,20090818012535,6,6,both,True
grid_last_state_only,0.75,68,20090818101222,6,6,both,True
grid_last_state_only,0.75,68,20090819010505,0,0,both,True
grid_last_state_only,0.75,68,20090819122858,6,6,both,True
grid_last_state_only,0.75,68,20090820004357,28,28,both,True
grid_last_state_only,0.75,68,20090821091927,6,6,both,True
grid_last_state_only,0.75,68,20090822103421,6,6,both,True
grid_last_state_only,0.75,68,20090823073459,6,6,both,True
grid_last_state_only,0.75,68,20090824010435,6,6,both,True
grid_last_state_only,0.75,68,20090825064227,0,0,both,True
grid_last_state_only,0.75,68,20090826003333,0,0,both,True
grid_last_state_only,0.75,68,20090826122919,6,6,both,True
grid_last_state_only,0.75,68,20090827024729,0,0,both,True
grid_last_state_only,0.75,68,20090827110635,6,6,both,True
grid_last_state_only,0.75,68,20090828015903,0,0,both,True
grid_last_state_only,0.75,68,20090828100904,6,6,both,True
grid_last_state_only,0.75,68,20090829060159,6,6,both,True
grid_last_state_only,0.75,68,20090830053605,6,6,both,True
grid_last_state_only,0.75,68,20090831010452,6,6,both,True
grid_last_state_only,0.75,68,20090902004959,6,6,both,True
grid_last_state_only,0.75,68,20090904000334,0,0,both,True
grid_last_state_only,0.75,68,20090905031005,6,6,both,True
grid_last_state_only,0.75,68,20090905120929,6,6,both,True
grid_last_state_only,0.75,68,20090906022616,6,6,both,True
grid_last_state_only,0.75,68,20090906023120,6,6,both,True
grid_last_state_only,0.75,68,20090907000653,0,0,both,True
grid_last_state_only,0.75,68,20090907142605,6,6,both,True
grid_last_state_only,0.75,68,20090907233334,6,6,both,True
grid_last_state_only,0.75,68,20090908133634,6,6,both,True
grid_last_state_only,0.75,68,20090908234334,0,0,both,True
grid_last_state_only,0.75,68,20090909081304,6,6,both,True
grid_last_state_only,0.75,68,20090909235503,6,6,both,True
grid_last_state_only,0.75,68,20090910235728,6,6,both,True
grid_last_state_only,0.75,68,20090912021805,6,6,both,True
grid_last_state_only,0.75,68,20090912121851,6,6,both,True
grid_last_state_only,0.75,68,20090913013234,6,6,both,True
grid_last_state_only,0.75,71,20120401025128,1,1,both,True
grid_last_state_only,0.75,71,20120404051527,2,2,both,True
grid_last_state_only,0.75,71,20120407094504,2,2,both,True
grid_last_state_only,0.75,71,20120409015352,1,1,both,True
grid_last_state_only,0.75,71,20120409053858,2,2,both,True
grid_last_state_only,0.75,71,20120409130704,2,2,both,True
grid_last_state_only,0.75,71,20120412113604,2,2,both,True
grid_last_state_only,0.75,71,20120412235005,2,2,both,True
grid_last_state_only,0.75,71,20120414034358,1,1,both,True
grid_last_state_only,0.75,71,20120417092818,2,2,both,True
grid_last_state_only,0.75,71,20120419011052,1,1,both,True
grid_last_state_only,0.75,71,20120425150728,2,2,both,True
grid_last_state_only,0.75,71,20120426013640,1,1,both,True
grid_last_state_only,0.75,71,20120430083558,2,2,both,True
grid_last_state_only,0.75,71,20120504232458,2,2,both,True
grid_last_state_only,0.75,71,20120511140034,2,2,both,True
grid_last_state_only,0.75,71,20120513150457,2,2,both,True
grid_last_state_only,0.75,71,20120513230847,2,2,both,True
grid_last_state_only,0.75,85,20090614025506,7,7,both,True
grid_last_state_only,0.75,85,20090614121829,7,7,both,True
grid_last_state_only,0.75,85,20090615013707,39,39,both,True
grid_last_state_only,0.75,85,20090617020536,39,39,both,True
grid_last_state_only,0.75,85,20090617090807,7,7,both,True
grid_last_state_only,0.75,85,20090618065134,7,7,both,True
grid_last_state_only,0.75,85,20090619011407,39,39,both,True
grid_last_state_only,0.75,85,20090619093937,9,9,both,True
grid_last_state_only,0.75,85,20090620025025,39,39,both,True
grid_last_state_only,0.75,85,20090622012237,39,39,both,True
grid_last_state_only,0.75,85,20090622093855,9,9,both,True
grid_last_state_only,0.75,85,20090623011429,9,9,both,True
grid_last_state_only,0.75,85,20090623232900,7,7,both,True
grid_last_state_only,0.75,85,20090623233655,39,39,both,True
grid_last_state_only,0.75,85,20090624084534,9,9,both,True
grid_last_state_only,0.75,85,20090625234631,39,39,both,True
grid_last_state_only,0.75,85,20090626091732,7,7,both,True
grid_last_state_only,0.75,85,20090627014225,39,39,both,True
grid_last_state_only,0.75,85,20090627104937,7,7,both,True
grid_last_state_only,0.75,85,20090627235736,39,39,both,True
grid_last_state_only,0.75,85,20090629012308,39,39,both,True
grid_last_state_only,0.75,85,20090629092537,7,7,both,True
grid_last_state_only,0.75,85,20090701002752,9,9,both,True
grid_last_state_only,0.75,85,20090701012444,39,39,both,True
grid_last_state_only,0.75,85,20090701090337,7,7,both,True
grid_last_state_only,0.75,85,20090702013158,7,7,both,True
grid_last_state_only,0.75,85,20090703011734,7,7,both,True
grid_last_state_only,0.75,85,20090703012649,39,39,both,True
grid_last_state_only,0.75,85,20090703082122,9,9,both,True
grid_last_state_only,0.75,85,20090703231838,39,39,both,True
grid_last_state_only,0.75,85,20090705042531,7,7,both,True
grid_last_state_only,0.75,85,20090705224406,7,7,both,True
grid_last_state_only,0.75,85,20090706091838,7,7,both,True
grid_last_state_only,0.75,85,20090706230438,2,2,both,True
grid_last_state_only,0.75,85,20090707090828,2,2,both,True
grid_last_state_only,0.75,85,20090707225636,14,14,both,True
grid_last_state_only,0.75,85,20090708103205,7,7,both,True
grid_last_state_only,0.75,85,20090728224637,2,2,both,True
grid_last_state_only,0.75,85,20090729094626,7,7,both,True
grid_last_state_only,0.75,85,20090729224538,2,2,both,True
grid_last_state_only,0.75,85,20090731012359,14,14,both,True
grid_last_state_only,0.75,85,20090731143502,9,9,both,True
grid_last_state_only,0.75,85,20090731144247,39,39,both,True
grid_last_state_only,0.75,85,20090803041141,13,13,both,True
grid_last_state_only,0.75,85,20090806224424,39,39,both,True
grid_last_state_only,0.75,85,20090806224944,9,9,both,True
grid_last_state_only,0.75,85,20090808054506,7,7,both,True
grid_last_state_only,0.75,85,20090810010623,7,7,both,True
grid_last_state_only,0.75,85,20090811003034,7,7,both,True
grid_last_state_only,0.75,85,20090811112747,39,39,both,True
grid_last_state_only,0.75,85,20090812004828,9,9,both,True
grid_last_state_only,0.75,85,20090812113901,39,39,both,True
grid_last_state_only,0.75,85,20090815062008,7,7,both,True
grid_last_state_only,0.75,85,20090819113327,39,39,both,True
grid_last_state_only,0.75,85,20090821113358,39,39,both,True
grid_last_state_only,0.75,85,20090823235050,9,9,both,True
grid_last_state_only,0.75,85,20090824104328,7,7,both,True
grid_last_state_only,0.75,85,20090825112752,39,39,both,True
grid_last_state_only,0.75,85,20090826004628,9,9,both,True
grid_last_state_only,0.75,85,20090826120059,39,39,both,True
grid_last_state_only,0.75,85,20090827005251,9,9,both,True
grid_last_state_only,0.75,85,20090827133834,39,39,both,True
grid_last_state_only,0.75,85,20090831000922,9,9,both,True
grid_last_state_only,0.75,85,20090831113328,39,39,both,True
grid_last_state_only,0.75,85,20090831234852,39,39,both,True
grid_last_state_only,0.75,85,20090901110034,39,39,both,True
grid_last_state_only,0.75,85,20090902012058,13,13,both,True
grid_last_state_only,0.75,85,20090902084004,8,8,both,True
grid_last_state_only,0.75,85,20090903104733,8,8,both,True
grid_last_state_only,0.75,85,20090907010827,9,9,both,True
grid_last_state_only,0.75,85,20090907132604,39,39,both,True
grid_last_state_only,0.75,85,20090908003822,9,9,both,True
grid_last_state_only,0.75,85,20090908112534,39,39,both,True
grid_last_state_only,0.75,85,20090908120539,39,39,both,True
grid_last_state_only,0.75,85,20090909004052,9,9,both,True
grid_last_state_only,0.75,85,20090909114334,39,39,both,True
grid_last_state_only,0.75,85,20090910011022,9,9,both,True
grid_last_state_only,0.75,85,20090910111233,39,39,both,True
grid_last_state_only,0.75,85,20090911004404,9,9,both,True
grid_last_state_only,0.75,85,20090911105604,39,39,both,True
grid_last_state_only,0.75,85,20090912064500,13,13,both,True
grid_last_state_only,0.75,85,20090913233334,9,9,both,True
grid_last_state_only,0.75,85,20090914142328,39,39,both,True
grid_last_state_only,0.75,85,20090915122804,39,39,both,True
grid_last_state_only,0.75,85,20090915235904,9,9,both,True
grid_last_state_only,0.75,85,20090916114222,39,39,both,True
grid_last_state_only,0.75,85,20090917000404,9,9,both,True
grid_last_state_only,0.75,85,20090917140604,39,39,both,True
grid_last_state_only,0.75,85,20090918004028,9,9,both,True
grid_last_state_only,0.75,85,20090918103558,39,39,both,True
grid_last_state_only,0.75,85,20090920235003,39,39,both,True
grid_last_state_only,0.75,85,20090921114804,39,39,both,True
grid_last_state_only,0.75,85,20090922005527,9,9,both,True
grid_last_state_only,0.75,85,20090922112322,39,39,both,True
grid_last_state_only,0.75,85,20090923004734,9,9,both,True
grid_last_state_only,0.75,85,20090923114133,9,9,both,True
grid_last_state_only,0.75,85,20090924003152,9,9,both,True
grid_last_state_only,0.75,85,20090924102917,39,39,both,True
grid_last_state_only,0.75,85,20090925010022,9,9,both,True
grid_last_state_only,0.75,85,20090925110722,39,39,both,True
grid_last_state_only,0.75,85,20090927005434,9,9,both,True
grid_last_state_only,0.75,85,20090927113103,39,39,both,True
grid_last_state_only,0.75,85,20090928005404,9,9,both,True
grid_last_state_only,0.75,85,20090928104630,39,39,both,True
grid_last_state_only,0.75,88,20081008230701,1,1,both,True
grid_last_state_only,0.75,88,20081009110224,0,0,both,True
grid_last_state_only,0.75,88,20081010083431,4,4,both,True
grid_last_state_only,0.75,88,20081010093335,0,0,both,True
grid_last_state_only,0.75,88,20081011042923,0,0,both,True
grid_last_state_only,0.75,88,20081011060634,0,0,both,True
grid_last_state_only,0.75,88,20081011065339,0,0,both,True
grid_last_state_only,0.75,88,20081011085649,4,4,both,True
grid_last_state_only,0.75,88,20081012062217,4,4,both,True
grid_last_state_only,0.75,88,20081012070422,4,4,both,True
grid_last_state_only,0.75,88,20081012074052,4,4,both,True
grid_last_state_only,0.75,88,20081012075807,4,4,both,True
grid_last_state_only,0.75,89,20080608133334,16,16,both,True
grid_last_state_only,0.75,89,20080630042612,1,1,both,True
grid_last_state_only,0.75,89,20080630112527,0,0,both,True
grid_last_state_only,0.75,89,20080701013734,1,1,both,True
grid_last_state_only,0.75,89,20080701152128,0,0,both,True
grid_last_state_only,0.75,89,20080702024722,1,1,both,True
grid_last_state_only,0.75,89,20080702111733,0,0,both,True
grid_last_state_only,0.75,89,20080703232504,1,1,both,True
grid_last_state_only,0.75,89,20080704113017,0,0,both,True
grid_last_state_only,0.75,89,20080707015234,1,1,both,True
grid_last_state_only,0.75,89,20080707111403,0,0,both,True
grid_last_state_only,0.75,89,20080708040557,1,1,both,True
grid_last_state_only,0.75,89,20080708112620,0,0,both,True
grid_last_state_only,0.75,89,20080710112328,0,0,both,True
grid_last_state_only,0.75,89,20080801060709,3,3,both,True
grid_last_state_only,0.75,91,20071225091747,2,2,both,True
grid_last_state_only,0.75,91,20071226090757,3,3,both,True
grid_last_state_only,0.75,91,20071226222755,0,0,both,True
grid_last_state_only,0.75,91,20071229205638,1,1,both,True
grid_last_state_only,0.75,91,20071230151046,2,2,both,True
grid_last_state_only,0.75,91,20071231224803,0,0,both,True
grid_last_state_only,0.75,91,20080101092300,3,3,both,True
grid_last_state_only,0.75,91,20080103223737,0,0,both,True
grid_last_state_only,0.75,91,20080104094315,0,0,both,True
grid_last_state_only,0.75,91,20080104230531,0,0,both,True
grid_last_state_only,0.75,91,20080105133207,0,0,both,True
grid_last_state_only,0.75,91,20080106220745,0,0,both,True
grid_last_state_only,0.75,91,20080107095553,3,3,both,True
grid_last_state_only,0.75,91,20080107215023,0,0,both,True
grid_last_state_only,0.75,91,20080108092013,1,1,both,True
grid_last_state_only,0.75,91,20080108230737,0,0,both,True
grid_last_state_only,0.75,91,20080109222750,0,0,both,True
grid_last_state_only,0.75,91,20080110083725,2,2,both,True
grid_last_state_only,0.75,91,20080110221246,0,0,both,True
grid_last_state_only,0.75,91,20080111220619,0,0,both,True
grid_last_state_only,0.75,91,20080114222434,0,0,both,True
grid_last_state_only,0.75,91,20080115080303,0,0,both,True
grid_last_state_only,0.75,91,20080118230907,0,0,both,True
grid_last_state_only,0.75,92,20080609070837,9,9,both,True
grid_last_state_only,0.75,92,20080615000608,25,25,both,True
grid_last_state_only,0.75,92,20080615074701,3,3,both,True
grid_last_state_only,0.75,92,20080620065746,17,17,both,True
grid_last_state_only,0.75,92,20080620073920,3,3,both,True
grid_last_state_only,0.75,92,20080621132447,3,3,both,True
grid_last_state_only,0.75,92,20080621171637,3,3,both,True
grid_last_state_only,0.75,92,20080626112007,9,9,both,True
grid_last_state_only,0.75,92,20080626181626,3,3,both,True
grid_last_state_only,0.75,92,20080629095405,3,3,both,True
grid_last_state_only,0.75,92,20080703052933,3,3,both,True
grid_last_state_only,0.75,92,20080703142414,9,9,both,True
grid_last_state_only,0.75,92,20080705083321,25,25,both,True
grid_last_state_only,0.75,92,20080705191801,3,3,both,True
grid_last_state_only,0.75,92,20080707094314,3,3,both,True
grid_last_state_only,0.75,92,20080710083328,3,3,both,True
grid_last_state_only,0.75,92,20080714074403,10,10,both,True
grid_last_state_only,0.75,92,20080715131602,7,7,both,True
grid_last_state_only,0.75,92,20080715132532,10,10,both,True
grid_last_state_only,0.75,92,20080718073025,19,19,both,True
grid_last_state_only,0.75,92,20080719182301,3,3,both,True
grid_last_state_only,0.75,92,20080720155229,3,3,both,True
grid_last_state_only,0.75,92,20080721072245,19,19,both,True
grid_last_state_only,0.75,92,20080721174236,3,3,both,True
grid_last_state_only,0.75,92,20080723191215,3,3,both,True
grid_last_state_only,0.75,92,20080725173515,3,3,both,True
grid_last_state_only,0.75,92,20080728072301,3,3,both,True
grid_last_state_only,0.75,92,20080730161553,19,19,both,True
grid_last_state_only,0.75,92,20080802183007,3,3,both,True
grid_last_state_only,0.75,92,20080804123326,19,19,both,True
grid_last_state_only,0.75,92,20080806073008,19,19,both,True
grid_last_state_only,0.75,92,20080806235848,3,3,both,True
grid_last_state_only,0.75,92,20080811072411,19,19,both,True
grid_last_state_only,0.75,92,20080812073233,19,19,both,True
grid_last_state_only,0.75,92,20080813073848,19,19,both,True
grid_last_state_only,0.75,92,20080814074950,19,19,both,True
grid_last_state_only,0.75,96,20081026021723,1,1,both,True
grid_last_state_only,0.75,96,20081026113752,0,0,both,True
grid_last_state_only,0.75,96,20081027012336,5,5,both,True
grid_last_state_only,0.75,96,20081027052305,0,0,both,True
grid_last_state_only,0.75,96,20081027060537,1,1,both,True
grid_last_state_only,0.75,96,20081028111959,1,1,both,True
grid_last_state_only,0.75,96,20081030135435,1,1,both,True
grid_last_state_only,0.75,96,20081101013523,1,1,both,True
grid_last_state_only,0.75,96,20081105141854,1,1,both,True
grid_last_state_only,0.75,96,20081106023054,1,1,both,True
grid_last_state_only,0.75,96,20081107090836,0,0,both,True
grid_last_state_only,0.75,96,20081109014530,1,1,both,True
grid_last_state_only,0.75,96,20081109120329,0,0,both,True
grid_last_state_only,0.75,96,20081114044453,0,0,both,True
grid_last_state_only,0.75,96,20081115015705,1,1,both,True
grid_last_state_only,0.75,96,20081115105653,5,5,both,True
grid_last_state_only,0.75,96,20081116065153,0,0,both,True
grid_last_state_only,0.75,96,20081117023535,0,0,both,True
grid_last_state_only,0.75,96,20081117030757,1,1,both,True
grid_last_state_only,0.75,96,20081128113925,1,1,both,True
grid_last_state_only,0.75,96,20081129015805,1,1,both,True
grid_last_state_only,0.75,96,20081201120252,1,1,both,True
grid_last_state_only,0.75,96,20081203134752,1,1,both,True
grid_last_state_only,0.75,96,20081205054605,1,1,both,True
grid_last_state_only,0.75,96,20081208033705,0,0,both,True
grid_last_state_only,0.75,96,20081210094559,1,1,both,True
grid_last_state_only,0.75,96,20081211005853,0,0,both,True
grid_last_state_only,0.75,101,20080402055227,5,5,both,True
grid_last_state_only,0.75,101,20080402064856,5,5,both,True
grid_last_state_only,0.75,101,20080402125307,5,5,both,True
grid_last_state_only,0.75,101,20080402130216,5,5,both,True
grid_last_state_only,0.75,101,20080406052656,5,5,both,True
grid_last_state_only,0.75,101,20080407030128,5,5,both,True
grid_last_state_only,0.75,101,20080411121437,5,5,both,True
grid_last_state_only,0.75,101,20080418035836,5,5,both,True
grid_last_state_only,0.75,101,20080507062347,5,5,both,True
grid_last_state_only,0.75,101,20080507070528,5,5,both,True
grid_last_state_only,0.75,101,20080509115416,5,5,both,True
grid_last_state_only,0.75,101,20080522095436,5,5,both,True
grid_last_state_only,0.75,101,20080629025234,5,5,both,True
grid_last_state_only,0.75,101,20080629063734,5,5,both,True
grid_last_state_only,0.75,101,20080629075340,13,13,both,True
grid_last_state_only,0.75,101,20080629121541,5,5,both,True
grid_last_state_only,0.75,103,20080916044613,0,0,both,True
grid_last_state_only,0.75,103,20080916101236,2,2,both,True
grid_last_state_only,0.75,103,20080917110637,2,2,both,True
grid_last_state_only,0.75,103,20080917135224,2,2,both,True
grid_last_state_only,0.75,103,20080917231611,2,2,both,True
grid_last_state_only,0.75,103,20080918042849,0,0,both,True
grid_last_state_only,0.75,103,20080918070148,0,0,both,True
grid_last_state_only,0.75,103,20080919061140,0,0,both,True
grid_last_state_only,0.75,103,20080919070700,0,0,both,True
grid_last_state_only,0.75,103,20080919092921,0,0,both,True
grid_last_state_only,0.75,103,20080920061016,3,3,both,True
grid_last_state_only,0.75,103,20080920104637,2,2,both,True
grid_last_state_only,0.75,112,20080625011601,0,0,both,True
grid_last_state_only,0.75,112,20080625172633,18,18,both,True
grid_last_state_only,0.75,112,20080626031425,0,0,both,True
grid_last_state_only,0.75,112,20080626165615,18,18,both,True
grid_last_state_only,0.75,112,20080627103629,0,0,both,True
grid_last_state_only,0.75,112,20080628100846,0,0,both,True
grid_last_state_only,0.75,112,20080628165309,18,18,both,True
grid_last_state_only,0.75,112,20080629004633,28,28,both,True
grid_last_state_only,0.75,112,20080629043556,0,0,both,True
grid_last_state_only,0.75,112,20080629165831,18,18,both,True
grid_last_state_only,0.75,112,20080630015803,0,0,both,True
grid_last_state_only,0.75,112,20080630160716,18,18,both,True
grid_last_state_only,0.75,112,20080701052937,32,32,both,True
grid_last_state_only,0.75,112,20080701194739,18,18,both,True
grid_last_state_only,0.75,112,20080702020309,0,0,both,True
grid_last_state_only,0.75,112,20080702161309,18,18,both,True
grid_last_state_only,0.75,112,20080703015604,0,0,both,True
grid_last_state_only,0.75,112,20080703153003,18,18,both,True
grid_last_state_only,0.75,112,20080704021011,0,0,both,True
grid_last_state_only,0.75,112,20080704171509,18,18,both,True
grid_last_state_only,0.75,112,20080705053420,0,0,both,True
grid_last_state_only,0.75,112,20080705164758,18,18,both,True
grid_last_state_only,0.75,112,20080706014330,28,28,both,True
grid_last_state_only,0.75,112,20080706083034,17,17,both,True
grid_last_state_only,0.75,112,20080706173438,18,18,both,True
grid_last_state_only,0.75,112,20080707022437,0,0,both,True
grid_last_state_only,0.75,112,20080707162139,18,18,both,True
grid_last_state_only,0.75,112,20080708162052,18,18,both,True
grid_last_state_only,0.75,112,20080709012639,0,0,both,True
grid_last_state_only,0.75,112,20080709171521,18,18,both,True
grid_last_state_only,0.75,112,20080710022932,0,0,both,True
grid_last_state_only,0.75,112,20080710095337,0,0,both,True
grid_last_state_only,0.75,112,20080710114615,0,0,both,True
grid_last_state_only,0.75,112,20080711020311,0,0,both,True
grid_last_state_only,0.75,112,20080713004126,28,28,both,True
grid_last_state_only,0.75,112,20080713064523,0,0,both,True
grid_last_state_only,0.75,112,20080713093807,0,0,both,True
grid_last_state_only,0.75,112,20080713162846,18,18,both,True
grid_last_state_only,0.75,112,20080715125857,18,18,both,True
grid_last_state_only,0.75,112,20080715141929,0,0,both,True
grid_last_state_only,0.75,112,20080715165809,18,18,both,True
grid_last_state_only,0.75,112,20080716020639,0,0,both,True
grid_last_state_only,0.75,112,20080716103338,0,0,both,True
grid_last_state_only,0.75,112,20080716154342,0,0,both,True
grid_last_state_only,0.75,112,20080717012048,0,0,both,True
grid_last_state_only,0.75,112,20080717152304,0,0,both,True
grid_last_state_only,0.75,112,20080718013204,0,0,both,True
grid_last_state_only,0.75,119,20080922003552,0,0,both,True
grid_last_state_only,0.75,119,20080922141505,0,0,both,True
grid_last_state_only,0.75,119,20080923103305,0,0,both,True
grid_last_state_only,0.75,119,20080924010734,0,0,both,True
grid_last_state_only,0.75,119,20080925002004,0,0,both,True
grid_last_state_only,0.75,119,20080927005205,0,0,both,True
grid_last_state_only,0.75,119,20080927125153,0,0,both,True
grid_last_state_only,0.75,119,20080930070335,0,0,both,True
grid_last_state_only,0.75,119,20080930075522,0,0,both,True
grid_last_state_only,0.75,119,20081005041023,0,0,both,True
grid_last_state_only,0.75,119,20081006001735,0,0,both,True
grid_last_state_only,0.75,126,20081212033806,4,4,both,True
grid_last_state_only,0.75,126,20081213004659,5,5,both,True
grid_last_state_only,0.75,126,20081214061053,5,5,both,True
grid_last_state_only,0.75,126,20081215091804,4,4,both,True
grid_last_state_only,0.75,126,20081215092501,4,4,both,True
grid_last_state_only,0.75,126,20081216145734,11,11,both,True
grid_last_state_only,0.75,126,20081217012730,4,4,both,True
grid_last_state_only,0.75,126,20081220053722,4,4,both,True
grid_last_state_only,0.75,126,20081221091036,5,5,both,True
grid_last_state_only,0.75,126,20081222152354,11,11,both,True
grid_last_state_only,0.75,126,20081223021508,4,4,both,True
grid_last_state_only,0.75,126,20081223114649,5,5,both,True
grid_last_state_only,0.75,126,20081224083759,4,4,both,True
grid_last_state_only,0.75,126,20081224150332,11,11,both,True
grid_last_state_only,0.75,126,20081225013437,4,4,both,True
grid_last_state_only,0.75,126,20081225175024,11,11,both,True
grid_last_state_only,0.75,126,20081226014209,41,41,both,True
grid_last_state_only,0.75,126,20081228032227,5,5,both,True
grid_last_state_only,0.75,126,20081228171208,11,11,both,True
grid_last_state_only,0.75,126,20081229023536,4,4,both,True
grid_last_state_only,0.75,126,20081229160739,11,11,both,True
grid_last_state_only,0.75,126,20081231100109,4,4,both,True
grid_last_state_only,0.75,126,20090101140537,4,4,both,True
grid_last_state_only,0.75,126,20090106101155,4,4,both,True
grid_last_state_only,0.75,126,20090111132534,11,11,both,True
grid_last_state_only,0.75,126,20090112034936,4,4,both,True
grid_last_state_only,0.75,126,20090112162902,11,11,both,True
grid_last_state_only,0.75,126,20090113015238,11,11,both,True
grid_last_state_only,0.75,126,20090114122432,4,4,both,True
grid_last_state_only,0.75,126,20090115014729,5,5,both,True
grid_last_state_only,0.75,126,20090116023156,4,4,both,True
grid_last_state_only,0.75,126,20090116161154,11,11,both,True
grid_last_state_only,0.75,126,20090117023705,4,4,both,True
grid_last_state_only,0.75,126,20090118041307,4,4,both,True
grid_last_state_only,0.75,126,20090118143859,5,5,both,True
grid_last_state_only,0.75,126,20090119070358,4,4,both,True
grid_last_state_only,0.75,126,20090120055508,11,11,both,True
grid_last_state_only,0.75,126,20090121064258,4,4,both,True
grid_last_state_only,0.75,126,20090121183707,11,11,both,True
grid_last_state_only,0.75,126,20090122050259,5,5,both,True
grid_last_state_only,0.75,126,20090124035138,11,11,both,True
grid_last_state_only,0.75,126,20090125020229,11,11,both,True
grid_last_state_only,0.75,126,20090126054447,5,5,both,True
grid_last_state_only,0.75,126,20090128035001,4,4,both,True
grid_last_state_only,0.75,126,20090202105828,11,11,both,True
grid_last_state_only,0.75,126,20090203063004,4,4,both,True
grid_last_state_only,0.75,126,20090203143356,11,11,both,True
grid_last_state_only,0.75,126,20090204035659,4,4,both,True
grid_last_state_only,0.75,126,20090205033759,4,4,both,True
grid_last_state_only,0.75,126,20090206055100,4,4,both,True
grid_last_state_only,0.75,126,20090207004237,4,4,both,True
grid_last_state_only,0.75,126,20090207103659,11,11,both,True
grid_last_state_only,0.75,126,20090208012352,41,41,both,True
grid_last_state_only,0.75,126,20090210154623,11,11,both,True
grid_last_state_only,0.75,126,20090211044036,11,11,both,True
grid_last_state_only,0.75,126,20090213025810,4,4,both,True
grid_last_state_only,0.75,126,20090214035934,11,11,both,True
grid_last_state_only,0.75,126,20090215103622,5,5,both,True
grid_last_state_only,0.75,126,20090215180922,11,11,both,True
grid_last_state_only,0.75,126,20090216032915,4,4,both,True
grid_last_state_only,0.75,126,20090216172536,11,11,both,True
grid_last_state_only,0.75,126,20090217015359,4,4,both,True
grid_last_state_only,0.75,126,20090222102105,4,4,both,True
grid_last_state_only,0.75,134,20080103185715,5,5,both,True
grid_last_state_only,0.75,134,20080104192055,1,1,both,True
grid_last_state_only,0.75,134,20080105101716,4,4,both,True
grid_last_state_only,0.75,134,20080105224708,1,1,both,True
grid_last_state_only,0.75,134,20080107232831,4,4,both,True
grid_last_state_only,0.75,134,20080109110907,0,0,both,True
grid_last_state_only,0.75,134,20080111104704,0,0,both,True
grid_last_state_only,0.75,134,20080123204917,1,1,both,True
grid_last_state_only,0.75,134,20080124232414,1,1,both,True
grid_last_state_only,0.75,134,20080125214105,1,1,both,True
grid_last_state_only,0.75,134,20080126201731,1,1,both,True
grid_last_state_only,0.75,134,20080128232012,5,5,both,True
grid_last_state_only,0.75,134,20080131181918,0,0,both,True
grid_last_state_only,0.75,134,20080201122139,0,0,both,True
grid_last_state_only,0.75,134,20080204234133,1,1,both,True
grid_last_state_only,0.75,134,20080205091700,0,0,both,True
grid_last_state_only,0.75,144,20090320105734,8,8,both,True
grid_last_state_only,0.75,144,20090320220234,77,77,both,True
grid_last_state_only,0.75,144,20090321083221,39,39,both,True
grid_last_state_only,0.75,144,20090322014034,39,39,both,True
grid_last_state_only,0.75,144,20090323015052,39,39,both,True
grid_last_state_only,0.75,144,20090324004422,39,39,both,True
grid_last_state_only,0.75,144,20090326091104,8,8,both,True
grid_last_state_only,0.75,144,20090520102033,8,8,both,True
grid_last_state_only,0.75,144,20090521014154,16,16,both,True
grid_last_state_only,0.75,144,20090522002338,16,16,both,True
grid_last_state_only,0.75,144,20090522091556,25,25,both,True
grid_last_state_only,0.75,144,20090522221207,8,8,both,True
grid_last_state_only,0.75,144,20090525235137,21,21,both,True
grid_last_state_only,0.75,144,20090527145304,54,54,both,True
grid_last_state_only,0.75,144,20090529010040,95,95,both,True
grid_last_state_only,0.75,144,20090529232430,83,83,both,True
grid_last_state_only,0.75,144,20090531114801,8,8,both,True
grid_last_state_only,0.75,144,20090601112421,25,25,both,True
grid_last_state_only,0.75,144,20090601235432,25,25,both,True
grid_last_state_only,0.75,144,20090602235107,9,9,both,True
grid_last_state_only,0.75,144,20090603101837,8,8,both,True
grid_last_state_only,0.75,144,20090606065236,8,8,both,True
grid_last_state_only,0.75,144,20090607060603,8,8,both,True
grid_last_state_only,0.75,144,20090608235536,25,25,both,True
grid_last_state_only,0.75,144,20090609110322,8,8,both,True
grid_last_state_only,0.75,144,20090609235238,25,25,both,True
grid_last_state_only,0.75,144,20090613020636,8,8,both,True
grid_last_state_only,0.75,144,20090614073117,8,8,both,True
grid_last_state_only,0.75,144,20090614235131,9,9,both,True
grid_last_state_only,0.75,144,20090616024001,21,21,both,True
grid_last_state_only,0.75,144,20090616235600,8,8,both,True
grid_last_state_only,0.75,144,20090617102729,9,9,both,True
grid_last_state_only,0.75,144,20090620033405,67,67,both,True
grid_last_state_only,0.75,144,20090622113007,8,8,both,True
grid_last_state_only,0.75,144,20090622234605,9,9,both,True
grid_last_state_only,0.75,144,20090624235454,9,9,both,True
grid_last_state_only,0.75,144,20090625103805,8,8,both,True
grid_last_state_only,0.75,144,20090626000502,25,25,both,True
grid_last_state_only,0.75,144,20090627030407,8,8,both,True
grid_last_state_only,0.75,144,20090628061504,8,8,both,True
grid_last_state_only,0.75,144,20090628234833,9,9,both,True
grid_last_state_only,0.75,144,20090629235727,25,25,both,True
grid_last_state_only,0.75,144,20090701235103,9,9,both,True
grid_last_state_only,0.75,144,20090702235757,25,25,both,True
grid_last_state_only,0.75,144,20090704015352,71,71,both,True
grid_last_state_only,0.75,144,20090706033310,74,74,both,True
grid_last_state_only,0.75,144,20090707230534,74,74,both,True
grid_last_state_only,0.75,144,20090715203207,8,8,both,True
grid_last_state_only,0.75,144,20090715203922,8,8,both,True
grid_last_state_only,0.75,144,20090717111355,1,1,both,True
grid_last_state_only,0.75,144,20090719065636,7,7,both,True
grid_last_state_only,0.75,144,20090720000052,8,8,both,True
grid_last_state_only,0.75,144,20090722104535,9,9,both,True
grid_last_state_only,0.75,144,20090723102429,8,8,both,True
grid_last_state_only,0.75,144,20090723235233,25,25,both,True
grid_last_state_only,0.75,144,20090724100436,8,8,both,True
grid_last_state_only,0.75,144,20090725012937,9,9,both,True
grid_last_state_only,0.75,144,20090726084226,8,8,both,True
grid_last_state_only,0.75,144,20090726235306,9,9,both,True
grid_last_state_only,0.75,144,20090727110936,8,8,both,True
grid_last_state_only,0.75,144,20090728000707,1,1,both,True
grid_last_state_only,0.75,144,20090729001633,16,16,both,True
grid_last_state_only,0.75,144,20090729235433,9,9,both,True
grid_last_state_only,0.75,144,20090730104305,8,8,both,True
grid_last_state_only,0.75,144,20090731024535,67,67,both,True
grid_last_state_only,0.75,144,20090731233637,4,4,both,True
grid_last_state_only,0.75,144,20090802001036,8,8,both,True
grid_last_state_only,0.75,144,20090802235254,9,9,both,True
grid_last_state_only,0.75,144,20090803110500,9,9,both,True
grid_last_state_only,0.75,144,20090803235536,25,25,both,True
grid_last_state_only,0.75,144,20090804110750,8,8,both,True
grid_last_state_only,0.75,144,20090808060826,94,94,both,True
grid_last_state_only,0.75,144,20090808220159,8,8,both,True
grid_last_state_only,0.75,144,20090810235059,25,25,both,True
grid_last_state_only,0.75,144,20090811104834,89,89,both,True
grid_last_state_only,0.75,144,20090812100836,8,8,both,True
grid_last_state_only,0.75,144,20090813010535,16,16,both,True
grid_last_state_only,0.75,144,20090815031237,19,19,both,True
grid_last_state_only,0.75,144,20090816234933,9,9,both,True
grid_last_state_only,0.75,144,20090818104808,8,8,both,True
grid_last_state_only,0.75,144,20090819002103,16,16,both,True
grid_last_state_only,0.75,144,20090819093007,8,8,both,True
grid_last_state_only,0.75,144,20090819225202,0,0,both,True
grid_last_state_only,0.75,144,20090821003737,25,25,both,True
grid_last_state_only,0.75,144,20090821110053,8,8,both,True
grid_last_state_only,0.75,144,20090822075806,7,7,both,True
grid_last_state_only,0.75,144,20090823034437,0,0,both,True
grid_last_state_only,0.75,144,20090824101938,8,8,both,True
grid_last_state_only,0.75,144,20090825034334,35,35,both,True
grid_last_state_only,0.75,144,20090825235926,35,35,both,True
grid_last_state_only,0.75,144,20090827005038,35,35,both,True
grid_last_state_only,0.75,144,20090827114400,76,76,both,True
grid_last_state_only,0.75,144,20090828022936,21,21,both,True
grid_last_state_only,0.75,144,20090828154632,8,8,both,True
grid_last_state_only,0.75,144,20090830022303,8,8,both,True
grid_last_state_only,0.75,144,20090830235305,25,25,both,True
grid_last_state_only,0.75,144,20090903014903,21,21,both,True
grid_last_state_only,0.75,144,20090904034156,1,1,both,True
grid_last_state_only,0.75,144,20090905032524,8,8,both,True
grid_last_state_only,0.75,144,20090906023103,8,8,both,True
grid_last_state_only,0.75,144,20090906092908,16,16,both,True
grid_last_state_only,0.75,144,20090908234759,9,9,both,True
grid_last_state_only,0.75,144,20090909110407,8,8,both,True
grid_last_state_only,0.75,144,20090910004838,8,8,both,True
grid_last_state_only,0.75,144,20090911113635,8,8,both,True
grid_last_state_only,0.75,144,20090912053533,8,8,both,True
grid_last_state_only,0.75,144,20090913065703,25,25,both,True
grid_last_state_only,0.75,144,20090916001807,8,8,both,True
grid_last_state_only,0.75,144,20090916104304,8,8,both,True
grid_last_state_only,0.75,144,20090916234959,9,9,both,True
grid_last_state_only,0.75,144,20090917101935,8,8,both,True
grid_last_state_only,0.75,144,20090917235434,8,8,both,True
grid_last_state_only,0.75,144,20090918063018,8,8,both,True
grid_last_state_only,0.75,144,20090920052628,8,8,both,True
grid_last_state_only,0.75,144,20090920234831,9,9,both,True
grid_last_state_only,0.75,144,20090921102607,8,8,both,True
grid_last_state_only,0.75,144,20090921234959,25,25,both,True
grid_last_state_only,0.75,144,20090922235636,8,8,both,True
grid_last_state_only,0.75,144,20090923101746,8,8,both,True
grid_last_state_only,0.75,144,20090924054331,21,21,both,True
grid_last_state_only,0.75,147,20110429211108,3,3,both,True
grid_last_state_only,0.75,147,20110503092256,1,1,both,True
grid_last_state_only,0.75,147,20110503211058,3,3,both,True
grid_last_state_only,0.75,147,20110504090804,1,1,both,True
grid_last_state_only,0.75,147,20110504222727,3,3,both,True
grid_last_state_only,0.75,147,20110505093137,1,1,both,True
grid_last_state_only,0.75,147,20110509090537,1,1,both,True
grid_last_state_only,0.75,147,20110509213336,3,3,both,True
grid_last_state_only,0.75,147,20110510091728,1,1,both,True
grid_last_state_only,0.75,147,20110510220025,3,3,both,True
grid_last_state_only,0.75,147,20110511090033,1,1,both,True
grid_last_state_only,0.75,147,20110511220208,3,3,both,True
grid_last_state_only,0.75,147,20110512092100,1,1,both,True
grid_last_state_only,0.75,147,20110512213721,3,3,both,True
grid_last_state_only,0.75,147,20110513085630,1,1,both,True
grid_last_state_only,0.75,147,20110515092153,1,1,both,True
grid_last_state_only,0.75,147,20110516213330,3,3,both,True
grid_last_state_only,0.75,147,20110517221041,3,3,both,True
grid_last_state_only,0.75,147,20110518210025,3,3,both,True
grid_last_state_only,0.75,147,20110519084458,1,1,both,True
grid_last_state_only,0.75,168,20110808223334,5,5,both,True
grid_last_state_only,0.75,168,20110809130404,1,1,both,True
grid_last_state_only,0.75,168,20110809223728,5,5,both,True
grid_last_state_only,0.75,168,20110810114128,5,5,both,True
grid_last_state_only,0.75,168,20110810230703,5,5,both,True
grid_last_state_only,0.75,168,20110811111352,1,1,both,True
grid_last_state_only,0.75,168,20110813021333,1,1,both,True
grid_last_state_only,0.75,168,20110814082752,1,1,both,True
grid_last_state_only,0.75,168,20110814223234,5,5,both,True
grid_last_state_only,0.75,168,20110815094533,1,1,both,True
grid_last_state_only,0.75,168,20110815223434,5,5,both,True
grid_last_state_only,0.75,168,20110816121403,1,1,both,True
grid_last_state_only,0.75,168,20110816223828,5,5,both,True
grid_last_state_only,0.75,168,20110817113458,1,1,both,True
grid_last_state_only,0.75,168,20110817223957,5,5,both,True
grid_last_state_only,0.75,168,20110818101352,1,1,both,True
grid_last_state_only,0.75,168,20110820061322,5,5,both,True
grid_last_state_only,0.75,168,20110821223758,5,5,both,True
grid_last_state_only,0.75,168,20110822115552,1,1,both,True
grid_last_state_only,0.75,168,20110822224028,5,5,both,True
grid_last_state_only,0.75,168,20110823095558,1,1,both,True
grid_last_state_only,0.75,168,20110823224234,5,5,both,True
grid_last_state_only,0.75,168,20110824134528,1,1,both,True
grid_last_state_only,0.75,168,20110824224328,5,5,both,True
grid_last_state_only,0.75,179,20081021012324,9,9,both,True
grid_last_state_only,0.75,179,20081021110030,0,0,both,True
grid_last_state_only,0.75,179,20081026014505,9,9,both,True
grid_last_state_only,0.75,179,20081026113752,0,0,both,True
grid_last_state_only,0.75,179,20081027012336,9,9,both,True
grid_last_state_only,0.75,179,20081027123634,9,9,both,True
grid_last_state_only,0.75,179,20081027124519,0,0,both,True
grid_last_state_only,0.75,179,20081101013523,4,4,both,True
grid_last_state_only,0.75,179,20081106023054,9,9,both,True
grid_last_state_only,0.75,179,20081107090836,9,9,both,True
grid_last_state_only,0.75,179,20081109014530,0,0,both,True
grid_last_state_only,0.75,179,20081109120329,0,0,both,True
grid_last_state_only,0.75,179,20081115015705,4,4,both,True
grid_last_state_only,0.75,179,20081115105653,9,9,both,True
grid_last_state_only,0.75,179,20081116065153,0,0,both,True
grid_last_state_only,0.75,179,20081117025429,0,0,both,True
grid_last_state_only,0.75,179,20081117030421,0,0,both,True
grid_last_state_only,0.75,179,20081129015805,9,9,both,True
