catalog_eps_m,method,ratio,seeds,coverage_r80_mean,coverage_r80_sd,coverage_r80_min,coverage_r80_max,coverage_r90_mean,coverage_r90_sd,coverage_r90_min,coverage_r90_max,coverage_r95_mean,coverage_r95_sd,coverage_r95_min,coverage_r95_max,hit_r80_mean,hit_r80_sd,hit_r80_min,hit_r80_max,hit_r90_mean,hit_r90_sd,hit_r90_min,hit_r90_max,hit_r95_mean,hit_r95_sd,hit_r95_min,hit_r95_max,hit_fixed_200m_mean,hit_fixed_200m_sd,hit_fixed_200m_min,hit_fixed_200m_max,within_200m_mean,within_200m_sd,within_200m_min,within_200m_max,within_1000m_mean,within_1000m_sd,within_1000m_min,within_1000m_max,median_error_m_mean,median_error_m_sd,median_error_m_min,median_error_m_max,p90_error_m_mean,p90_error_m_sd,p90_error_m_min,p90_error_m_max,native_within_200m_mean,native_within_200m_sd,native_within_200m_min,native_within_200m_max,native_within_1000m_mean,native_within_1000m_sd,native_within_1000m_min,native_within_1000m_max,native_median_error_m_mean,native_median_error_m_sd,native_median_error_m_min,native_median_error_m_max,native_p90_error_m_mean,native_p90_error_m_sd,native_p90_error_m_min,native_p90_error_m_max,median_query_runtime_ms_mean,median_query_runtime_ms_sd,median_query_runtime_ms_min,median_query_runtime_ms_max
100.0,bigru,0.25,5,0.4387706655553768,6.206335383118183e-17,0.43877066555537686,0.43877066555537686,0.4999367658984156,0.0,0.4999367658984156,0.4999367658984156,0.5315845524207876,0.0,0.5315845524207876,0.5315845524207876,0.3071382682652851,0.009213745029183415,0.292387650448387,0.31679495674635993,0.3458353869498004,0.010695666949671938,0.32758396723348177,0.3548617092912807,0.3651968781455798,0.012893386326222575,0.3438876358365883,0.37637688007289266,0.4091356348829498,0.017551210279009063,0.3811604063654858,0.4237382378719163,0.42061477243574935,0.01770968934802066,0.3939069710303416,0.4363299535423691,0.498944930837492,0.022032074346997284,0.4705723625933174,0.5156299844718705,3785.056970335212,334.56745185031076,3273.7900350065347,4148.8151581578095,109144.2194079834,496.5640212415235,108452.75839250146,109588.53000481165,0.4200685539483544,0.018170511109191625,0.39292657887347887,0.4365400375759825,0.49915572401552266,0.022718995495119805,0.4695919704364547,0.5160897233685451,3785.6680697446945,334.0360868682823,3275.202744457596,4148.8060696713555,109144.12065286457,496.83046547551373,108451.85894182924,109588.2046749611,,,,
100.0,bigru,0.5,5,0.4387706655553768,6.206335383118183e-17,0.43877066555537686,0.43877066555537686,0.4999367658984156,0.0,0.4999367658984156,0.4999367658984156,0.5315845524207876,0.0,0.5315845524207876,0.5315845524207876,0.3249928687628112,0.01640209327064506,0.30189232290738693,0.3474215494120937,0.36805273301697905,0.01601501849974526,0.3445184925102804,0.38831479487302156,0.3865946006012334,0.01698158917847982,0.3612577761610562,0.4075599529966751,0.42989634582809855,0.01874551004835311,0.40060282585805174,0.45183659572224383,0.4421633583599496,0.019600375775120422,0.41334939052290753,0.46779625424597354,0.5222008744319717,0.021621184075960025,0.4946795678336818,0.5543493384920987,3172.6935016289663,288.5806396241098,2895.7240284186514,3572.935500340704,107674.90635017655,647.7418492212232,106592.47541143552,108300.95796230278,0.4416171398725545,0.0198621560330296,0.4123689983660448,0.46779625424597354,0.5220047960005991,0.021935329292503997,0.49369917567681904,0.5543493384920987,3172.799780863498,288.785375005351,2895.1430949111736,3572.6603471739622,107675.28197502161,647.7179828247525,106592.76051817536,108300.88728849546,,,,
100.0,bigru,0.66,5,0.4387706655553768,6.206335383118183e-17,0.43877066555537686,0.43877066555537686,0.4999367658984156,0.0,0.4999367658984156,0.4999367658984156,0.5315845524207876,0.0,0.5315845524207876,0.5315845524207876,0.32800150393374733,0.01433507953079871,0.30783575376015626,0.34703321750120414,0.3705465376799987,0.015181451962137958,0.3486100715111978,0.3890602022363699,0.39025667979435374,0.01648507444934136,0.3657673605435333,0.40953459304993023,0.4362039874134984,0.016574760625081085,0.41265864152408266,0.4578702351489,0.44868135722092406,0.018146278615691184,0.4242147299984623,0.47455165580743536,0.5349743314375919,0.02145978607293533,0.5125738043948704,0.5705191488665232,3012.381084430878,169.0721180978977,2744.8653947087173,3201.148609058398,105505.78400081089,1304.5880558876918,103233.14112614306,106583.40393420673,0.4481351387335291,0.01840580253718058,0.4232343378415996,0.47455165580743536,0.5347782530062193,0.02171854743217268,0.5115934122380077,0.5705191488665232,3012.5748752682402,169.02960438759828,2745.376040054248,3201.443732251033,105506.13427636384,1304.590095784793,103233.44541058011,106583.55486627789,,,,
100.0,bigru,0.75,5,0.4387706655553768,6.206335383118183e-17,0.43877066555537686,0.43877066555537686,0.4999367658984156,0.0,0.4999367658984156,0.4999367658984156,0.5315845524207876,0.0,0.5315845524207876,0.5315845524207876,0.3321504813497883,0.013985016308241395,0.31192151813324,0.34800162341253243,0.3774200703052263,0.015996927474949352,0.35344780124830116,0.39581181690634776,0.39826391212153517,0.01752712591432761,0.37179556647111284,0.41797419634819527,0.4438082026943169,0.01630735179188786,0.41962075549763916,0.4644216594506544,0.45763274384891395,0.01839986198211249,0.43236732016249496,0.4835399950461046,0.5416791945316467,0.020707012286120575,0.5230877368412001,0.5772700221378835,2676.6296335779507,274.9669573277559,2378.354532266449,3030.2889358721727,104885.82535574675,1101.431625088012,103035.46494375665,105789.81347334398,0.45684843012342363,0.018746914083572146,0.4313869280056322,0.4835399950461046,0.5412870376689016,0.020992322492149246,0.5221073446843374,0.5772700221378835,2677.145837052361,275.06903230916936,2378.2879280992934,3030.9919824644103,104886.17452329374,1101.6427093345333,103035.43477261433,105790.01306723911,,,,
100.0,current_position_only_personal_retrieval,0.25,1,0.43877066555537686,0.0,0.43877066555537686,0.43877066555537686,0.4999367658984156,0.0,0.4999367658984156,0.4999367658984156,0.5315845524207876,0.0,0.5315845524207876,0.5315845524207876,0.22098096736842965,0.0,0.22098096736842965,0.22098096736842965,0.25398203179658846,0.0,0.25398203179658846,0.25398203179658846,0.2652356160144794,0.0,0.2652356160144794,0.2652356160144794,0.32024136842188133,0.0,0.32024136842188133,0.32024136842188133,0.3420863964025271,0.0,0.3420863964025271,0.3420863964025271,0.46490796178222643,0.0,0.46490796178222643,0.46490796178222643,4292.764538794897,0.0,4292.764538794897,4292.764538794897,101139.88095289544,0.0,101139.88095289544,101139.88095289544,0.3441742469719406,0.0,0.3441742469719406,0.3441742469719406,0.4663102948673592,0.0,0.4663102948673592,0.4663102948673592,4290.680898801919,0.0,4290.680898801919,4290.680898801919,101146.28332970662,0.0,101146.28332970662,101146.28332970662,0.0,0.0,0.0,0.0
100.0,current_position_only_personal_retrieval,0.5,1,0.43877066555537686,0.0,0.43877066555537686,0.43877066555537686,0.4999367658984156,0.0,0.4999367658984156,0.4999367658984156,0.5315845524207876,0.0,0.5315845524207876,0.5315845524207876,0.22407784502651878,0.0,0.22407784502651878,0.22407784502651878,0.24829262949040043,0.0,0.24829262949040043,0.24829262949040043,0.2626879354110735,0.0,0.2626879354110735,0.2626879354110735,0.2957070090809751,0.0,0.2957070090809751,0.2957070090809751,0.3204269776054864,0.0,0.3204269776054864,0.3204269776054864,0.45123748407746433,0.0,0.45123748407746433,0.45123748407746433,4089.2823835206405,0.0,4089.2823835206405,4089.2823835206405,76899.22547609896,0.0,76899.22547609896,76899.22547609896,0.31965072074627227,0.0,0.31965072074627227,0.31965072074627227,0.449187573204024,0.0,0.449187573204024,0.449187573204024,4100.845370776396,0.0,4100.845370776396,4100.845370776396,76901.21507367441,0.0,76901.21507367441,76901.21507367441,0.0,0.0,0.0,0.0
100.0,current_position_only_personal_retrieval,0.66,1,0.43877066555537686,0.0,0.43877066555537686,0.43877066555537686,0.4999367658984156,0.0,0.4999367658984156,0.4999367658984156,0.5315845524207876,0.0,0.5315845524207876,0.5315845524207876,0.2680633563255577,0.0,0.2680633563255577,0.2680633563255577,0.3013840715471476,0.0,0.3013840715471476,0.3013840715471476,0.3143224130628403,0.0,0.3143224130628403,0.3143224130628403,0.3615737356321919,0.0,0.3615737356321919,0.3615737356321919,0.38807012668960106,0.0,0.38807012668960106,0.38807012668960106,0.5087258181424712,0.0,0.5087258181424712,0.5087258181424712,3353.983291416228,0.0,3353.983291416228,3353.983291416228,72402.45475144553,0.0,72402.45475144553,72402.45475144553,0.3883068291008967,0.0,0.3883068291008967,0.3883068291008967,0.5033145627312158,0.0,0.5033145627312158,0.5033145627312158,3359.028571538009,0.0,3359.028571538009,3359.028571538009,72399.40399058792,0.0,72399.40399058792,72399.40399058792,0.0,0.0,0.0,0.0
100.0,current_position_only_personal_retrieval,0.75,1,0.43877066555537686,0.0,0.43877066555537686,0.43877066555537686,0.4999367658984156,0.0,0.4999367658984156,0.4999367658984156,0.5315845524207876,0.0,0.5315845524207876,0.5315845524207876,0.3013992750616493,0.0,0.3013992750616493,0.3013992750616493,0.3383552396190846,0.0,0.3383552396190846,0.3383552396190846,0.3526497173677491,0.0,0.3526497173677491,0.3526497173677491,0.408844993127366,0.0,0.408844993127366,0.408844993127366,0.43299592934153286,0.0,0.43299592934153286,0.43299592934153286,0.5704175369478094,0.0,0.5704175369478094,0.5704175369478094,2051.5900456360387,0.0,2051.5900456360387,2051.5900456360387,70271.86509548889,0.0,70271.86509548889,70271.86509548889,0.4329344791170438,0.0,0.4329344791170438,0.4329344791170438,0.5666157624301112,0.0,0.5666157624301112,0.5666157624301112,2066.923607737741,0.0,2066.923607737741,2066.923607737741,70269.53211036412,0.0,70269.53211036412,70269.53211036412,0.0,0.0,0.0,0.0
100.0,geometric_retrieval,0.25,1,0.43877066555537686,0.0,0.43877066555537686,0.43877066555537686,0.4999367658984156,0.0,0.4999367658984156,0.4999367658984156,0.5315845524207876,0.0,0.5315845524207876,0.5315845524207876,0.2584244799330298,0.0,0.2584244799330298,0.2584244799330298,0.2927999888687275,0.0,0.2927999888687275,0.2927999888687275,0.3041252043931329,0.0,0.3041252043931329,0.3041252043931329,0.3602418825827155,0.0,0.3602418825827155,0.3602418825827155,0.38128512760151717,0.0,0.38128512760151717,0.38128512760151717,0.4982248139507535,0.0,0.4982248139507535,0.4982248139507535,4034.5946857177405,0.0,4034.5946857177405,4034.5946857177405,97818.17854614573,0.0,97818.17854614573,97818.17854614573,0.38145098295909907,0.0,0.38145098295909907,0.38145098295909907,0.4982248139507535,0.0,0.4982248139507535,0.4982248139507535,4035.0658365728755,0.0,4035.0658365728755,4035.0658365728755,97816.12758763325,0.0,97816.12758763325,97816.12758763325,0.2324494998902082,0.0,0.2324494998902082,0.2324494998902082
100.0,geometric_retrieval,0.5,1,0.43877066555537686,0.0,0.43877066555537686,0.43877066555537686,0.4999367658984156,0.0,0.4999367658984156,0.4999367658984156,0.5315845524207876,0.0,0.5315845524207876,0.5315845524207876,0.28012259175327514,0.0,0.28012259175327514,0.28012259175327514,0.3147461665568103,0.0,0.3147461665568103,0.3147461665568103,0.3335612033519107,0.0,0.3335612033519107,0.3335612033519107,0.398850280250907,0.0,0.398850280250907,0.398850280250907,0.4170827424738882,0.0,0.4170827424738882,0.4170827424738882,0.535213388843376,0.0,0.535213388843376,0.535213388843376,3164.165351204699,0.0,3164.165351204699,3164.165351204699,92695.44852491765,0.0,92695.44852491765,92695.44852491765,0.41668194829889954,0.0,0.41668194829889954,0.41668194829889954,0.535213388843376,0.0,0.535213388843376,0.535213388843376,3168.6868063931,0.0,3168.6868063931,3168.6868063931,92689.47524036843,0.0,92689.47524036843,92689.47524036843,0.2346821129322052,0.0,0.2346821129322052,0.2346821129322052
100.0,geometric_retrieval,0.66,1,0.43877066555537686,0.0,0.43877066555537686,0.43877066555537686,0.4999367658984156,0.0,0.4999367658984156,0.4999367658984156,0.5315845524207876,0.0,0.5315845524207876,0.5315845524207876,0.27925168223851593,0.0,0.27925168223851593,0.27925168223851593,0.31943353082417336,0.0,0.31943353082417336,0.31943353082417336,0.33519840777386634,0.0,0.33519840777386634,0.33519840777386634,0.3983791356213491,0.0,0.3983791356213491,0.3983791356213491,0.4264121333799411,0.0,0.4264121333799411,0.4264121333799411,0.5435827997774609,0.0,0.5435827997774609,0.5435827997774609,2996.63551666821,0.0,2996.63551666821,2996.63551666821,76387.48041417408,0.0,76387.48041417408,76387.48041417408,0.42479468351595834,0.0,0.42479468351595834,0.42479468351595834,0.5435827997774609,0.0,0.5435827997774609,0.5435827997774609,3003.900497081559,0.0,3003.900497081559,3003.900497081559,76384.16361215142,0.0,76384.16361215142,76384.16361215142,0.23700925521552563,0.0,0.23700925521552563,0.23700925521552563
100.0,geometric_retrieval,0.75,1,0.43877066555537686,0.0,0.43877066555537686,0.43877066555537686,0.4999367658984156,0.0,0.4999367658984156,0.4999367658984156,0.5315845524207876,0.0,0.5315845524207876,0.5315845524207876,0.2964293346365803,0.0,0.2964293346365803,0.2964293346365803,0.3378763189624843,0.0,0.3378763189624843,0.3378763189624843,0.35609002051626715,0.0,0.35609002051626715,0.35609002051626715,0.41940710284183474,0.0,0.41940710284183474,0.41940710284183474,0.44086270052680293,0.0,0.44086270052680293,0.44086270052680293,0.5634166055888301,0.0,0.5634166055888301,0.5634166055888301,2862.3773518529993,0.0,2862.3773518529993,2862.3773518529993,74019.49634831758,0.0,74019.49634831758,74019.49634831758,0.4434060437896226,0.0,0.4434060437896226,0.4434060437896226,0.5634166055888301,0.0,0.5634166055888301,0.5634166055888301,2868.4920936140466,0.0,2868.4920936140466,2868.4920936140466,74018.0176552432,0.0,74018.0176552432,74018.0176552432,0.23713125847280023,0.0,0.23713125847280023,0.23713125847280023
100.0,last_observed_point,0.25,1,0.43877066555537686,0.0,0.43877066555537686,0.43877066555537686,0.4999367658984156,0.0,0.4999367658984156,0.4999367658984156,0.5315845524207876,0.0,0.5315845524207876,0.5315845524207876,0.026462116632705802,0.0,0.026462116632705802,0.026462116632705802,0.028735909412827696,0.0,0.028735909412827696,0.028735909412827696,0.03415515155079807,0.0,0.03415515155079807,0.03415515155079807,0.05463084043789319,0.0,0.05463084043789319,0.05463084043789319,0.06818962227066883,0.0,0.06818962227066883,0.06818962227066883,0.24454345246409825,0.0,0.24454345246409825,0.24454345246409825,5642.53375705012,0.0,5642.53375705012,5642.53375705012,95129.45467379113,0.0,95129.45467379113,95129.45467379113,0.044213070446020394,0.0,0.044213070446020394,0.044213070446020394,0.2493499837878447,0.0,0.2493499837878447,0.2493499837878447,5556.403944760819,0.0,5556.403944760819,5556.403944760819,56163.749628714286,0.0,56163.749628714286,56163.749628714286,0.0,0.0,0.0,0.0
100.0,last_observed_point,0.5,1,0.43877066555537686,0.0,0.43877066555537686,0.43877066555537686,0.4999367658984156,0.0,0.4999367658984156,0.4999367658984156,0.5315845524207876,0.0,0.5315845524207876,0.5315845524207876,0.060988469419088635,0.0,0.060988469419088635,0.060988469419088635,0.06796490712504001,0.0,0.06796490712504001,0.06796490712504001,0.07387356725242837,0.0,0.07387356725242837,0.07387356725242837,0.09678276227326839,0.0,0.09678276227326839,0.09678276227326839,0.12666917953844295,0.0,0.12666917953844295,0.12666917953844295,0.3347885298914393,0.0,0.3347885298914393,0.3347885298914393,4734.019825509649,0.0,4734.019825509649,4734.019825509649,72923.73008512043,0.0,72923.73008512043,72923.73008512043,0.07704847559807894,0.0,0.07704847559807894,0.07704847559807894,0.3358558890123765,0.0,0.3358558890123765,0.3358558890123765,4053.7780512349764,0.0,4053.7780512349764,4053.7780512349764,41923.730321372605,0.0,41923.730321372605,41923.730321372605,0.0,0.0,0.0,0.0
100.0,last_observed_point,0.66,1,0.43877066555537686,0.0,0.43877066555537686,0.43877066555537686,0.4999367658984156,0.0,0.4999367658984156,0.4999367658984156,0.5315845524207876,0.0,0.5315845524207876,0.5315845524207876,0.09018975269021,0.0,0.09018975269021,0.09018975269021,0.11043365664481007,0.0,0.11043365664481007,0.11043365664481007,0.11981767317308674,0.0,0.11981767317308674,0.11981767317308674,0.16535110274328604,0.0,0.16535110274328604,0.16535110274328604,0.18668704636052882,0.0,0.18668704636052882,0.18668704636052882,0.41637011324582246,0.0,0.41637011324582246,0.41637011324582246,3262.0151926743106,0.0,3262.0151926743106,3262.0151926743106,71827.47825246597,0.0,71827.47825246597,71827.47825246597,0.12451220114829598,0.0,0.12451220114829598,0.12451220114829598,0.4156039308202486,0.0,0.4156039308202486,0.4156039308202486,2856.2225333494657,0.0,2856.2225333494657,2856.2225333494657,33017.35107149025,0.0,33017.35107149025,33017.35107149025,0.0,0.0,0.0,0.0
100.0,last_observed_point,0.75,1,0.43877066555537686,0.0,0.43877066555537686,0.43877066555537686,0.4999367658984156,0.0,0.4999367658984156,0.4999367658984156,0.5315845524207876,0.0,0.5315845524207876,0.5315845524207876,0.11479430660599534,0.0,0.11479430660599534,0.11479430660599534,0.13548639230457996,0.0,0.13548639230457996,0.13548639230457996,0.14656260448572642,0.0,0.14656260448572642,0.14656260448572642,0.20468121649576937,0.0,0.20468121649576937,0.20468121649576937,0.23180608315015613,0.0,0.23180608315015613,0.23180608315015613,0.4899220173831177,0.0,0.4899220173831177,0.4899220173831177,2675.357348927014,0.0,2675.357348927014,2675.357348927014,68412.02051988909,0.0,68412.02051988909,68412.02051988909,0.18124654773001056,0.0,0.18124654773001056,0.18124654773001056,0.4758257069106383,0.0,0.4758257069106383,0.4758257069106383,2033.2446964332769,0.0,2033.2446964332769,2033.2446964332769,25664.99221614733,0.0,25664.99221614733,25664.99221614733,0.0,0.0,0.0,0.0
100.0,most_frequent_personal_destination,0.25,1,0.43877066555537686,0.0,0.43877066555537686,0.43877066555537686,0.4999367658984156,0.0,0.4999367658984156,0.4999367658984156,0.5315845524207876,0.0,0.5315845524207876,0.5315845524207876,0.2663605054512985,0.0,0.2663605054512985,0.2663605054512985,0.30754863200504673,0.0,0.30754863200504673,0.30754863200504673,0.32648252337368605,0.0,0.32648252337368605,0.32648252337368605,0.3599401943677114,0.0,0.3599401943677114,0.3599401943677114,0.36991920095680564,0.0,0.36991920095680564,0.36991920095680564,0.4591995659364516,0.0,0.4591995659364516,0.4591995659364516,8574.663958305227,0.0,8574.663958305227,8574.663958305227,182067.5583644831,0.0,182067.5583644831,182067.5583644831,0.36991920095680564,0.0,0.36991920095680564,0.36991920095680564,0.4591995659364516,0.0,0.4591995659364516,0.4591995659364516,8575.370483974719,0.0,8575.370483974719,8575.370483974719,182067.03906518227,0.0,182067.03906518227,182067.03906518227,0.0,0.0,0.0,0.0
100.0,most_frequent_personal_destination,0.5,1,0.43877066555537686,0.0,0.43877066555537686,0.43877066555537686,0.4999367658984156,0.0,0.4999367658984156,0.4999367658984156,0.5315845524207876,0.0,0.5315845524207876,0.5315845524207876,0.2663605054512985,0.0,0.2663605054512985,0.2663605054512985,0.30754863200504673,0.0,0.30754863200504673,0.30754863200504673,0.32648252337368605,0.0,0.32648252337368605,0.32648252337368605,0.3599401943677114,0.0,0.3599401943677114,0.3599401943677114,0.36991920095680564,0.0,0.36991920095680564,0.36991920095680564,0.4591995659364516,0.0,0.4591995659364516,0.4591995659364516,8574.663958305227,0.0,8574.663958305227,8574.663958305227,182067.5583644831,0.0,182067.5583644831,182067.5583644831,0.36991920095680564,0.0,0.36991920095680564,0.36991920095680564,0.4591995659364516,0.0,0.4591995659364516,0.4591995659364516,8575.370483974719,0.0,8575.370483974719,8575.370483974719,182067.03906518227,0.0,182067.03906518227,182067.03906518227,0.0,0.0,0.0,0.0
100.0,most_frequent_personal_destination,0.66,1,0.43877066555537686,0.0,0.43877066555537686,0.43877066555537686,0.4999367658984156,0.0,0.4999367658984156,0.4999367658984156,0.5315845524207876,0.0,0.5315845524207876,0.5315845524207876,0.2663605054512985,0.0,0.2663605054512985,0.2663605054512985,0.30754863200504673,0.0,0.30754863200504673,0.30754863200504673,0.32648252337368605,0.0,0.32648252337368605,0.32648252337368605,0.3599401943677114,0.0,0.3599401943677114,0.3599401943677114,0.36991920095680564,0.0,0.36991920095680564,0.36991920095680564,0.4591995659364516,0.0,0.4591995659364516,0.4591995659364516,8574.663958305227,0.0,8574.663958305227,8574.663958305227,182067.5583644831,0.0,182067.5583644831,182067.5583644831,0.36991920095680564,0.0,0.36991920095680564,0.36991920095680564,0.4591995659364516,0.0,0.4591995659364516,0.4591995659364516,8575.370483974719,0.0,8575.370483974719,8575.370483974719,182067.03906518227,0.0,182067.03906518227,182067.03906518227,0.0,0.0,0.0,0.0
100.0,most_frequent_personal_destination,0.75,1,0.43877066555537686,0.0,0.43877066555537686,0.43877066555537686,0.4999367658984156,0.0,0.4999367658984156,0.4999367658984156,0.5315845524207876,0.0,0.5315845524207876,0.5315845524207876,0.2663605054512985,0.0,0.2663605054512985,0.2663605054512985,0.30754863200504673,0.0,0.30754863200504673,0.30754863200504673,0.32648252337368605,0.0,0.32648252337368605,0.32648252337368605,0.3599401943677114,0.0,0.3599401943677114,0.3599401943677114,0.36991920095680564,0.0,0.36991920095680564,0.36991920095680564,0.4591995659364516,0.0,0.4591995659364516,0.4591995659364516,8574.663958305227,0.0,8574.663958305227,8574.663958305227,182067.5583644831,0.0,182067.5583644831,182067.5583644831,0.36991920095680564,0.0,0.36991920095680564,0.36991920095680564,0.4591995659364516,0.0,0.4591995659364516,0.4591995659364516,8575.370483974719,0.0,8575.370483974719,8575.370483974719,182067.03906518227,0.0,182067.03906518227,182067.03906518227,0.0,0.0,0.0,0.0
100.0,nearest_known_destination_to_current_point,0.25,1,0.43877066555537686,0.0,0.43877066555537686,0.43877066555537686,0.4999367658984156,0.0,0.4999367658984156,0.4999367658984156,0.5315845524207876,0.0,0.5315845524207876,0.5315845524207876,0.04212908443226829,0.0,0.04212908443226829,0.04212908443226829,0.05094195217251777,0.0,0.05094195217251777,0.05094195217251777,0.05777653822583206,0.0,0.05777653822583206,0.05777653822583206,0.08265095468906401,0.0,0.08265095468906401,0.08265095468906401,0.08252840566945617,0.0,0.08252840566945617,0.08252840566945617,0.245155310900051,0.0,0.245155310900051,0.245155310900051,5657.724481134149,0.0,5657.724481134149,5657.724481134149,95128.753655443,0.0,95128.753655443,95128.753655443,0.08056762135573069,0.0,0.08056762135573069,0.08056762135573069,0.24557725182832105,0.0,0.24557725182832105,0.24557725182832105,5657.710742189854,0.0,5657.710742189854,5657.710742189854,95130.02193506497,0.0,95130.02193506497,95130.02193506497,0.0,0.0,0.0,0.0
100.0,nearest_known_destination_to_current_point,0.5,1,0.43877066555537686,0.0,0.43877066555537686,0.43877066555537686,0.4999367658984156,0.0,0.4999367658984156,0.4999367658984156,0.5315845524207876,0.0,0.5315845524207876,0.5315845524207876,0.09330821077299131,0.0,0.09330821077299131,0.09330821077299131,0.10712758767482305,0.0,0.10712758767482305,0.10712758767482305,0.11616378756768223,0.0,0.11616378756768223,0.11616378756768223,0.14300369544661687,0.0,0.14300369544661687,0.14300369544661687,0.14496447976034235,0.0,0.14496447976034235,0.14496447976034235,0.3317711969300852,0.0,0.3317711969300852,0.3317711969300852,4746.00597470898,0.0,4746.00597470898,4746.00597470898,72918.53285906177,0.0,72918.53285906177,72918.53285906177,0.14615495595081854,0.0,0.14615495595081854,0.14615495595081854,0.3317711969300852,0.0,0.3317711969300852,0.3317711969300852,4746.03772327561,0.0,4746.03772327561,4746.03772327561,72918.88436478635,0.0,72918.88436478635,72918.88436478635,0.0,0.0,0.0,0.0
100.0,nearest_known_destination_to_current_point,0.66,1,0.43877066555537686,0.0,0.43877066555537686,0.43877066555537686,0.4999367658984156,0.0,0.4999367658984156,0.4999367658984156,0.5315845524207876,0.0,0.5315845524207876,0.5315845524207876,0.13599870132912084,0.0,0.13599870132912084,0.13599870132912084,0.1614729270775102,0.0,0.1614729270775102,0.1614729270775102,0.17328690474814715,0.0,0.17328690474814715,0.17328690474814715,0.21822527701582628,0.0,0.21822527701582628,0.21822527701582628,0.2219620495025988,0.0,0.2219620495025988,0.2219620495025988,0.4072211384365618,0.0,0.4072211384365618,0.4072211384365618,3273.756289955973,0.0,3273.756289955973,3273.756289955973,71826.92817157335,0.0,71826.92817157335,71826.92817157335,0.223574466621345,0.0,0.223574466621345,0.223574466621345,0.4072211384365618,0.0,0.4072211384365618,0.4072211384365618,3271.707137537446,0.0,3271.707137537446,3271.707137537446,71827.63318169002,0.0,71827.63318169002,71827.63318169002,0.0,0.0,0.0,0.0
100.0,nearest_known_destination_to_current_point,0.75,1,0.43877066555537686,0.0,0.43877066555537686,0.43877066555537686,0.4999367658984156,0.0,0.4999367658984156,0.4999367658984156,0.5315845524207876,0.0,0.5315845524207876,0.5315845524207876,0.16267468857258569,0.0,0.16267468857258569,0.16267468857258569,0.1923201376144669,0.0,0.1923201376144669,0.1923201376144669,0.20499153198940073,0.0,0.20499153198940073,0.20499153198940073,0.26895269385154524,0.0,0.26895269385154524,0.26895269385154524,0.27395368008606963,0.0,0.27395368008606963,0.27395368008606963,0.4797163293517832,0.0,0.4797163293517832,0.4797163293517832,2693.3122603064307,0.0,2693.3122603064307,2693.3122603064307,68408.47384086237,0.0,68408.47384086237,68408.47384086237,0.27437562101433965,0.0,0.27437562101433965,0.27437562101433965,0.4797163293517832,0.0,0.4797163293517832,0.4797163293517832,2693.1998053335574,0.0,2693.1998053335574,2693.1998053335574,68408.71218207096,0.0,68408.71218207096,68408.71218207096,0.0,0.0,0.0,0.0
100.0,probabilistic_grid_pattern_retrieval,0.25,1,0.43877066555537686,0.0,0.43877066555537686,0.43877066555537686,0.4999367658984156,0.0,0.4999367658984156,0.4999367658984156,0.5315845524207876,0.0,0.5315845524207876,0.5315845524207876,0.3268384202463785,0.0,0.3268384202463785,0.3268384202463785,0.3666923153304395,0.0,0.3666923153304395,0.3666923153304395,0.3855549524201919,0.0,0.3855549524201919,0.3855549524201919,0.4289581351970907,0.0,0.4289581351970907,0.4289581351970907,0.4408851665099667,0.0,0.4408851665099667,0.4408851665099667,0.5227946886571788,0.0,0.5227946886571788,0.5227946886571788,4077.0928747598864,0.0,4077.0928747598864,4077.0928747598864,96889.91773429587,0.0,96889.91773429587,96889.91773429587,0.4408851665099667,0.0,0.4408851665099667,0.4408851665099667,0.5227946886571788,0.0,0.5227946886571788,0.5227946886571788,4079.1265214657537,0.0,4079.1265214657537,4079.1265214657537,96892.32203087569,0.0,96892.32203087569,96892.32203087569,0.12313900515437119,0.0,0.12313900515437119,0.12313900515437119
100.0,probabilistic_grid_pattern_retrieval,0.5,1,0.43877066555537686,0.0,0.43877066555537686,0.43877066555537686,0.4999367658984156,0.0,0.4999367658984156,0.4999367658984156,0.5315845524207876,0.0,0.5315845524207876,0.5315845524207876,0.32450035158772755,0.0,0.32450035158772755,0.32450035158772755,0.3680657180585171,0.0,0.3680657180585171,0.3680657180585171,0.3865474362546924,0.0,0.3865474362546924,0.3865474362546924,0.4364473961984951,0.0,0.4364473961984951,0.4364473961984951,0.4481193565572894,0.0,0.4481193565572894,0.4481193565572894,0.5425479874407286,0.0,0.5425479874407286,0.5425479874407286,3803.383091998432,0.0,3803.383091998432,3803.383091998432,92580.36407330683,0.0,92580.36407330683,92580.36407330683,0.4475609053286967,0.0,0.4475609053286967,0.4475609053286967,0.5429699283689986,0.0,0.5429699283689986,0.5429699283689986,3802.6162387511413,0.0,3802.6162387511413,3802.6162387511413,92580.3429393515,0.0,92580.3429393515,92580.3429393515,0.12413482181727882,0.0,0.12413482181727882,0.12413482181727882
100.0,probabilistic_grid_pattern_retrieval,0.66,1,0.43877066555537686,0.0,0.43877066555537686,0.43877066555537686,0.4999367658984156,0.0,0.4999367658984156,0.4999367658984156,0.5315845524207876,0.0,0.5315845524207876,0.5315845524207876,0.3351464686670336,0.0,0.3351464686670336,0.3351464686670336,0.37943777436847725,0.0,0.37943777436847725,0.37943777436847725,0.39863615792557805,0.0,0.39863615792557805,0.39863615792557805,0.460187597106643,0.0,0.460187597106643,0.460187597106643,0.4734631533622728,0.0,0.4734631533622728,0.4734631533622728,0.5567329039002602,0.0,0.5567329039002602,0.5567329039002602,2925.035216030855,0.0,2925.035216030855,2925.035216030855,76331.21853461974,0.0,76331.21853461974,76331.21853461974,0.4709439178199546,0.0,0.4709439178199546,0.4709439178199546,0.5571548448285302,0.0,0.5571548448285302,0.5571548448285302,2923.572270590129,0.0,2923.572270590129,2923.572270590129,76331.17331819833,0.0,76331.17331819833,76331.17331819833,0.12430665083229536,0.0,0.12430665083229536,0.12430665083229536
100.0,probabilistic_grid_pattern_retrieval,0.75,1,0.43877066555537686,0.0,0.43877066555537686,0.43877066555537686,0.4999367658984156,0.0,0.4999367658984156,0.4999367658984156,0.5315845524207876,0.0,0.5315845524207876,0.5315845524207876,0.3403472321893052,0.0,0.3403472321893052,0.3403472321893052,0.38516063582188825,0.0,0.38516063582188825,0.38516063582188825,0.4031277654759794,0.0,0.4031277654759794,0.4031277654759794,0.46548846882837747,0.0,0.46548846882837747,0.46548846882837747,0.4798949774649597,0.0,0.4798949774649597,0.4798949774649597,0.568388384937806,0.0,0.568388384937806,0.568388384937806,2865.326080629742,0.0,2865.326080629742,2865.326080629742,73789.33724361224,0.0,73789.33724361224,73789.33724361224,0.4773757419226415,0.0,0.4773757419226415,0.4773757419226415,0.5674079927809432,0.0,0.5674079927809432,0.5674079927809432,2866.4251671032675,0.0,2866.4251671032675,2866.4251671032675,73790.19608674152,0.0,73790.19608674152,73790.19608674152,0.1242111902683973,0.0,0.1242111902683973,0.1242111902683973
100.0,tsmini,0.25,5,0.4387706655553768,6.206335383118183e-17,0.43877066555537686,0.43877066555537686,0.4999367658984156,0.0,0.4999367658984156,0.4999367658984156,0.5315845524207876,0.0,0.5315845524207876,0.5315845524207876,0.26581010511708464,0.004300577349660183,0.26202253987882934,0.2727277212851079,0.2995939514689493,0.005458504885660384,0.2937672561919363,0.30733550156217126,0.31554167999175126,0.006124717282572151,0.30854759674247945,0.3247335980172432,0.35515965483432727,0.0020470766777505316,0.35201566266213913,0.357458412556799,0.36729238387185686,0.003801883505111941,0.3638341515777782,0.3730806757058547,0.4727204289004273,0.004304422226068068,0.4654727743269028,0.4754959232057958,4001.070178617384,275.0302162850901,3747.275152352716,4413.042689162687,108402.92590198985,6376.657680065046,100810.5460602389,117434.04239830637,0.3664216118689138,0.007025005750331088,0.3591143640373513,0.3777883828014843,0.4731587786425745,0.004056437594735611,0.46635767821813584,0.47619174129273306,4009.0635467244924,271.2055727883304,3754.7937815255946,4418.077983413819,108397.90951217261,6376.511359411843,100803.60565294883,117425.60036332815,0.0255709514021873,0.0005647691964042799,0.025141285732388427,0.026477267965674352
100.0,tsmini,0.5,5,0.4387706655553768,6.206335383118183e-17,0.43877066555537686,0.43877066555537686,0.4999367658984156,0.0,0.4999367658984156,0.4999367658984156,0.5315845524207876,0.0,0.5315845524207876,0.5315845524207876,0.2683299563479269,0.002859875327388773,0.2642353404202518,0.27132879984298786,0.309074252955204,0.004456062773363587,0.3029499987815512,0.31327669577454015,0.3227467402960353,0.005304780821462794,0.3151835478750408,0.3285890308586827,0.3636314359288291,0.007148597780802977,0.35660622802144865,0.3750720171090111,0.3793654706976223,0.008534428759711827,0.3712025485359714,0.39235583648818584,0.48256855796713616,0.01240610841265615,0.4704812089824422,0.4993464841791199,3936.7777923208487,239.83457642497277,3631.0761347980683,4178.315539538599,109740.75749224567,8009.149246946989,100253.79175239518,119628.61702132868,0.37920645698937416,0.008293829938388387,0.37182701679020763,0.391895714985675,0.48282044511242395,0.012408865391297461,0.4704812089824422,0.49972101601432595,3944.2158621914205,242.99508953489675,3636.7214745154993,4187.992031935633,109739.15197501855,8011.111070633434,100254.96442650323,119631.25294497226,0.026044528931379284,0.0005066908002426574,0.025317072868347126,0.026724301278591125
100.0,tsmini,0.66,5,0.4387706655553768,6.206335383118183e-17,0.43877066555537686,0.43877066555537686,0.4999367658984156,0.0,0.4999367658984156,0.4999367658984156,0.5315845524207876,0.0,0.5315845524207876,0.5315845524207876,0.2850557378758623,0.01051727518604896,0.2699266670099657,0.2947334090872681,0.3276640028648633,0.012369829468690011,0.31399378888770585,0.3385951953460946,0.34091521271506137,0.014079104215164662,0.3235007286110977,0.3521805539804276,0.3846323193345066,0.016026319618128625,0.3646196567065852,0.40019446108143725,0.39968676188439894,0.015417706875236048,0.38377132304588224,0.4188043015481339,0.501285551812491,0.010431766202844974,0.49130280569586515,0.5128014796334678,3859.8284893811697,342.7615079672153,3397.1073244583636,4185.597768695356,104888.26969478892,11853.34483303447,90161.69525325904,118830.53775625891,0.3997484150738931,0.01398684668599373,0.38434119334717776,0.4159042508612393,0.5009289733493133,0.010820863234111624,0.49130280569586515,0.5128014796334678,3868.0375448357036,344.6764806750245,3402.732699499711,4193.75147194687,104888.34685982333,11852.256249209475,90168.09707255191,118833.95003074266,0.02588643692433828,0.0003153680797598749,0.025481218472123077,0.026216963306069326
100.0,tsmini,0.75,5,0.4387706655553768,6.206335383118183e-17,0.43877066555537686,0.43877066555537686,0.4999367658984156,0.0,0.4999367658984156,0.4999367658984156,0.5315845524207876,0.0,0.5315845524207876,0.5315845524207876,0.29467743601830687,0.007479825673963663,0.2885373621889683,0.30686850681935074,0.33765993044920106,0.008938319529703915,0.33109632247461585,0.3515901121173987,0.35289651693386564,0.00874835721957564,0.3433179652571194,0.3651842856785262,0.3972607059229236,0.01167761854195928,0.385743867573809,0.41086571308008873,0.4127649438368458,0.01260032276515715,0.4013389554880123,0.4270306323295931,0.5172460739263329,0.004497644504500363,0.5124514316856288,0.5241905649550798,3644.7617493430844,283.43710842746714,3140.7867228595915,3817.8968801508167,100305.04524156215,8683.878360398367,88454.50414379957,108698.80045327278,0.41248334496757477,0.0126809300234314,0.397039501333552,0.42541903104579976,0.5171561701729892,0.005684720801533568,0.5117900560242531,0.525802982073826,3648.665202349136,285.8493492163796,3139.719761076591,3813.918970396012,100310.30968912729,8683.576328696861,88458.86476704873,108701.72414391147,0.026416685432195615,0.00017097835525072786,0.026208348572254125,0.0266048591583967
200.0,bigru,0.25,5,0.47920586462306874,0.0,0.47920586462306874,0.47920586462306874,0.5473692831375708,0.0,0.5473692831375708,0.5473692831375708,0.568615695774712,0.0,0.568615695774712,0.568615695774712,0.33103130158971533,0.00824218434607655,0.31747139779241446,0.33772823418778153,0.3734114605032151,0.010337296365945154,0.35720438328147197,0.38268741589861605,0.3855746794671341,0.012772916269635233,0.3657010730289908,0.3977753702138159,0.418729081989358,0.01752153517755415,0.39221735901532284,0.4346403415273503,0.4200685539483544,0.018170511109191625,0.39292657887347887,0.4365400375759825,0.49915572401552266,0.022718995495119805,0.4695919704364547,0.5160897233685451,3785.6680697446945,334.0360868682823,3275.202744457596,4148.8060696713555,109144.12065286457,496.83046547551373,108451.85894182924,109588.2046749611,0.4200685539483544,0.018170511109191625,0.39292657887347887,0.4365400375759825,0.49915572401552266,0.022718995495119805,0.4695919704364547,0.5160897233685451,3785.6680697446945,334.0360868682823,3275.202744457596,4148.8060696713555,109144.12065286457,496.83046547551373,108451.85894182924,109588.2046749611,,,,
200.0,bigru,0.5,5,0.47920586462306874,0.0,0.47920586462306874,0.47920586462306874,0.5473692831375708,0.0,0.5473692831375708,0.5473692831375708,0.568615695774712,0.0,0.568615695774712,0.568615695774712,0.35293771598554835,0.015485539475471903,0.33057455509989936,0.3726098590425445,0.39714658088059884,0.013732672064754179,0.3784260272445291,0.41483828345515855,0.40890998558819447,0.014844659331232678,0.38703107002593284,0.42672833005460004,0.439493354188068,0.018059757728753564,0.41165977850788876,0.461204681446641,0.4416171398725545,0.0198621560330296,0.4123689983660448,0.46779625424597354,0.5220047960005991,0.021935329292503997,0.49369917567681904,0.5543493384920987,3172.799780863498,288.785375005351,2895.1430949111736,3572.6603471739622,107675.28197502161,647.7179828247525,106592.76051817536,108300.88728849546,0.4416171398725545,0.0198621560330296,0.4123689983660448,0.46779625424597354,0.5220047960005991,0.021935329292503997,0.49369917567681904,0.5543493384920987,3172.799780863498,288.785375005351,2895.1430949111736,3572.6603471739622,107675.28197502161,647.7179828247525,106592.76051817536,108300.88728849546,,,,
200.0,bigru,0.66,5,0.47920586462306874,0.0,0.47920586462306874,0.47920586462306874,0.5473692831375708,0.0,0.5473692831375708,0.5473692831375708,0.568615695774712,0.0,0.568615695774712,0.568615695774712,0.35573034049045416,0.013745441765431823,0.3367430007411463,0.3743691664769268,0.4016977735508543,0.012895958171052442,0.38520353574106275,0.4191979489444137,0.41421505662788205,0.01395673721302573,0.3941920344291782,0.43066605461558516,0.44601135304904255,0.016452527979909308,0.42252511798344355,0.4679600830081029,0.4481351387335291,0.01840580253718058,0.4232343378415996,0.47455165580743536,0.5347782530062193,0.02171854743217268,0.5115934122380077,0.5705191488665232,3012.5748752682402,169.02960438759828,2745.376040054248,3201.443732251033,105506.13427636384,1304.590095784793,103233.44541058011,106583.55486627789,0.4481351387335291,0.01840580253718058,0.4232343378415996,0.47455165580743536,0.5347782530062193,0.02171854743217268,0.5115934122380077,0.5705191488665232,3012.5748752682402,169.02960438759828,2745.376040054248,3201.443732251033,105506.13427636384,1304.590095784793,103233.44541058011,106583.55486627789,,,,
200.0,bigru,0.75,5,0.47920586462306874,0.0,0.47920586462306874,0.47920586462306874,0.5473692831375708,0.0,0.5473692831375708,0.5473692831375708,0.568615695774712,0.0,0.568615695774712,0.568615695774712,0.36079436512526764,0.014106434477154177,0.3401768522646847,0.3768307203961697,0.4107102010467577,0.014765606037093806,0.39033676930749456,0.4294904671552951,0.423554605394118,0.016026796198954286,0.4000772333596297,0.4423082076311664,0.45496273967703244,0.01672909442163508,0.4306777081474762,0.47694842224677214,0.45684843012342363,0.018746914083572146,0.4313869280056322,0.4835399950461046,0.5412870376689016,0.020992322492149246,0.5221073446843374,0.5772700221378835,2677.145837052361,275.06903230916936,2378.2879280992934,3030.9919824644103,104886.17452329374,1101.6427093345333,103035.43477261433,105790.01306723911,0.45684843012342363,0.018746914083572146,0.4313869280056322,0.4835399950461046,0.5412870376689016,0.020992322492149246,0.5221073446843374,0.5772700221378835,2677.145837052361,275.06903230916936,2378.2879280992934,3030.9919824644103,104886.17452329374,1101.6427093345333,103035.43477261433,105790.01306723911,,,,
200.0,current_position_only_personal_retrieval,0.25,1,0.47920586462306874,0.0,0.47920586462306874,0.47920586462306874,0.5473692831375708,0.0,0.5473692831375708,0.5473692831375708,0.568615695774712,0.0,0.568615695774712,0.568615695774712,0.2682609781695895,0.0,0.2682609781695895,0.2682609781695895,0.3064165318002911,0.0,0.3064165318002911,0.3064165318002911,0.31199127155139184,0.0,0.31199127155139184,0.31199127155139184,0.35272560508341805,0.0,0.35272560508341805,0.35272560508341805,0.35462530113205026,0.0,0.35462530113205026,0.35462530113205026,0.4652545561161625,0.0,0.4652545561161625,0.4652545561161625,4276.355211480501,0.0,4276.355211480501,4276.355211480501,101125.10592063183,0.0,101125.10592063183,101125.10592063183,0.3441742469719406,0.0,0.3441742469719406,0.3441742469719406,0.4663102948673592,0.0,0.4663102948673592,0.4663102948673592,4290.680898801919,0.0,4290.680898801919,4290.680898801919,101146.28332970662,0.0,101146.28332970662,101146.28332970662,0.0,0.0,0.0,0.0
200.0,current_position_only_personal_retrieval,0.5,1,0.47920586462306874,0.0,0.47920586462306874,0.47920586462306874,0.5473692831375708,0.0,0.5473692831375708,0.5473692831375708,0.568615695774712,0.0,0.568615695774712,0.568615695774712,0.2673157102549476,0.0,0.2673157102549476,0.2673157102549476,0.3003666333933902,0.0,0.3003666333933902,0.3003666333933902,0.3107820490093039,0.0,0.3107820490093039,0.3107820490093039,0.33781180633691227,0.0,0.33781180633691227,0.33781180633691227,0.33781180633691227,0.0,0.33781180633691227,0.33781180633691227,0.45194670393562036,0.0,0.45194670393562036,0.45194670393562036,4079.2780556029365,0.0,4079.2780556029365,4079.2780556029365,76901.25791257687,0.0,76901.25791257687,76901.25791257687,0.31965072074627227,0.0,0.31965072074627227,0.31965072074627227,0.449187573204024,0.0,0.449187573204024,0.449187573204024,4100.845370776396,0.0,4100.845370776396,4100.845370776396,76901.21507367441,0.0,76901.21507367441,76901.21507367441,0.0,0.0,0.0,0.0
200.0,current_position_only_personal_retrieval,0.66,1,0.47920586462306874,0.0,0.47920586462306874,0.47920586462306874,0.5473692831375708,0.0,0.5473692831375708,0.5473692831375708,0.568615695774712,0.0,0.568615695774712,0.568615695774712,0.31237931143668973,0.0,0.31237931143668973,0.31237931143668973,0.34874401695221635,0.0,0.34874401695221635,0.34874401695221635,0.35534520138806847,0.0,0.35534520138806847,0.35534520138806847,0.3970178787625126,0.0,0.3970178787625126,0.3970178787625126,0.4016486672481196,0.0,0.4016486672481196,0.4016486672481196,0.5078819362859311,0.0,0.5078819362859311,0.5078819362859311,3355.65138660505,0.0,3355.65138660505,3355.65138660505,72403.9218460261,0.0,72403.9218460261,72403.9218460261,0.3883068291008967,0.0,0.3883068291008967,0.3883068291008967,0.5033145627312158,0.0,0.5033145627312158,0.5033145627312158,3359.028571538009,0.0,3359.028571538009,3359.028571538009,72399.40399058792,0.0,72399.40399058792,72399.40399058792,0.0,0.0,0.0,0.0
200.0,current_position_only_personal_retrieval,0.75,1,0.47920586462306874,0.0,0.47920586462306874,0.47920586462306874,0.5473692831375708,0.0,0.5473692831375708,0.5473692831375708,0.568615695774712,0.0,0.568615695774712,0.568615695774712,0.34589678204374147,0.0,0.34589678204374147,0.34589678204374147,0.39277913474497134,0.0,0.39277913474497134,0.39277913474497134,0.399191369294241,0.0,0.399191369294241,0.399191369294241,0.44299582881523886,0.0,0.44299582881523886,0.44299582881523886,0.44566583298712037,0.0,0.44566583298712037,0.44566583298712037,0.5694371447909465,0.0,0.5694371447909465,0.5694371447909465,2062.5462958680396,0.0,2062.5462958680396,2062.5462958680396,70274.433860526,0.0,70274.433860526,70274.433860526,0.4329344791170438,0.0,0.4329344791170438,0.4329344791170438,0.5666157624301112,0.0,0.5666157624301112,0.5666157624301112,2066.923607737741,0.0,2066.923607737741,2066.923607737741,70269.53211036412,0.0,70269.53211036412,70269.53211036412,0.0,0.0,0.0,0.0
200.0,geometric_retrieval,0.25,1,0.47920586462306874,0.0,0.47920586462306874,0.47920586462306874,0.5473692831375708,0.0,0.5473692831375708,0.5473692831375708,0.568615695774712,0.0,0.568615695774712,0.568615695774712,0.30267061001602263,0.0,0.30267061001602263,0.30267061001602263,0.347019760866173,0.0,0.347019760866173,0.347019760866173,0.3525099635615498,0.0,0.3525099635615498,0.3525099635615498,0.3963628469715553,0.0,0.3963628469715553,0.3963628469715553,0.3961792096868542,0.0,0.3961792096868542,0.3961792096868542,0.49941529014122976,0.0,0.49941529014122976,0.49941529014122976,4032.602000474289,0.0,4032.602000474289,4032.602000474289,97815.82110777692,0.0,97815.82110777692,97815.82110777692,0.38145098295909907,0.0,0.38145098295909907,0.38145098295909907,0.4982248139507535,0.0,0.4982248139507535,0.4982248139507535,4035.0658365728755,0.0,4035.0658365728755,4035.0658365728755,97816.12758763325,0.0,97816.12758763325,97816.12758763325,0.2324494998902082,0.0,0.2324494998902082,0.2324494998902082
200.0,geometric_retrieval,0.5,1,0.47920586462306874,0.0,0.47920586462306874,0.47920586462306874,0.5473692831375708,0.0,0.5473692831375708,0.5473692831375708,0.568615695774712,0.0,0.568615695774712,0.568615695774712,0.3167379368580754,0.0,0.3167379368580754,0.3167379368580754,0.36382880523653455,0.0,0.36382880523653455,0.36382880523653455,0.3736199489016717,0.0,0.3736199489016717,0.3736199489016717,0.42589050259832956,0.0,0.42589050259832956,0.42589050259832956,0.42451638912315226,0.0,0.42451638912315226,0.42451638912315226,0.535213388843376,0.0,0.535213388843376,0.535213388843376,3162.0770281106684,0.0,3162.0770281106684,3162.0770281106684,92696.69846663531,0.0,92696.69846663531,92696.69846663531,0.41668194829889954,0.0,0.41668194829889954,0.41668194829889954,0.535213388843376,0.0,0.535213388843376,0.535213388843376,3168.6868063931,0.0,3168.6868063931,3168.6868063931,92689.47524036843,0.0,92689.47524036843,92689.47524036843,0.2346821129322052,0.0,0.2346821129322052,0.2346821129322052
200.0,geometric_retrieval,0.66,1,0.47920586462306874,0.0,0.47920586462306874,0.47920586462306874,0.5473692831375708,0.0,0.5473692831375708,0.5473692831375708,0.568615695774712,0.0,0.568615695774712,0.568615695774712,0.3268694512880634,0.0,0.3268694512880634,0.3268694512880634,0.3728371693251992,0.0,0.3728371693251992,0.3728371693251992,0.38241980295358213,0.0,0.38241980295358213,0.38241980295358213,0.43440617265079073,0.0,0.43440617265079073,0.43440617265079073,0.43630586869942295,0.0,0.43630586869942295,0.43630586869942295,0.5435827997774609,0.0,0.5435827997774609,0.5435827997774609,2995.8555760315085,0.0,2995.8555760315085,2995.8555760315085,76380.4951409015,0.0,76380.4951409015,76380.4951409015,0.42479468351595834,0.0,0.42479468351595834,0.42479468351595834,0.5435827997774609,0.0,0.5435827997774609,0.5435827997774609,3003.900497081559,0.0,3003.900497081559,3003.900497081559,76384.16361215142,0.0,76384.16361215142,76384.16361215142,0.23700925521552563,0.0,0.23700925521552563,0.23700925521552563
200.0,geometric_retrieval,0.75,1,0.47920586462306874,0.0,0.47920586462306874,0.47920586462306874,0.5473692831375708,0.0,0.5473692831375708,0.5473692831375708,0.568615695774712,0.0,0.568615695774712,0.568615695774712,0.3423386140386971,0.0,0.3423386140386971,0.3423386140386971,0.3912552476055457,0.0,0.3912552476055457,0.3912552476055457,0.40129695012485844,0.0,0.40129695012485844,0.40129695012485844,0.45195467895306674,0.0,0.45195467895306674,0.45195467895306674,0.45177104166836557,0.0,0.45177104166836557,0.45177104166836557,0.56299466466056,0.0,0.56299466466056,0.56299466466056,2867.1454124165766,0.0,2867.1454124165766,2867.1454124165766,74009.9243430419,0.0,74009.9243430419,74009.9243430419,0.4434060437896226,0.0,0.4434060437896226,0.4434060437896226,0.5634166055888301,0.0,0.5634166055888301,0.5634166055888301,2868.4920936140466,0.0,2868.4920936140466,2868.4920936140466,74018.0176552432,0.0,74018.0176552432,74018.0176552432,0.23713125847280023,0.0,0.23713125847280023,0.23713125847280023
200.0,last_observed_point,0.25,1,0.47920586462306874,0.0,0.47920586462306874,0.47920586462306874,0.5473692831375708,0.0,0.5473692831375708,0.5473692831375708,0.568615695774712,0.0,0.568615695774712,0.568615695774712,0.052176302983252834,0.0,0.052176302983252834,0.052176302983252834,0.057593950045164585,0.0,0.057593950045164585,0.057593950045164585,0.0648374661965378,0.0,0.0648374661965378,0.0648374661965378,0.08265095468906401,0.0,0.08265095468906401,0.08265095468906401,0.08056762135573069,0.0,0.08056762135573069,0.08056762135573069,0.24557725182832105,0.0,0.24557725182832105,0.24557725182832105,5657.710742189854,0.0,5657.710742189854,5657.710742189854,95130.02193506497,0.0,95130.02193506497,95130.02193506497,0.044213070446020394,0.0,0.044213070446020394,0.044213070446020394,0.2493499837878447,0.0,0.2493499837878447,0.2493499837878447,5556.403944760819,0.0,5556.403944760819,5556.403944760819,56163.749628714286,0.0,56163.749628714286,56163.749628714286,0.0,0.0,0.0,0.0
200.0,last_observed_point,0.5,1,0.47920586462306874,0.0,0.47920586462306874,0.47920586462306874,0.5473692831375708,0.0,0.5473692831375708,0.5473692831375708,0.568615695774712,0.0,0.568615695774712,0.568615695774712,0.10329718797882396,0.0,0.10329718797882396,0.10329718797882396,0.11664225646720376,0.0,0.11664225646720376,0.11664225646720376,0.12353116268949894,0.0,0.12353116268949894,0.12353116268949894,0.14300369544661687,0.0,0.14300369544661687,0.14300369544661687,0.14615495595081854,0.0,0.14615495595081854,0.14615495595081854,0.3317711969300852,0.0,0.3317711969300852,0.3317711969300852,4746.03772327561,0.0,4746.03772327561,4746.03772327561,72918.88436478635,0.0,72918.88436478635,72918.88436478635,0.07704847559807894,0.0,0.07704847559807894,0.07704847559807894,0.3358558890123765,0.0,0.3358558890123765,0.3358558890123765,4053.7780512349764,0.0,4053.7780512349764,4053.7780512349764,41923.730321372605,0.0,41923.730321372605,41923.730321372605,0.0,0.0,0.0,0.0
200.0,last_observed_point,0.66,1,0.47920586462306874,0.0,0.47920586462306874,0.47920586462306874,0.5473692831375708,0.0,0.5473692831375708,0.5473692831375708,0.568615695774712,0.0,0.568615695774712,0.568615695774712,0.15501846812772274,0.0,0.15501846812772274,0.15501846812772274,0.18195333277780365,0.0,0.18195333277780365,0.18195333277780365,0.19115705381491363,0.0,0.19115705381491363,0.19115705381491363,0.22238399043086882,0.0,0.22238399043086882,0.22238399043086882,0.223574466621345,0.0,0.223574466621345,0.223574466621345,0.4072211384365618,0.0,0.4072211384365618,0.4072211384365618,3271.707137537446,0.0,3271.707137537446,3271.707137537446,71827.63318169002,0.0,71827.63318169002,71827.63318169002,0.12451220114829598,0.0,0.12451220114829598,0.12451220114829598,0.4156039308202486,0.0,0.4156039308202486,0.4156039308202486,2856.2225333494657,0.0,2856.2225333494657,2856.2225333494657,33017.35107149025,0.0,33017.35107149025,33017.35107149025,0.0,0.0,0.0,0.0
200.0,last_observed_point,0.75,1,0.47920586462306874,0.0,0.47920586462306874,0.47920586462306874,0.5473692831375708,0.0,0.5473692831375708,0.5473692831375708,0.568615695774712,0.0,0.568615695774712,0.568615695774712,0.18375154208353955,0.0,0.18375154208353955,0.18375154208353955,0.2153286052290283,0.0,0.2153286052290283,0.2153286052290283,0.22526146803042232,0.0,0.22526146803042232,0.22526146803042232,0.2744981700339475,0.0,0.2744981700339475,0.2744981700339475,0.27437562101433965,0.0,0.27437562101433965,0.27437562101433965,0.4797163293517832,0.0,0.4797163293517832,0.4797163293517832,2693.1998053335574,0.0,2693.1998053335574,2693.1998053335574,68408.71218207096,0.0,68408.71218207096,68408.71218207096,0.18124654773001056,0.0,0.18124654773001056,0.18124654773001056,0.4758257069106383,0.0,0.4758257069106383,0.4758257069106383,2033.2446964332769,0.0,2033.2446964332769,2033.2446964332769,25664.99221614733,0.0,25664.99221614733,25664.99221614733,0.0,0.0,0.0,0.0
200.0,most_frequent_personal_destination,0.25,1,0.47920586462306874,0.0,0.47920586462306874,0.47920586462306874,0.5473692831375708,0.0,0.5473692831375708,0.5473692831375708,0.568615695774712,0.0,0.568615695774712,0.568615695774712,0.2946926041079194,0.0,0.2946926041079194,0.2946926041079194,0.33830125668489486,0.0,0.33830125668489486,0.33830125668489486,0.3458139507834118,0.0,0.3458139507834118,0.3458139507834118,0.36991920095680564,0.0,0.36991920095680564,0.36991920095680564,0.36991920095680564,0.0,0.36991920095680564,0.36991920095680564,0.4591995659364516,0.0,0.4591995659364516,0.4591995659364516,8575.370483974719,0.0,8575.370483974719,8575.370483974719,182067.03906518227,0.0,182067.03906518227,182067.03906518227,0.36991920095680564,0.0,0.36991920095680564,0.36991920095680564,0.4591995659364516,0.0,0.4591995659364516,0.4591995659364516,8575.370483974719,0.0,8575.370483974719,8575.370483974719,182067.03906518227,0.0,182067.03906518227,182067.03906518227,0.0,0.0,0.0,0.0
200.0,most_frequent_personal_destination,0.5,1,0.47920586462306874,0.0,0.47920586462306874,0.47920586462306874,0.5473692831375708,0.0,0.5473692831375708,0.5473692831375708,0.568615695774712,0.0,0.568615695774712,0.568615695774712,0.2946926041079194,0.0,0.2946926041079194,0.2946926041079194,0.33830125668489486,0.0,0.33830125668489486,0.33830125668489486,0.3458139507834118,0.0,0.3458139507834118,0.3458139507834118,0.36991920095680564,0.0,0.36991920095680564,0.36991920095680564,0.36991920095680564,0.0,0.36991920095680564,0.36991920095680564,0.4591995659364516,0.0,0.4591995659364516,0.4591995659364516,8575.370483974719,0.0,8575.370483974719,8575.370483974719,182067.03906518227,0.0,182067.03906518227,182067.03906518227,0.36991920095680564,0.0,0.36991920095680564,0.36991920095680564,0.4591995659364516,0.0,0.4591995659364516,0.4591995659364516,8575.370483974719,0.0,8575.370483974719,8575.370483974719,182067.03906518227,0.0,182067.03906518227,182067.03906518227,0.0,0.0,0.0,0.0
200.0,most_frequent_personal_destination,0.66,1,0.47920586462306874,0.0,0.47920586462306874,0.47920586462306874,0.5473692831375708,0.0,0.5473692831375708,0.5473692831375708,0.568615695774712,0.0,0.568615695774712,0.568615695774712,0.2946926041079194,0.0,0.2946926041079194,0.2946926041079194,0.33830125668489486,0.0,0.33830125668489486,0.33830125668489486,0.3458139507834118,0.0,0.3458139507834118,0.3458139507834118,0.36991920095680564,0.0,0.36991920095680564,0.36991920095680564,0.36991920095680564,0.0,0.36991920095680564,0.36991920095680564,0.4591995659364516,0.0,0.4591995659364516,0.4591995659364516,8575.370483974719,0.0,8575.370483974719,8575.370483974719,182067.03906518227,0.0,182067.03906518227,182067.03906518227,0.36991920095680564,0.0,0.36991920095680564,0.36991920095680564,0.4591995659364516,0.0,0.4591995659364516,0.4591995659364516,8575.370483974719,0.0,8575.370483974719,8575.370483974719,182067.03906518227,0.0,182067.03906518227,182067.03906518227,0.0,0.0,0.0,0.0
200.0,most_frequent_personal_destination,0.75,1,0.47920586462306874,0.0,0.47920586462306874,0.47920586462306874,0.5473692831375708,0.0,0.5473692831375708,0.5473692831375708,0.568615695774712,0.0,0.568615695774712,0.568615695774712,0.2946926041079194,0.0,0.2946926041079194,0.2946926041079194,0.33830125668489486,0.0,0.33830125668489486,0.33830125668489486,0.3458139507834118,0.0,0.3458139507834118,0.3458139507834118,0.36991920095680564,0.0,0.36991920095680564,0.36991920095680564,0.36991920095680564,0.0,0.36991920095680564,0.36991920095680564,0.4591995659364516,0.0,0.4591995659364516,0.4591995659364516,8575.370483974719,0.0,8575.370483974719,8575.370483974719,182067.03906518227,0.0,182067.03906518227,182067.03906518227,0.36991920095680564,0.0,0.36991920095680564,0.36991920095680564,0.4591995659364516,0.0,0.4591995659364516,0.4591995659364516,8575.370483974719,0.0,8575.370483974719,8575.370483974719,182067.03906518227,0.0,182067.03906518227,182067.03906518227,0.0,0.0,0.0,0.0
200.0,nearest_known_destination_to_current_point,0.25,1,0.47920586462306874,0.0,0.47920586462306874,0.47920586462306874,0.5473692831375708,0.0,0.5473692831375708,0.5473692831375708,0.568615695774712,0.0,0.568615695774712,0.568615695774712,0.052176302983252834,0.0,0.052176302983252834,0.052176302983252834,0.057593950045164585,0.0,0.057593950045164585,0.057593950045164585,0.0648374661965378,0.0,0.0648374661965378,0.0648374661965378,0.08265095468906401,0.0,0.08265095468906401,0.08265095468906401,0.08056762135573069,0.0,0.08056762135573069,0.08056762135573069,0.24557725182832105,0.0,0.24557725182832105,0.24557725182832105,5657.710742189854,0.0,5657.710742189854,5657.710742189854,95130.02193506497,0.0,95130.02193506497,95130.02193506497,0.08056762135573069,0.0,0.08056762135573069,0.08056762135573069,0.24557725182832105,0.0,0.24557725182832105,0.24557725182832105,5657.710742189854,0.0,5657.710742189854,5657.710742189854,95130.02193506497,0.0,95130.02193506497,95130.02193506497,0.0,0.0,0.0,0.0
200.0,nearest_known_destination_to_current_point,0.5,1,0.47920586462306874,0.0,0.47920586462306874,0.47920586462306874,0.5473692831375708,0.0,0.5473692831375708,0.5473692831375708,0.568615695774712,0.0,0.568615695774712,0.568615695774712,0.10329718797882396,0.0,0.10329718797882396,0.10329718797882396,0.11664225646720376,0.0,0.11664225646720376,0.11664225646720376,0.12353116268949894,0.0,0.12353116268949894,0.12353116268949894,0.14300369544661687,0.0,0.14300369544661687,0.14300369544661687,0.14615495595081854,0.0,0.14615495595081854,0.14615495595081854,0.3317711969300852,0.0,0.3317711969300852,0.3317711969300852,4746.03772327561,0.0,4746.03772327561,4746.03772327561,72918.88436478635,0.0,72918.88436478635,72918.88436478635,0.14615495595081854,0.0,0.14615495595081854,0.14615495595081854,0.3317711969300852,0.0,0.3317711969300852,0.3317711969300852,4746.03772327561,0.0,4746.03772327561,4746.03772327561,72918.88436478635,0.0,72918.88436478635,72918.88436478635,0.0,0.0,0.0,0.0
200.0,nearest_known_destination_to_current_point,0.66,1,0.47920586462306874,0.0,0.47920586462306874,0.47920586462306874,0.5473692831375708,0.0,0.5473692831375708,0.5473692831375708,0.568615695774712,0.0,0.568615695774712,0.568615695774712,0.15501846812772274,0.0,0.15501846812772274,0.15501846812772274,0.18195333277780365,0.0,0.18195333277780365,0.18195333277780365,0.19115705381491363,0.0,0.19115705381491363,0.19115705381491363,0.22238399043086882,0.0,0.22238399043086882,0.22238399043086882,0.223574466621345,0.0,0.223574466621345,0.223574466621345,0.4072211384365618,0.0,0.4072211384365618,0.4072211384365618,3271.707137537446,0.0,3271.707137537446,3271.707137537446,71827.63318169002,0.0,71827.63318169002,71827.63318169002,0.223574466621345,0.0,0.223574466621345,0.223574466621345,0.4072211384365618,0.0,0.4072211384365618,0.4072211384365618,3271.707137537446,0.0,3271.707137537446,3271.707137537446,71827.63318169002,0.0,71827.63318169002,71827.63318169002,0.0,0.0,0.0,0.0
200.0,nearest_known_destination_to_current_point,0.75,1,0.47920586462306874,0.0,0.47920586462306874,0.47920586462306874,0.5473692831375708,0.0,0.5473692831375708,0.5473692831375708,0.568615695774712,0.0,0.568615695774712,0.568615695774712,0.18375154208353955,0.0,0.18375154208353955,0.18375154208353955,0.2153286052290283,0.0,0.2153286052290283,0.2153286052290283,0.22526146803042232,0.0,0.22526146803042232,0.22526146803042232,0.2744981700339475,0.0,0.2744981700339475,0.2744981700339475,0.27437562101433965,0.0,0.27437562101433965,0.27437562101433965,0.4797163293517832,0.0,0.4797163293517832,0.4797163293517832,2693.1998053335574,0.0,2693.1998053335574,2693.1998053335574,68408.71218207096,0.0,68408.71218207096,68408.71218207096,0.27437562101433965,0.0,0.27437562101433965,0.27437562101433965,0.4797163293517832,0.0,0.4797163293517832,0.4797163293517832,2693.1998053335574,0.0,2693.1998053335574,2693.1998053335574,68408.71218207096,0.0,68408.71218207096,68408.71218207096,0.0,0.0,0.0,0.0
200.0,probabilistic_grid_pattern_retrieval,0.25,1,0.47920586462306874,0.0,0.47920586462306874,0.47920586462306874,0.5473692831375708,0.0,0.5473692831375708,0.5473692831375708,0.568615695774712,0.0,0.568615695774712,0.568615695774712,0.3510136209709047,0.0,0.3510136209709047,0.3510136209709047,0.39847026797052304,0.0,0.39847026797052304,0.39847026797052304,0.40772888100666993,0.0,0.40772888100666993,0.40772888100666993,0.44017594665181065,0.0,0.44017594665181065,0.44017594665181065,0.4408851665099667,0.0,0.4408851665099667,0.4408851665099667,0.5227946886571788,0.0,0.5227946886571788,0.5227946886571788,4079.1265214657537,0.0,4079.1265214657537,4079.1265214657537,96892.32203087569,0.0,96892.32203087569,96892.32203087569,0.4408851665099667,0.0,0.4408851665099667,0.4408851665099667,0.5227946886571788,0.0,0.5227946886571788,0.5227946886571788,4079.1265214657537,0.0,4079.1265214657537,4079.1265214657537,96892.32203087569,0.0,96892.32203087569,96892.32203087569,0.12313900515437119,0.0,0.12313900515437119,0.12313900515437119
200.0,probabilistic_grid_pattern_retrieval,0.5,1,0.47920586462306874,0.0,0.47920586462306874,0.47920586462306874,0.5473692831375708,0.0,0.5473692831375708,0.5473692831375708,0.568615695774712,0.0,0.568615695774712,0.568615695774712,0.35418910649728896,0.0,0.35418910649728896,0.35418910649728896,0.4027354980753867,0.0,0.4027354980753867,0.4027354980753867,0.4107174693285627,0.0,0.4107174693285627,0.4107174693285627,0.44685168547054066,0.0,0.44685168547054066,0.44685168547054066,0.4475609053286967,0.0,0.4475609053286967,0.4475609053286967,0.5429699283689986,0.0,0.5429699283689986,0.5429699283689986,3802.6162387511413,0.0,3802.6162387511413,3802.6162387511413,92580.3429393515,0.0,92580.3429393515,92580.3429393515,0.4475609053286967,0.0,0.4475609053286967,0.4475609053286967,0.5429699283689986,0.0,0.5429699283689986,0.5429699283689986,3802.6162387511413,0.0,3802.6162387511413,3802.6162387511413,92580.3429393515,0.0,92580.3429393515,92580.3429393515,0.12413482181727882,0.0,0.12413482181727882,0.12413482181727882
200.0,probabilistic_grid_pattern_retrieval,0.66,1,0.47920586462306874,0.0,0.47920586462306874,0.47920586462306874,0.5473692831375708,0.0,0.5473692831375708,0.5473692831375708,0.568615695774712,0.0,0.568615695774712,0.568615695774712,0.36593846165233745,0.0,0.36593846165233745,0.36593846165233745,0.41596275782510894,0.0,0.41596275782510894,0.41596275782510894,0.42619248914839,0.0,0.42619248914839,0.42619248914839,0.47023469796179856,0.0,0.47023469796179856,0.47023469796179856,0.4709439178199546,0.0,0.4709439178199546,0.4709439178199546,0.5571548448285302,0.0,0.5571548448285302,0.5571548448285302,2923.572270590129,0.0,2923.572270590129,2923.572270590129,76331.17331819833,0.0,76331.17331819833,76331.17331819833,0.4709439178199546,0.0,0.4709439178199546,0.4709439178199546,0.5571548448285302,0.0,0.5571548448285302,0.5571548448285302,2923.572270590129,0.0,2923.572270590129,2923.572270590129,76331.17331819833,0.0,76331.17331819833,76331.17331819833,0.12430665083229536,0.0,0.12430665083229536,0.12430665083229536
200.0,probabilistic_grid_pattern_retrieval,0.75,1,0.47920586462306874,0.0,0.47920586462306874,0.47920586462306874,0.5473692831375708,0.0,0.5473692831375708,0.5473692831375708,0.568615695774712,0.0,0.568615695774712,0.568615695774712,0.37096397943967657,0.0,0.37096397943967657,0.37096397943967657,0.4211745982078121,0.0,0.4211745982078121,0.4211745982078121,0.43225903038579394,0.0,0.43225903038579394,0.43225903038579394,0.47666652206448545,0.0,0.47666652206448545,0.47666652206448545,0.4773757419226415,0.0,0.4773757419226415,0.4773757419226415,0.5674079927809432,0.0,0.5674079927809432,0.5674079927809432,2866.4251671032675,0.0,2866.4251671032675,2866.4251671032675,73790.19608674152,0.0,73790.19608674152,73790.19608674152,0.4773757419226415,0.0,0.4773757419226415,0.4773757419226415,0.5674079927809432,0.0,0.5674079927809432,0.5674079927809432,2866.4251671032675,0.0,2866.4251671032675,2866.4251671032675,73790.19608674152,0.0,73790.19608674152,73790.19608674152,0.1242111902683973,0.0,0.1242111902683973,0.1242111902683973
200.0,tsmini,0.25,5,0.47920586462306874,0.0,0.47920586462306874,0.47920586462306874,0.5473692831375708,0.0,0.5473692831375708,0.5473692831375708,0.568615695774712,0.0,0.568615695774712,0.568615695774712,0.29821322107529336,0.0060946317958044186,0.2901600398137463,0.3042038322488043,0.3367818773012792,0.008721224789146493,0.3233040316282747,0.3475672370195559,0.348062669850297,0.008345743106125396,0.3356355992411376,0.35900742818134085,0.37805810934027806,0.0036529743347488586,0.37391949238421396,0.38392699860497903,0.37926795498066196,0.0041340075037688395,0.37658949655609547,0.38659700277686054,0.47307537462787275,0.004295081024621788,0.46589471525517284,0.47617231706027446,3991.5520751525123,271.94728118888935,3742.3673208513437,4398.9761128191685,108396.98491837925,6375.074736823603,100802.03636151557,117422.65958140015,0.3664216118689138,0.007025005750331088,0.3591143640373513,0.3777883828014843,0.4731587786425745,0.004056437594735611,0.46635767821813584,0.47619174129273306,4009.0635467244924,271.2055727883304,3754.7937815255946,4418.077983413819,108397.90951217261,6376.511359411843,100803.60565294883,117425.60036332815,0.0255709514021873,0.0005647691964042799,0.025141285732388427,0.026477267965674352
200.0,tsmini,0.5,5,0.47920586462306874,0.0,0.47920586462306874,0.47920586462306874,0.5473692831375708,0.0,0.5473692831375708,0.5473692831375708,0.568615695774712,0.0,0.568615695774712,0.568615695774712,0.308689632991801,0.005722364086305168,0.29967573400973907,0.31376462962792623,0.3527884094477397,0.0058716961958464415,0.3428897087181694,0.3578560516993266,0.3612611009715817,0.005443223282156954,0.3517582133742985,0.3653581212357902,0.39198957801516576,0.006614851842693228,0.38567801939127266,0.3994106758683282,0.39391363487195097,0.008319098991049751,0.3862646902298208,0.4045227206862554,0.4821543292371532,0.012314978038623732,0.47119042884059825,0.500055704037276,3929.143974759725,243.99867631285204,3623.8690628406102,4182.97927222994,109742.62947571222,8012.498048537912,100251.37900668287,119635.01981366471,0.37920645698937416,0.008293829938388387,0.37182701679020763,0.391895714985675,0.48282044511242395,0.012408865391297461,0.4704812089824422,0.49972101601432595,3944.2158621914205,242.99508953489675,3636.7214745154993,4187.992031935633,109739.15197501855,8011.111070633434,100254.96442650323,119631.25294497226,0.026044528931379284,0.0005066908002426574,0.025317072868347126,0.026724301278591125
200.0,tsmini,0.66,5,0.47920586462306874,0.0,0.47920586462306874,0.47920586462306874,0.5473692831375708,0.0,0.5473692831375708,0.5473692831375708,0.568615695774712,0.0,0.568615695774712,0.568615695774712,0.32277093476512003,0.004239385746696599,0.3166684266677944,0.3264615384008257,0.3689751333878547,0.007356283380190858,0.3601350259598265,0.3753585577326907,0.3768872825528968,0.007792907788378059,0.3680240343251407,0.3835114868243405,0.4111703064507708,0.009882979528999324,0.39882197638383715,0.42322953898782134,0.413845376478782,0.01083611790635375,0.4019732368880388,0.42834158380574844,0.5011876109659096,0.009349435653965904,0.49159008462575116,0.5121936177111003,3851.842768327003,340.82551802356323,3393.3963634005268,4175.697236475729,104890.44904237613,11853.350531912136,90169.23609468636,118836.57806465313,0.3997484150738931,0.01398684668599373,0.38434119334717776,0.4159042508612393,0.5009289733493133,0.010820863234111624,0.49130280569586515,0.5128014796334678,3868.0375448357036,344.6764806750245,3402.732699499711,4193.75147194687,104888.34685982333,11852.256249209475,90168.09707255191,118833.95003074266,0.02588643692433828,0.0003153680797598749,0.025481218472123077,0.026216963306069326
200.0,tsmini,0.75,5,0.47920586462306874,0.0,0.47920586462306874,0.47920586462306874,0.5473692831375708,0.0,0.5473692831375708,0.5473692831375708,0.568615695774712,0.0,0.568615695774712,0.568615695774712,0.33569594780534917,0.006043272282383577,0.3316111424161313,0.3463567725024407,0.3819425079376314,0.00644431829831796,0.37437313594132554,0.39222585837084595,0.3915206295321745,0.006243954687808725,0.38181820223371776,0.3992950357691337,0.426494644982608,0.008455941797861077,0.4186174217847933,0.4366163661671827,0.42828915001866497,0.008931484164938238,0.4186174217847933,0.4397676266713844,0.5176030436085484,0.004875174154836867,0.513641907876105,0.5255008320733806,3640.6090941032644,283.1532850704434,3136.4377839390268,3805.5997469459935,100305.54320859115,8687.632469370365,88445.73597665617,108697.82090371737,0.41248334496757477,0.0126809300234314,0.397039501333552,0.42541903104579976,0.5171561701729892,0.005684720801533568,0.5117900560242531,0.525802982073826,3648.665202349136,285.8493492163796,3139.719761076591,3813.918970396012,100310.30968912729,8683.576328696861,88458.86476704873,108701.72414391147,0.026416685432195615,0.00017097835525072786,0.026208348572254125,0.0266048591583967
300.0,bigru,0.25,5,0.5068076916320828,0.0,0.5068076916320828,0.5068076916320828,0.5725639587267227,0.0,0.5725639587267227,0.5725639587267227,0.5919801914634844,0.0,0.5919801914634844,0.5919801914634844,0.34535273193009614,0.008776195809195845,0.33289421669183744,0.3530335949367059,0.3886320317204406,0.012165427067647163,0.37118485889751734,0.39975330936745057,0.3977339620817979,0.0146880042035739,0.37687483893561413,0.41280490458874997,0.42558986931843884,0.017755950018770165,0.39930644425246625,0.4423379977857074,0.42558986931843884,0.017755950018770165,0.39930644425246625,0.4423379977857074,0.499357318014585,0.022923907231331832,0.4695919704364547,0.5174818363237222,3785.8392243490334,334.19597623516654,3274.9119593167843,4147.317986322082,109149.93482411501,495.53823794527204,108459.12543694543,109592.91875755855,0.4200685539483544,0.018170511109191625,0.39292657887347887,0.4365400375759825,0.49915572401552266,0.022718995495119805,0.4695919704364547,0.5160897233685451,3785.6680697446945,334.0360868682823,3275.202744457596,4148.8060696713555,109144.12065286457,496.83046547551373,108451.85894182924,109588.2046749611,,,,
300.0,bigru,0.5,5,0.5068076916320828,0.0,0.5068076916320828,0.5068076916320828,0.5725639587267227,0.0,0.5725639587267227,0.5725639587267227,0.5919801914634844,0.0,0.5919801914634844,0.5919801914634844,0.36634948405358275,0.01640800040294655,0.3456559561489663,0.3908618415886211,0.41067998323898997,0.01816179816450138,0.3899499789700812,0.4388769734139894,0.41963623253757165,0.01833003474524014,0.39574831204206284,0.4469332782643186,0.44718521368634406,0.019384113292701868,0.41995768269473815,0.47442130525809234,0.44718521368634406,0.019384113292701868,0.41995768269473815,0.47442130525809234,0.5220047960005991,0.021935329292503997,0.49369917567681904,0.5543493384920987,3170.935042968504,290.080219914168,2890.933711489585,3572.520371759974,107687.4150565759,651.2010742291299,106599.62004701684,108315.68903081868,0.4416171398725545,0.0198621560330296,0.4123689983660448,0.46779625424597354,0.5220047960005991,0.021935329292503997,0.49369917567681904,0.5543493384920987,3172.799780863498,288.785375005351,2895.1430949111736,3572.6603471739622,107675.28197502161,647.7179828247525,106592.76051817536,108300.88728849546,,,,
300.0,bigru,0.66,5,0.5068076916320828,0.0,0.5068076916320828,0.5068076916320828,0.5725639587267227,0.0,0.5725639587267227,0.5725639587267227,0.5919801914634844,0.0,0.5919801914634844,0.5919801914634844,0.3724227825143006,0.015220057328166248,0.3542853164973519,0.3959638776998557,0.41792818580914187,0.017261018252182393,0.39849983226221547,0.4447754822887001,0.42719079338724786,0.017270482204583677,0.40476112829716016,0.4528317871390292,0.45625892129914325,0.0180316620857582,0.4326748740221447,0.4831374911332797,0.45625892129914325,0.0180316620857582,0.4326748740221447,0.4831374911332797,0.5347782530062193,0.02171854743217268,0.5115934122380077,0.5705191488665232,3014.1880238094113,169.6862858179264,2744.8784371025954,3202.203246554772,105518.32041756753,1303.4022475892418,103248.42672667406,106597.3820477389,0.4481351387335291,0.01840580253718058,0.4232343378415996,0.47455165580743536,0.5347782530062193,0.02171854743217268,0.5115934122380077,0.5705191488665232,3012.5748752682402,169.02960438759828,2745.376040054248,3201.443732251033,105506.13427636384,1304.590095784793,103233.44541058011,106583.55486627789,,,,
300.0,bigru,0.75,5,0.5068076916320828,0.0,0.5068076916320828,0.5068076916320828,0.5725639587267227,0.0,0.5725639587267227,0.5725639587267227,0.5919801914634844,0.0,0.5919801914634844,0.5919801914634844,0.37794482757690406,0.015705292286621344,0.3582280738733076,0.400806384000051,0.42836390640404176,0.019411562141471515,0.40388751875485596,0.4569198523514333,0.4372556140201077,0.020053549979989597,0.4106463272276116,0.46632579200646235,0.464871320332551,0.018304264791143405,0.44108191711238603,0.49212583037194896,0.464871320332551,0.018304264791143405,0.44108191711238603,0.49212583037194896,0.5412870376689016,0.020992322492149246,0.5221073446843374,0.5772700221378835,2679.795063797773,276.3286267119866,2381.400906597578,3036.5458794645388,104896.12153811881,1099.6129691197004,103050.38723198518,105799.65459230286,0.45684843012342363,0.018746914083572146,0.4313869280056322,0.4835399950461046,0.5412870376689016,0.020992322492149246,0.5221073446843374,0.5772700221378835,2677.145837052361,275.06903230916936,2378.2879280992934,3030.9919824644103,104886.17452329374,1101.6427093345333,103035.43477261433,105790.01306723911,,,,
300.0,current_position_only_personal_retrieval,0.25,1,0.5068076916320828,0.0,0.5068076916320828,0.5068076916320828,0.5725639587267227,0.0,0.5725639587267227,0.5725639587267227,0.5919801914634844,0.0,0.5919801914634844,0.5919801914634844,0.2807052819929199,0.0,0.2807052819929199,0.2807052819929199,0.3212014359842159,0.0,0.3212014359842159,0.3212014359842159,0.32980556790850807,0.0,0.32980556790850807,0.32980556790850807,0.36147074942125684,0.0,0.36147074942125684,0.36147074942125684,0.36147074942125684,0.0,0.36147074942125684,0.36147074942125684,0.46686073050080995,0.0,0.46686073050080995,0.46686073050080995,4269.3149593749395,0.0,4269.3149593749395,4269.3149593749395,101119.8839677984,0.0,101119.8839677984,101119.8839677984,0.3441742469719406,0.0,0.3441742469719406,0.3441742469719406,0.4663102948673592,0.0,0.4663102948673592,0.4663102948673592,4290.680898801919,0.0,4290.680898801919,4290.680898801919,101146.28332970662,0.0,101146.28332970662,101146.28332970662,0.0,0.0,0.0,0.0
300.0,current_position_only_personal_retrieval,0.5,1,0.5068076916320828,0.0,0.5068076916320828,0.5068076916320828,0.5725639587267227,0.0,0.5725639587267227,0.5725639587267227,0.5919801914634844,0.0,0.5919801914634844,0.5919801914634844,0.2829751452104294,0.0,0.2829751452104294,0.2829751452104294,0.317202582043613,0.0,0.317202582043613,0.317202582043613,0.32764429314520754,0.0,0.32764429314520754,0.32764429314520754,0.3459094371777082,0.0,0.3459094371777082,0.3459094371777082,0.3459094371777082,0.0,0.3459094371777082,0.3459094371777082,0.45169225100941174,0.0,0.45169225100941174,0.45169225100941174,4075.809265514882,0.0,4075.809265514882,4075.809265514882,76899.31016149647,0.0,76899.31016149647,76899.31016149647,0.31965072074627227,0.0,0.31965072074627227,0.31965072074627227,0.449187573204024,0.0,0.449187573204024,0.449187573204024,4100.845370776396,0.0,4100.845370776396,4100.845370776396,76901.21507367441,0.0,76901.21507367441,76901.21507367441,0.0,0.0,0.0,0.0
300.0,current_position_only_personal_retrieval,0.66,1,0.5068076916320828,0.0,0.5068076916320828,0.5068076916320828,0.5725639587267227,0.0,0.5725639587267227,0.5725639587267227,0.5919801914634844,0.0,0.5919801914634844,0.5919801914634844,0.3342122943877588,0.0,0.3342122943877588,0.3342122943877588,0.36777497612235055,0.0,0.36777497612235055,0.36777497612235055,0.3755007908266322,0.0,0.3755007908266322,0.3755007908266322,0.4061644856230425,0.0,0.4061644856230425,0.4061644856230425,0.4061644856230425,0.0,0.4061644856230425,0.4061644856230425,0.5074189733229681,0.0,0.5074189733229681,0.5074189733229681,3364.7247443154465,0.0,3364.7247443154465,3364.7247443154465,72412.07710892185,0.0,72412.07710892185,72412.07710892185,0.3883068291008967,0.0,0.3883068291008967,0.3883068291008967,0.5033145627312158,0.0,0.5033145627312158,0.5033145627312158,3359.028571538009,0.0,3359.028571538009,3359.028571538009,72399.40399058792,0.0,72399.40399058792,72399.40399058792,0.0,0.0,0.0,0.0
300.0,current_position_only_personal_retrieval,0.75,1,0.5068076916320828,0.0,0.5068076916320828,0.5068076916320828,0.5725639587267227,0.0,0.5725639587267227,0.5725639587267227,0.5919801914634844,0.0,0.5919801914634844,0.5919801914634844,0.3684860733949132,0.0,0.3684860733949132,0.3684860733949132,0.415397981378453,0.0,0.415397981378453,0.415397981378453,0.42328945612523033,0.0,0.42328945612523033,0.42328945612523033,0.45450845028637177,0.0,0.45450845028637177,0.45450845028637177,0.45450845028637177,0.0,0.45450845028637177,0.45450845028637177,0.5695454978248315,0.0,0.5695454978248315,0.5695454978248315,2052.513868591729,0.0,2052.513868591729,2052.513868591729,70283.05301506438,0.0,70283.05301506438,70283.05301506438,0.4329344791170438,0.0,0.4329344791170438,0.4329344791170438,0.5666157624301112,0.0,0.5666157624301112,0.5666157624301112,2066.923607737741,0.0,2066.923607737741,2066.923607737741,70269.53211036412,0.0,70269.53211036412,70269.53211036412,0.0,0.0,0.0,0.0
300.0,geometric_retrieval,0.25,1,0.5068076916320828,0.0,0.5068076916320828,0.5068076916320828,0.5725639587267227,0.0,0.5725639587267227,0.5725639587267227,0.5919801914634844,0.0,0.5919801914634844,0.5919801914634844,0.31976893398909395,0.0,0.31976893398909395,0.31976893398909395,0.3625297441140714,0.0,0.3625297441140714,0.3625297441140714,0.36922408413412905,0.0,0.36922408413412905,0.36922408413412905,0.4051443780631916,0.0,0.4051443780631916,0.4051443780631916,0.40306104472985826,0.0,0.40306104472985826,0.40306104472985826,0.49941529014122976,0.0,0.49941529014122976,0.49941529014122976,4030.216601132366,0.0,4030.216601132366,4030.216601132366,97815.44737390563,0.0,97815.44737390563,97815.44737390563,0.38145098295909907,0.0,0.38145098295909907,0.38145098295909907,0.4982248139507535,0.0,0.4982248139507535,0.4982248139507535,4035.0658365728755,0.0,4035.0658365728755,4035.0658365728755,97816.12758763325,0.0,97816.12758763325,97816.12758763325,0.2324494998902082,0.0,0.2324494998902082,0.2324494998902082
300.0,geometric_retrieval,0.5,1,0.5068076916320828,0.0,0.5068076916320828,0.5068076916320828,0.5725639587267227,0.0,0.5725639587267227,0.5725639587267227,0.5919801914634844,0.0,0.5919801914634844,0.5919801914634844,0.3417935396551626,0.0,0.3417935396551626,0.3417935396551626,0.38624414738107166,0.0,0.38624414738107166,0.38624414738107166,0.39656303451641095,0.0,0.39656303451641095,0.39656303451641095,0.43697943010467477,0.0,0.43697943010467477,0.43697943010467477,0.43489609677134144,0.0,0.43489609677134144,0.43489609677134144,0.534791447915106,0.0,0.534791447915106,0.534791447915106,3170.2300196730525,0.0,3170.2300196730525,3170.2300196730525,92689.91585547195,0.0,92689.91585547195,92689.91585547195,0.41668194829889954,0.0,0.41668194829889954,0.41668194829889954,0.535213388843376,0.0,0.535213388843376,0.535213388843376,3168.6868063931,0.0,3168.6868063931,3168.6868063931,92689.47524036843,0.0,92689.47524036843,92689.47524036843,0.2346821129322052,0.0,0.2346821129322052,0.2346821129322052
300.0,geometric_retrieval,0.66,1,0.5068076916320828,0.0,0.5068076916320828,0.5068076916320828,0.5725639587267227,0.0,0.5725639587267227,0.5725639587267227,0.5919801914634844,0.0,0.5919801914634844,0.5919801914634844,0.3582478456612686,0.0,0.3582478456612686,0.3582478456612686,0.40232726840987393,0.0,0.40232726840987393,0.40232726840987393,0.41339002646083983,0.0,0.41339002646083983,0.41339002646083983,0.45136302321868393,0.0,0.45136302321868393,0.45136302321868393,0.45136302321868393,0.0,0.45136302321868393,0.45136302321868393,0.543160858849191,0.0,0.543160858849191,0.543160858849191,2994.130313984894,0.0,2994.130313984894,2994.130313984894,76371.32459567294,0.0,76371.32459567294,76371.32459567294,0.42479468351595834,0.0,0.42479468351595834,0.42479468351595834,0.5435827997774609,0.0,0.5435827997774609,0.5435827997774609,3003.900497081559,0.0,3003.900497081559,3003.900497081559,76384.16361215142,0.0,76384.16361215142,76384.16361215142,0.23700925521552563,0.0,0.23700925521552563,0.23700925521552563
300.0,geometric_retrieval,0.75,1,0.5068076916320828,0.0,0.5068076916320828,0.5068076916320828,0.5725639587267227,0.0,0.5725639587267227,0.5725639587267227,0.5919801914634844,0.0,0.5919801914634844,0.5919801914634844,0.37155156866566535,0.0,0.37155156866566535,0.37155156866566535,0.4190799978696063,0.0,0.4190799978696063,0.4190799978696063,0.43045498675605887,0.0,0.43045498675605887,0.43045498675605887,0.46828493316017844,0.0,0.46828493316017844,0.46828493316017844,0.4662015998268451,0.0,0.4662015998268451,0.4662015998268451,0.5649554489742855,0.0,0.5649554489742855,0.5649554489742855,2862.8279893538074,0.0,2862.8279893538074,2862.8279893538074,74020.19573577409,0.0,74020.19573577409,74020.19573577409,0.4434060437896226,0.0,0.4434060437896226,0.4434060437896226,0.5634166055888301,0.0,0.5634166055888301,0.5634166055888301,2868.4920936140466,0.0,2868.4920936140466,2868.4920936140466,74018.0176552432,0.0,74018.0176552432,74018.0176552432,0.23713125847280023,0.0,0.23713125847280023,0.23713125847280023
300.0,last_observed_point,0.25,1,0.5068076916320828,0.0,0.5068076916320828,0.5068076916320828,0.5725639587267227,0.0,0.5725639587267227,0.5725639587267227,0.5919801914634844,0.0,0.5919801914634844,0.5919801914634844,0.06770125296853981,0.0,0.06770125296853981,0.06770125296853981,0.07471936927797963,0.0,0.07471936927797963,0.07471936927797963,0.08695510545542626,0.0,0.08695510545542626,0.08695510545542626,0.09501092343788799,0.0,0.09501092343788799,0.09501092343788799,0.09292759010455466,0.0,0.09292759010455466,0.09292759010455466,0.24376969718741626,0.0,0.24376969718741626,0.24376969718741626,5643.357393474695,0.0,5643.357393474695,5643.357393474695,95125.64051217462,0.0,95125.64051217462,95125.64051217462,0.044213070446020394,0.0,0.044213070446020394,0.044213070446020394,0.2493499837878447,0.0,0.2493499837878447,0.2493499837878447,5556.403944760819,0.0,5556.403944760819,5556.403944760819,56163.749628714286,0.0,56163.749628714286,56163.749628714286,0.0,0.0,0.0,0.0
300.0,last_observed_point,0.5,1,0.5068076916320828,0.0,0.5068076916320828,0.5068076916320828,0.5725639587267227,0.0,0.5725639587267227,0.5725639587267227,0.5919801914634844,0.0,0.5919801914634844,0.5919801914634844,0.13142253336898035,0.0,0.13142253336898035,0.13142253336898035,0.14657446945370142,0.0,0.14657446945370142,0.14657446945370142,0.15725846097535037,0.0,0.15725846097535037,0.15725846097535037,0.16441341082647695,0.0,0.16441341082647695,0.16441341082647695,0.16441341082647695,0.0,0.16441341082647695,0.16441341082647695,0.3300783823814365,0.0,0.3300783823814365,0.3300783823814365,4737.774821752817,0.0,4737.774821752817,4737.774821752817,72918.24232272498,0.0,72918.24232272498,72918.24232272498,0.07704847559807894,0.0,0.07704847559807894,0.07704847559807894,0.3358558890123765,0.0,0.3358558890123765,0.3358558890123765,4053.7780512349764,0.0,4053.7780512349764,4053.7780512349764,41923.730321372605,0.0,41923.730321372605,41923.730321372605,0.0,0.0,0.0,0.0
300.0,last_observed_point,0.66,1,0.5068076916320828,0.0,0.5068076916320828,0.5068076916320828,0.5725639587267227,0.0,0.5725639587267227,0.5725639587267227,0.5919801914634844,0.0,0.5919801914634844,0.5919801914634844,0.19013050753478272,0.0,0.19013050753478272,0.19013050753478272,0.2194778215148953,0.0,0.2194778215148953,0.2194778215148953,0.2306247759995072,0.0,0.2306247759995072,0.2306247759995072,0.2483418806579517,0.0,0.2483418806579517,0.2483418806579517,0.2483418806579517,0.0,0.2483418806579517,0.2483418806579517,0.40084370313926965,0.0,0.40084370313926965,0.40084370313926965,3286.972335972877,0.0,3286.972335972877,3286.972335972877,71826.3520452699,0.0,71826.3520452699,71826.3520452699,0.12451220114829598,0.0,0.12451220114829598,0.12451220114829598,0.4156039308202486,0.0,0.4156039308202486,0.4156039308202486,2856.2225333494657,0.0,2856.2225333494657,2856.2225333494657,33017.35107149025,0.0,33017.35107149025,33017.35107149025,0.0,0.0,0.0,0.0
300.0,last_observed_point,0.75,1,0.5068076916320828,0.0,0.5068076916320828,0.5068076916320828,0.5725639587267227,0.0,0.5725639587267227,0.5725639587267227,0.5919801914634844,0.0,0.5919801914634844,0.5919801914634844,0.2212455630650812,0.0,0.2212455630650812,0.2212455630650812,0.25514406592503275,0.0,0.25514406592503275,0.25514406592503275,0.2666655522448506,0.0,0.2666655522448506,0.2666655522448506,0.2996137005054134,0.0,0.2996137005054134,0.2996137005054134,0.2975303671720801,0.0,0.2975303671720801,0.2975303671720801,0.47710263414835274,0.0,0.47710263414835274,0.47710263414835274,2725.159581985287,0.0,2725.159581985287,2725.159581985287,68399.3303276424,0.0,68399.3303276424,68399.3303276424,0.18124654773001056,0.0,0.18124654773001056,0.18124654773001056,0.4758257069106383,0.0,0.4758257069106383,0.4758257069106383,2033.2446964332769,0.0,2033.2446964332769,2033.2446964332769,25664.99221614733,0.0,25664.99221614733,25664.99221614733,0.0,0.0,0.0,0.0
300.0,most_frequent_personal_destination,0.25,1,0.5068076916320828,0.0,0.5068076916320828,0.5068076916320828,0.5725639587267227,0.0,0.5725639587267227,0.5725639587267227,0.5919801914634844,0.0,0.5919801914634844,0.5919801914634844,0.3033181034126822,0.0,0.3033181034126822,0.3033181034126822,0.3434181871780223,0.0,0.3434181871780223,0.3434181871780223,0.3540870274559413,0.0,0.3540870274559413,0.3540870274559413,0.3738407695842566,0.0,0.3738407695842566,0.3738407695842566,0.3738407695842566,0.0,0.3738407695842566,0.3738407695842566,0.4591995659364516,0.0,0.4591995659364516,0.4591995659364516,8574.881391370158,0.0,8574.881391370158,8574.881391370158,182067.39327123368,0.0,182067.39327123368,182067.39327123368,0.36991920095680564,0.0,0.36991920095680564,0.36991920095680564,0.4591995659364516,0.0,0.4591995659364516,0.4591995659364516,8575.370483974719,0.0,8575.370483974719,8575.370483974719,182067.03906518227,0.0,182067.03906518227,182067.03906518227,0.0,0.0,0.0,0.0
300.0,most_frequent_personal_destination,0.5,1,0.5068076916320828,0.0,0.5068076916320828,0.5068076916320828,0.5725639587267227,0.0,0.5725639587267227,0.5725639587267227,0.5919801914634844,0.0,0.5919801914634844,0.5919801914634844,0.3033181034126822,0.0,0.3033181034126822,0.3033181034126822,0.3434181871780223,0.0,0.3434181871780223,0.3434181871780223,0.3540870274559413,0.0,0.3540870274559413,0.3540870274559413,0.3738407695842566,0.0,0.3738407695842566,0.3738407695842566,0.3738407695842566,0.0,0.3738407695842566,0.3738407695842566,0.4591995659364516,0.0,0.4591995659364516,0.4591995659364516,8574.881391370158,0.0,8574.881391370158,8574.881391370158,182067.39327123368,0.0,182067.39327123368,182067.39327123368,0.36991920095680564,0.0,0.36991920095680564,0.36991920095680564,0.4591995659364516,0.0,0.4591995659364516,0.4591995659364516,8575.370483974719,0.0,8575.370483974719,8575.370483974719,182067.03906518227,0.0,182067.03906518227,182067.03906518227,0.0,0.0,0.0,0.0
300.0,most_frequent_personal_destination,0.66,1,0.5068076916320828,0.0,0.5068076916320828,0.5068076916320828,0.5725639587267227,0.0,0.5725639587267227,0.5725639587267227,0.5919801914634844,0.0,0.5919801914634844,0.5919801914634844,0.3033181034126822,0.0,0.3033181034126822,0.3033181034126822,0.3434181871780223,0.0,0.3434181871780223,0.3434181871780223,0.3540870274559413,0.0,0.3540870274559413,0.3540870274559413,0.3738407695842566,0.0,0.3738407695842566,0.3738407695842566,0.3738407695842566,0.0,0.3738407695842566,0.3738407695842566,0.4591995659364516,0.0,0.4591995659364516,0.4591995659364516,8574.881391370158,0.0,8574.881391370158,8574.881391370158,182067.39327123368,0.0,182067.39327123368,182067.39327123368,0.36991920095680564,0.0,0.36991920095680564,0.36991920095680564,0.4591995659364516,0.0,0.4591995659364516,0.4591995659364516,8575.370483974719,0.0,8575.370483974719,8575.370483974719,182067.03906518227,0.0,182067.03906518227,182067.03906518227,0.0,0.0,0.0,0.0
300.0,most_frequent_personal_destination,0.75,1,0.5068076916320828,0.0,0.5068076916320828,0.5068076916320828,0.5725639587267227,0.0,0.5725639587267227,0.5725639587267227,0.5919801914634844,0.0,0.5919801914634844,0.5919801914634844,0.3033181034126822,0.0,0.3033181034126822,0.3033181034126822,0.3434181871780223,0.0,0.3434181871780223,0.3434181871780223,0.3540870274559413,0.0,0.3540870274559413,0.3540870274559413,0.3738407695842566,0.0,0.3738407695842566,0.3738407695842566,0.3738407695842566,0.0,0.3738407695842566,0.3738407695842566,0.4591995659364516,0.0,0.4591995659364516,0.4591995659364516,8574.881391370158,0.0,8574.881391370158,8574.881391370158,182067.39327123368,0.0,182067.39327123368,182067.39327123368,0.36991920095680564,0.0,0.36991920095680564,0.36991920095680564,0.4591995659364516,0.0,0.4591995659364516,0.4591995659364516,8575.370483974719,0.0,8575.370483974719,8575.370483974719,182067.03906518227,0.0,182067.03906518227,182067.03906518227,0.0,0.0,0.0,0.0
300.0,nearest_known_destination_to_current_point,0.25,1,0.5068076916320828,0.0,0.5068076916320828,0.5068076916320828,0.5725639587267227,0.0,0.5725639587267227,0.5725639587267227,0.5919801914634844,0.0,0.5919801914634844,0.5919801914634844,0.06613668004657393,0.0,0.06613668004657393,0.06613668004657393,0.07130294450416191,0.0,0.07130294450416191,0.07130294450416191,0.08353868068160854,0.0,0.08353868068160854,0.08353868068160854,0.09159449866407025,0.0,0.09159449866407025,0.09159449866407025,0.08951116533073693,0.0,0.08951116533073693,0.08951116533073693,0.24443789501087934,0.0,0.24443789501087934,0.24443789501087934,5663.512407646533,0.0,5663.512407646533,5663.512407646533,95126.93351243102,0.0,95126.93351243102,95126.93351243102,0.08056762135573069,0.0,0.08056762135573069,0.08056762135573069,0.24557725182832105,0.0,0.24557725182832105,0.24557725182832105,5657.710742189854,0.0,5657.710742189854,5657.710742189854,95130.02193506497,0.0,95130.02193506497,95130.02193506497,0.0,0.0,0.0,0.0
300.0,nearest_known_destination_to_current_point,0.5,1,0.5068076916320828,0.0,0.5068076916320828,0.5068076916320828,0.5725639587267227,0.0,0.5725639587267227,0.5725639587267227,0.5919801914634844,0.0,0.5919801914634844,0.5919801914634844,0.13504993693259199,0.0,0.13504993693259199,0.13504993693259199,0.1490990848358732,0.0,0.1490990848358732,0.1490990848358732,0.15978307635752215,0.0,0.15978307635752215,0.15978307635752215,0.1669380262086487,0.0,0.1669380262086487,0.1669380262086487,0.1669380262086487,0.0,0.1669380262086487,0.1669380262086487,0.3299899512536795,0.0,0.3299899512536795,0.3299899512536795,4738.203368611079,0.0,4738.203368611079,4738.203368611079,72920.85297124978,0.0,72920.85297124978,72920.85297124978,0.14615495595081854,0.0,0.14615495595081854,0.14615495595081854,0.3317711969300852,0.0,0.3317711969300852,0.3317711969300852,4746.03772327561,0.0,4746.03772327561,4746.03772327561,72918.88436478635,0.0,72918.88436478635,72918.88436478635,0.0,0.0,0.0,0.0
300.0,nearest_known_destination_to_current_point,0.66,1,0.5068076916320828,0.0,0.5068076916320828,0.5068076916320828,0.5725639587267227,0.0,0.5725639587267227,0.5725639587267227,0.5919801914634844,0.0,0.5919801914634844,0.5919801914634844,0.1901495426652897,0.0,0.1901495426652897,0.1901495426652897,0.21793110550099945,0.0,0.21793110550099945,0.21793110550099945,0.22907805998561137,0.0,0.22907805998561137,0.22907805998561137,0.24560468845357963,0.0,0.24560468845357963,0.24560468845357963,0.24560468845357963,0.0,0.24560468845357963,0.24560468845357963,0.4060229346321165,0.0,0.4060229346321165,0.4060229346321165,3266.3796821510605,0.0,3266.3796821510605,3266.3796821510605,71832.08683812708,0.0,71832.08683812708,71832.08683812708,0.223574466621345,0.0,0.223574466621345,0.223574466621345,0.4072211384365618,0.0,0.4072211384365618,0.4072211384365618,3271.707137537446,0.0,3271.707137537446,3271.707137537446,71827.63318169002,0.0,71827.63318169002,71827.63318169002,0.0,0.0,0.0,0.0
300.0,nearest_known_destination_to_current_point,0.75,1,0.5068076916320828,0.0,0.5068076916320828,0.5068076916320828,0.5725639587267227,0.0,0.5725639587267227,0.5725639587267227,0.5919801914634844,0.0,0.5919801914634844,0.5919801914634844,0.22110140239686185,0.0,0.22110140239686185,0.22110140239686185,0.255628890018228,0.0,0.255628890018228,0.255628890018228,0.26715037633804595,0.0,0.26715037633804595,0.26715037633804595,0.2977175722176563,0.0,0.2977175722176563,0.2977175722176563,0.295634238884323,0.0,0.295634238884323,0.295634238884323,0.47535389248163157,0.0,0.47535389248163157,0.47535389248163157,2703.641659362518,0.0,2703.641659362518,2703.641659362518,68399.3303276424,0.0,68399.3303276424,68399.3303276424,0.27437562101433965,0.0,0.27437562101433965,0.27437562101433965,0.4797163293517832,0.0,0.4797163293517832,0.4797163293517832,2693.1998053335574,0.0,2693.1998053335574,2693.1998053335574,68408.71218207096,0.0,68408.71218207096,68408.71218207096,0.0,0.0,0.0,0.0
300.0,probabilistic_grid_pattern_retrieval,0.25,1,0.5068076916320828,0.0,0.5068076916320828,0.5068076916320828,0.5725639587267227,0.0,0.5725639587267227,0.5725639587267227,0.5919801914634844,0.0,0.5919801914634844,0.5919801914634844,0.3651551443441432,0.0,0.3651551443441432,0.3651551443441432,0.41271898200819485,0.0,0.41271898200819485,0.41271898200819485,0.4187489444066496,0.0,0.4187489444066496,0.4187489444066496,0.4459128185964423,0.0,0.4459128185964423,0.4459128185964423,0.4459128185964423,0.0,0.4459128185964423,0.4459128185964423,0.5227946886571788,0.0,0.5227946886571788,0.5227946886571788,4077.116798754409,0.0,4077.116798754409,4077.116798754409,96902.15424692279,0.0,96902.15424692279,96902.15424692279,0.4408851665099667,0.0,0.4408851665099667,0.4408851665099667,0.5227946886571788,0.0,0.5227946886571788,0.5227946886571788,4079.1265214657537,0.0,4079.1265214657537,4079.1265214657537,96892.32203087569,0.0,96892.32203087569,96892.32203087569,0.12313900515437119,0.0,0.12313900515437119,0.12313900515437119
300.0,probabilistic_grid_pattern_retrieval,0.5,1,0.5068076916320828,0.0,0.5068076916320828,0.5068076916320828,0.5725639587267227,0.0,0.5725639587267227,0.5725639587267227,0.5919801914634844,0.0,0.5919801914634844,0.5919801914634844,0.3746142384211129,0.0,0.3746142384211129,0.3746142384211129,0.42137249171354957,0.0,0.42137249171354957,0.42137249171354957,0.42936146556468663,0.0,0.42936146556468663,0.42936146556468663,0.4576855840399965,0.0,0.4576855840399965,0.4576855840399965,0.4576855840399965,0.0,0.4576855840399965,0.4576855840399965,0.5425479874407286,0.0,0.5425479874407286,0.5425479874407286,3807.0241091255352,0.0,3807.0241091255352,3807.0241091255352,92580.45792581343,0.0,92580.45792581343,92580.45792581343,0.4475609053286967,0.0,0.4475609053286967,0.4475609053286967,0.5429699283689986,0.0,0.5429699283689986,0.5429699283689986,3802.6162387511413,0.0,3802.6162387511413,3802.6162387511413,92580.3429393515,0.0,92580.3429393515,92580.3429393515,0.12413482181727882,0.0,0.12413482181727882,0.12413482181727882
300.0,probabilistic_grid_pattern_retrieval,0.66,1,0.5068076916320828,0.0,0.5068076916320828,0.5068076916320828,0.5725639587267227,0.0,0.5725639587267227,0.5725639587267227,0.5919801914634844,0.0,0.5919801914634844,0.5919801914634844,0.389665772184238,0.0,0.389665772184238,0.389665772184238,0.437658870559746,0.0,0.437658870559746,0.437658870559746,0.44834765729513865,0.0,0.44834765729513865,0.44834765729513865,0.47910781221752885,0.0,0.47910781221752885,0.47910781221752885,0.47910781221752885,0.0,0.47910781221752885,0.47910781221752885,0.5567329039002602,0.0,0.5567329039002602,0.5567329039002602,2926.1495088930865,0.0,2926.1495088930865,2926.1495088930865,76331.0000089677,0.0,76331.0000089677,76331.0000089677,0.4709439178199546,0.0,0.4709439178199546,0.4709439178199546,0.5571548448285302,0.0,0.5571548448285302,0.5571548448285302,2923.572270590129,0.0,2923.572270590129,2923.572270590129,76331.17331819833,0.0,76331.17331819833,76331.17331819833,0.12430665083229536,0.0,0.12430665083229536,0.12430665083229536
300.0,probabilistic_grid_pattern_retrieval,0.75,1,0.5068076916320828,0.0,0.5068076916320828,0.5068076916320828,0.5725639587267227,0.0,0.5725639587267227,0.5725639587267227,0.5919801914634844,0.0,0.5919801914634844,0.5919801914634844,0.39112433127320406,0.0,0.39112433127320406,0.39112433127320406,0.439803843169699,0.0,0.439803843169699,0.439803843169699,0.45144501085747263,0.0,0.45144501085747263,0.45144501085747263,0.4816180676927647,0.0,0.4816180676927647,0.4816180676927647,0.4816180676927647,0.0,0.4816180676927647,0.4816180676927647,0.5674079927809432,0.0,0.5674079927809432,0.5674079927809432,2871.540047465122,0.0,2871.540047465122,2871.540047465122,73790.47879203997,0.0,73790.47879203997,73790.47879203997,0.4773757419226415,0.0,0.4773757419226415,0.4773757419226415,0.5674079927809432,0.0,0.5674079927809432,0.5674079927809432,2866.4251671032675,0.0,2866.4251671032675,2866.4251671032675,73790.19608674152,0.0,73790.19608674152,73790.19608674152,0.1242111902683973,0.0,0.1242111902683973,0.1242111902683973
300.0,tsmini,0.25,5,0.5068076916320828,0.0,0.5068076916320828,0.5068076916320828,0.5725639587267227,0.0,0.5725639587267227,0.5725639587267227,0.5919801914634844,0.0,0.5919801914634844,0.5919801914634844,0.31778110732630654,0.00593916242609278,0.3076605520224387,0.3226792408045526,0.35495446244738027,0.008535369268302338,0.3416729065980152,0.3633398971064901,0.3636096611465442,0.006478676251435727,0.3539526196992061,0.3710499896460617,0.38936334524284455,0.0037624116316064696,0.3852381312722915,0.3954746507308783,0.38936334524284455,0.0037624116316064696,0.3852381312722915,0.3954746507308783,0.47263864814072243,0.005385036598043371,0.46351199001317733,0.477095778885851,3997.7236227978624,277.4261208127212,3746.392126064285,4418.4544213276195,108400.54122948062,6373.083592309702,100813.08751258829,117425.09606664046,0.3664216118689138,0.007025005750331088,0.3591143640373513,0.3777883828014843,0.4731587786425745,0.004056437594735611,0.46635767821813584,0.47619174129273306,4009.0635467244924,271.2055727883304,3754.7937815255946,4418.077983413819,108397.90951217261,6376.511359411843,100803.60565294883,117425.60036332815,0.0255709514021873,0.0005647691964042799,0.025141285732388427,0.026477267965674352
300.0,tsmini,0.5,5,0.5068076916320828,0.0,0.5068076916320828,0.5068076916320828,0.5725639587267227,0.0,0.5725639587267227,0.5725639587267227,0.5919801914634844,0.0,0.5919801914634844,0.5919801914634844,0.33288549175864196,0.006414536675719449,0.3249892911789473,0.3409238368453501,0.3757519838986228,0.007063558325503384,0.3670909470397496,0.3846255969759448,0.38276890825385856,0.006258263145684131,0.37283930015402744,0.3893317758011471,0.40498852308250266,0.005885767337018061,0.3988483010243227,0.412210711698488,0.404571856415836,0.006465030410439541,0.39687033646259934,0.412210711698488,0.48128247146186653,0.012940728832516124,0.4700182460194792,0.4999467715754023,3929.591848251999,235.88188599263785,3626.7276392828094,4174.825196654033,109739.40723568357,8016.294390357758,100239.241309126,119637.69419547681,0.37920645698937416,0.008293829938388387,0.37182701679020763,0.391895714985675,0.48282044511242395,0.012408865391297461,0.4704812089824422,0.49972101601432595,3944.2158621914205,242.99508953489675,3636.7214745154993,4187.992031935633,109739.15197501855,8011.111070633434,100254.96442650323,119631.25294497226,0.026044528931379284,0.0005066908002426574,0.025317072868347126,0.026724301278591125
300.0,tsmini,0.66,5,0.5068076916320828,0.0,0.5068076916320828,0.5068076916320828,0.5725639587267227,0.0,0.5725639587267227,0.5725639587267227,0.5919801914634844,0.0,0.5919801914634844,0.5919801914634844,0.34572787944499417,0.0057009230416454355,0.3393956462770135,0.3524613208327241,0.38998049967792514,0.007660436185580172,0.37929631145083625,0.3984376091926822,0.39578368695923477,0.006992997284783077,0.38797450710749887,0.4053208990993221,0.4232523696985043,0.011045901996001157,0.4151304269265382,0.4361896853341575,0.4232523696985043,0.011045901996001157,0.4151304269265382,0.4361896853341575,0.4997618368412704,0.010616688352795235,0.48961787911050575,0.5121936177111003,3856.3974452421744,341.9801500138171,3401.754800316126,4184.303127333293,104881.75738434997,11847.80308456615,90167.60231777238,118827.31994279612,0.3997484150738931,0.01398684668599373,0.38434119334717776,0.4159042508612393,0.5009289733493133,0.010820863234111624,0.49130280569586515,0.5128014796334678,3868.0375448357036,344.6764806750245,3402.732699499711,4193.75147194687,104888.34685982333,11852.256249209475,90168.09707255191,118833.95003074266,0.02588643692433828,0.0003153680797598749,0.025481218472123077,0.026216963306069326
300.0,tsmini,0.75,5,0.5068076916320828,0.0,0.5068076916320828,0.5068076916320828,0.5725639587267227,0.0,0.5725639587267227,0.5725639587267227,0.5919801914634844,0.0,0.5919801914634844,0.5919801914634844,0.359819976237408,0.0075282882166907905,0.35231566993661334,0.36924855550343405,0.40395255843251643,0.007544868835477657,0.3954888888529086,0.41228588652028947,0.41152250735509666,0.006388280756517942,0.40376443552396496,0.4195822478801982,0.43930741776900994,0.008663516480195862,0.4283001582727934,0.44836999548891243,0.43930741776900994,0.008663516480195862,0.4283001582727934,0.44836999548891243,0.5170232007317265,0.0050843247628002,0.513481231501426,0.525246379147172,3641.065660145112,280.3908729933938,3141.731940673914,3801.363032499177,100308.70951247371,8683.810576049587,88445.98662544023,108695.80766211732,0.41248334496757477,0.0126809300234314,0.397039501333552,0.42541903104579976,0.5171561701729892,0.005684720801533568,0.5117900560242531,0.525802982073826,3648.665202349136,285.8493492163796,3139.719761076591,3813.918970396012,100310.30968912729,8683.576328696861,88458.86476704873,108701.72414391147,0.026416685432195615,0.00017097835525072786,0.026208348572254125,0.0266048591583967
