catalog_eps_m,method,ratio,seeds,coverage_r80_mean,coverage_r80_sd,coverage_r80_min,coverage_r80_max,coverage_r90_mean,coverage_r90_sd,coverage_r90_min,coverage_r90_max,coverage_r95_mean,coverage_r95_sd,coverage_r95_min,coverage_r95_max,hit_r80_mean,hit_r80_sd,hit_r80_min,hit_r80_max,hit_r90_mean,hit_r90_sd,hit_r90_min,hit_r90_max,hit_r95_mean,hit_r95_sd,hit_r95_min,hit_r95_max,hit_fixed_200m_mean,hit_fixed_200m_sd,hit_fixed_200m_min,hit_fixed_200m_max,within_200m_mean,within_200m_sd,within_200m_min,within_200m_max,within_1000m_mean,within_1000m_sd,within_1000m_min,within_1000m_max,median_error_m_mean,median_error_m_sd,median_error_m_min,median_error_m_max,p90_error_m_mean,p90_error_m_sd,p90_error_m_min,p90_error_m_max,native_within_200m_mean,native_within_200m_sd,native_within_200m_min,native_within_200m_max,native_within_1000m_mean,native_within_1000m_sd,native_within_1000m_min,native_within_1000m_max,native_median_error_m_mean,native_median_error_m_sd,native_median_error_m_min,native_median_error_m_max,native_p90_error_m_mean,native_p90_error_m_sd,native_p90_error_m_min,native_p90_error_m_max,median_query_runtime_ms_mean,median_query_runtime_ms_sd,median_query_runtime_ms_min,median_query_runtime_ms_max
100.0,bigru,0.25,5,0.45476096921680825,6.206335383118183e-17,0.4547609692168082,0.4547609692168082,0.5276081360925126,0.0,0.5276081360925126,0.5276081360925126,0.574577929505149,0.0,0.574577929505149,0.574577929505149,0.2759648167993744,0.008700744390388745,0.26327700434486223,0.2874705016457677,0.31939081757149596,0.011288005066660436,0.30645269326181196,0.33672364277161565,0.3483500306881885,0.01479512439961116,0.3306922078985917,0.3712928141064621,0.3737422856024583,0.017720331217032582,0.35495410667267285,0.3990167143375092,0.3967558836052772,0.021260371502967453,0.376528579689456,0.4281984089203239,0.516645516892534,0.020794512686264807,0.4924051188676175,0.5461182164948284,2575.6915691981703,478.73007318735625,2004.1934070121629,3164.7507629223855,99796.19343904583,24452.684860108635,68362.99631064148,134797.77038305017,0.39950665809518215,0.020973741438631538,0.379773425325606,0.4299610411177388,0.517139588038779,0.020679272763889922,0.4928991900138625,0.5461182164948284,2573.3817480387725,477.8740269835334,2004.0671169758746,3162.021913058687,99798.21441368441,24453.02686217307,68364.40421486582,134799.86089367658,,,,
100.0,bigru,0.5,5,0.45476096921680825,6.206335383118183e-17,0.4547609692168082,0.4547609692168082,0.5276081360925126,0.0,0.5276081360925126,0.5276081360925126,0.574577929505149,0.0,0.574577929505149,0.574577929505149,0.301335386698093,0.008456304652417033,0.29235861746683234,0.3141518112396177,0.34671029074018084,0.007763967034111651,0.3372716450374153,0.35680689722471753,0.37789497246239684,0.01057974883330836,0.3622748769358521,0.38833742793235143,0.4127481824550395,0.009374202670871221,0.4006528748408253,0.42197168200965224,0.43321735250526416,0.012266734347860173,0.419014742087458,0.4492183143767479,0.5554523126086026,0.007103852989386997,0.5461771812435567,0.5659627824494686,1950.0636433173906,357.26351615896994,1549.5233106361263,2378.7921691502265,102981.54476827147,45473.238395993125,59693.119508501084,180023.51283557722,0.43557287007817297,0.011948229511638838,0.4217655165773629,0.4509809465741627,0.5558475695255986,0.006986310128930096,0.5466712523898017,0.5659627824494686,1948.573759233388,356.19984861800793,1548.129546279356,2375.774051538821,102983.59002884474,45473.529962724744,59694.225639999786,180025.77479444683,,,,
100.0,bigru,0.66,5,0.45476096921680825,6.206335383118183e-17,0.4547609692168082,0.4547609692168082,0.5276081360925126,0.0,0.5276081360925126,0.5276081360925126,0.574577929505149,0.0,0.574577929505149,0.574577929505149,0.31804191526806996,0.0065144138954283315,0.31230128599787305,0.3287341161354016,0.3663975033527481,0.006850579086828638,0.3613434130164433,0.37799860629692583,0.3979063274664755,0.007537457898691567,0.3900496484595967,0.40940883799253014,0.434901322782362,0.004142026315181586,0.43083197855704,0.44118597459126224,0.4566473206221972,0.006012623516429323,0.4490253993251575,0.463407104342827,0.5801879224878006,0.004891213955080232,0.5718040038233156,0.5840862523073664,1573.8088607046673,177.15838895586023,1344.0726216874511,1771.1868960467802,99230.1049971822,39941.36421257647,58549.012415951685,165233.20903881584,0.45920046665360414,0.006268402769196402,0.4507880315225723,0.46566380768648685,0.5805831794047966,0.0049057232166685736,0.5722980749695608,0.5850743945998566,1572.7308430647888,177.70157114636174,1342.307488601909,1770.0009319056758,99231.99592890046,39941.72445533865,58550.11537337895,165235.4706831249,,,,
100.0,bigru,0.75,5,0.45476096921680825,6.206335383118183e-17,0.4547609692168082,0.4547609692168082,0.5276081360925126,0.0,0.5276081360925126,0.5276081360925126,0.574577929505149,0.0,0.574577929505149,0.574577929505149,0.3116831094312342,0.009052115498333319,0.3001963255019407,0.32542211724268943,0.3604999149390217,0.011603614285581966,0.34433256070344337,0.3771158966238419,0.39257871989690474,0.013973430936388484,0.37581238911115633,0.4136849738075754,0.4290783804399682,0.013734161320974672,0.4131975054822004,0.4484429973637774,0.45158624097772276,0.015275961256089671,0.43161975920226303,0.4686821507471739,0.5790492779585273,0.012394710375758325,0.5620494686904148,0.5935657998353552,1598.3876089633827,197.13126732898564,1362.0765466054434,1900.9109498145187,88443.94283993743,21635.60224006063,58294.440720514554,117163.84557897969,0.45433701546762767,0.01549633492246066,0.4338764625459229,0.47143292523707886,0.5795433491047725,0.012527478019323295,0.56254353983666,0.5940598709816003,1597.3493210787208,197.47224936125917,1359.4984825916179,1899.9103685573482,88445.73431239517,21636.031213444978,58295.51688943267,117165.96093904637,,,,
100.0,current_position_only_personal_retrieval,0.25,1,0.4547609692168082,0.0,0.4547609692168082,0.4547609692168082,0.5276081360925126,0.0,0.5276081360925126,0.5276081360925126,0.574577929505149,0.0,0.574577929505149,0.574577929505149,0.22636442772645085,0.0,0.22636442772645085,0.22636442772645085,0.26278603233093956,0.0,0.26278603233093956,0.26278603233093956,0.2850785152120984,0.0,0.2850785152120984,0.2850785152120984,0.3276833911303346,0.0,0.3276833911303346,0.3276833911303346,0.34867336694197915,0.0,0.34867336694197915,0.34867336694197915,0.4871946652127378,0.0,0.4871946652127378,0.4871946652127378,2224.4956758361454,0.0,2224.4956758361454,2224.4956758361454,53258.01131315547,0.0,53258.01131315547,53258.01131315547,0.34485479466439867,0.0,0.34485479466439867,0.34485479466439867,0.4888360793541519,0.0,0.4888360793541519,0.4888360793541519,2219.8784199586034,0.0,2219.8784199586034,2219.8784199586034,53259.940582942625,0.0,53259.940582942625,53259.940582942625,0.0,0.0,0.0,0.0
100.0,current_position_only_personal_retrieval,0.5,1,0.4547609692168082,0.0,0.4547609692168082,0.4547609692168082,0.5276081360925126,0.0,0.5276081360925126,0.5276081360925126,0.574577929505149,0.0,0.574577929505149,0.574577929505149,0.2535531624681457,0.0,0.2535531624681457,0.2535531624681457,0.29005304925088626,0.0,0.29005304925088626,0.29005304925088626,0.3177665151816586,0.0,0.3177665151816586,0.3177665151816586,0.36392746329032144,0.0,0.36392746329032144,0.36392746329032144,0.3904225932563153,0.0,0.3904225932563153,0.3904225932563153,0.5394922915117544,0.0,0.5394922915117544,0.5394922915117544,2033.6049946033218,0.0,2033.6049946033218,2033.6049946033218,57779.66364968963,0.0,57779.66364968963,57779.66364968963,0.3879000457090987,0.0,0.3879000457090987,0.3879000457090987,0.5407413653157271,0.0,0.5407413653157271,0.5407413653157271,2037.6967420923038,0.0,2037.6967420923038,2037.6967420923038,57772.50418101596,0.0,57772.50418101596,57772.50418101596,0.0,0.0,0.0,0.0
100.0,current_position_only_personal_retrieval,0.66,1,0.4547609692168082,0.0,0.4547609692168082,0.4547609692168082,0.5276081360925126,0.0,0.5276081360925126,0.5276081360925126,0.574577929505149,0.0,0.574577929505149,0.574577929505149,0.296731459746225,0.0,0.296731459746225,0.296731459746225,0.3487129745603129,0.0,0.3487129745603129,0.3487129745603129,0.38297076524868745,0.0,0.38297076524868745,0.38297076524868745,0.43613387455700875,0.0,0.43613387455700875,0.43613387455700875,0.46729567447955295,0.0,0.46729567447955295,0.46729567447955295,0.6168692261082941,0.0,0.6168692261082941,0.6168692261082941,1031.3406407346567,0.0,1031.3406407346567,1031.3406407346567,37303.08777213541,0.0,37303.08777213541,37303.08777213541,0.46653444850739595,0.0,0.46653444850739595,0.46653444850739595,0.6176636952993249,0.0,0.6176636952993249,0.6176636952993249,1033.3086984063127,0.0,1033.3086984063127,1033.3086984063127,37299.049074423376,0.0,37299.049074423376,37299.049074423376,0.0,0.0,0.0,0.0
100.0,current_position_only_personal_retrieval,0.75,1,0.4547609692168082,0.0,0.4547609692168082,0.4547609692168082,0.5276081360925126,0.0,0.5276081360925126,0.5276081360925126,0.574577929505149,0.0,0.574577929505149,0.574577929505149,0.3126791298832343,0.0,0.3126791298832343,0.3126791298832343,0.363838901070368,0.0,0.363838901070368,0.363838901070368,0.39976703891366955,0.0,0.39976703891366955,0.39976703891366955,0.45883895247103845,0.0,0.45883895247103845,0.45883895247103845,0.4974253277520777,0.0,0.4974253277520777,0.4974253277520777,0.6464944471602732,0.0,0.6464944471602732,0.6464944471602732,748.956986306265,0.0,748.956986306265,748.956986306265,27572.897238787777,0.0,27572.897238787777,27572.897238787777,0.4978367861790116,0.0,0.4978367861790116,0.4978367861790116,0.6467528843752322,0.0,0.6467528843752322,0.6467528843752322,755.6050429428695,0.0,755.6050429428695,755.6050429428695,27578.662907156067,0.0,27578.662907156067,27578.662907156067,0.0,0.0,0.0,0.0
100.0,geometric_retrieval,0.25,1,0.4547609692168082,0.0,0.4547609692168082,0.4547609692168082,0.5276081360925126,0.0,0.5276081360925126,0.5276081360925126,0.574577929505149,0.0,0.574577929505149,0.574577929505149,0.291021179570958,0.0,0.291021179570958,0.291021179570958,0.3357382464635433,0.0,0.3357382464635433,0.3357382464635433,0.3637345941001173,0.0,0.3637345941001173,0.3637345941001173,0.40245266408958436,0.0,0.40245266408958436,0.40245266408958436,0.43136084899356575,0.0,0.43136084899356575,0.43136084899356575,0.5631286800419038,0.0,0.5631286800419038,0.5631286800419038,1370.6641542183336,0.0,1370.6641542183336,1370.6641542183336,52022.764530945904,0.0,52022.764530945904,52022.764530945904,0.4237524940950341,0.0,0.4237524940950341,0.4237524940950341,0.5642088551949689,0.0,0.5642088551949689,0.5642088551949689,1374.9884865914726,0.0,1374.9884865914726,1374.9884865914726,52017.65824535742,0.0,52017.65824535742,52017.65824535742,0.23241434246301645,0.0,0.23241434246301645,0.23241434246301645
100.0,geometric_retrieval,0.5,1,0.4547609692168082,0.0,0.4547609692168082,0.4547609692168082,0.5276081360925126,0.0,0.5276081360925126,0.5276081360925126,0.574577929505149,0.0,0.574577929505149,0.574577929505149,0.3009283446402014,0.0,0.3009283446402014,0.3009283446402014,0.34536617403961223,0.0,0.34536617403961223,0.34536617403961223,0.3774780964984991,0.0,0.3774780964984991,0.3774780964984991,0.4249659207795333,0.0,0.4249659207795333,0.4249659207795333,0.45842574206807685,0.0,0.45842574206807685,0.45842574206807685,0.6076881149957956,0.0,0.6076881149957956,0.6076881149957956,1117.0625036962142,0.0,1117.0625036962142,1117.0625036962142,42136.03532633238,0.0,42136.03532633238,42136.03532633238,0.45128567930543145,0.0,0.45128567930543145,0.45128567930543145,0.6079731560417061,0.0,0.6079731560417061,0.6079731560417061,1120.2620288157516,0.0,1120.2620288157516,1120.2620288157516,42131.89004272806,0.0,42131.89004272806,42131.89004272806,0.23401901125907895,0.0,0.23401901125907895,0.23401901125907895
100.0,geometric_retrieval,0.66,1,0.4547609692168082,0.0,0.4547609692168082,0.4547609692168082,0.5276081360925126,0.0,0.5276081360925126,0.5276081360925126,0.574577929505149,0.0,0.574577929505149,0.574577929505149,0.3069586622358924,0.0,0.3069586622358924,0.3069586622358924,0.3601444744691173,0.0,0.3601444744691173,0.3601444744691173,0.3904235103322774,0.0,0.3904235103322774,0.3904235103322774,0.4399522575498717,0.0,0.4399522575498717,0.4399522575498717,0.48352372417127537,0.0,0.48352372417127537,0.48352372417127537,0.6399979886663789,0.0,0.6399979886663789,0.6399979886663789,1063.3036376714904,0.0,1063.3036376714904,1063.3036376714904,37420.28227085671,0.0,37420.28227085671,37420.28227085671,0.47764287598728883,0.0,0.47764287598728883,0.47764287598728883,0.6403682812041906,0.0,0.6403682812041906,0.6403682812041906,1070.8235999774977,0.0,1070.8235999774977,1070.8235999774977,37417.909523876544,0.0,37417.909523876544,37417.909523876544,0.2366011030972004,0.0,0.2366011030972004,0.2366011030972004
100.0,geometric_retrieval,0.75,1,0.4547609692168082,0.0,0.4547609692168082,0.4547609692168082,0.5276081360925126,0.0,0.5276081360925126,0.5276081360925126,0.574577929505149,0.0,0.574577929505149,0.574577929505149,0.32631854048711534,0.0,0.32631854048711534,0.32631854048711534,0.3804109279304127,0.0,0.3804109279304127,0.3804109279304127,0.4135392317587642,0.0,0.4135392317587642,0.4135392317587642,0.46749365768861045,0.0,0.46749365768861045,0.46749365768861045,0.5095967376334782,0.0,0.5095967376334782,0.5095967376334782,0.6696115438642974,0.0,0.6696115438642974,0.6696115438642974,892.7891601947849,0.0,892.7891601947849,892.7891601947849,54992.45073500496,0.0,54992.45073500496,54992.45073500496,0.50380396757024,0.0,0.50380396757024,0.50380396757024,0.6699818364021092,0.0,0.6699818364021092,0.6699818364021092,894.6761757748242,0.0,894.6761757748242,894.6761757748242,54990.6469753172,0.0,54990.6469753172,54990.6469753172,0.23694685660302636,0.0,0.23694685660302636,0.23694685660302636
100.0,last_observed_point,0.25,1,0.4547609692168082,0.0,0.4547609692168082,0.4547609692168082,0.5276081360925126,0.0,0.5276081360925126,0.5276081360925126,0.574577929505149,0.0,0.574577929505149,0.574577929505149,0.05117386478752148,0.0,0.05117386478752148,0.05117386478752148,0.059350921376697174,0.0,0.059350921376697174,0.059350921376697174,0.0611141497546579,0.0,0.0611141497546579,0.0611141497546579,0.08137971786088193,0.0,0.08137971786088193,0.08137971786088193,0.09718531676558065,0.0,0.09718531676558065,0.09718531676558065,0.30825299397239453,0.0,0.30825299397239453,0.30825299397239453,4058.2570527606554,0.0,4058.2570527606554,4058.2570527606554,34333.97836406419,0.0,34333.97836406419,34333.97836406419,0.06932665560870799,0.0,0.06932665560870799,0.06932665560870799,0.2826276107924087,0.0,0.2826276107924087,0.2826276107924087,3892.881422594883,0.0,3892.881422594883,3892.881422594883,11988.91999499063,0.0,11988.91999499063,11988.91999499063,0.0,0.0,0.0,0.0
100.0,last_observed_point,0.5,1,0.4547609692168082,0.0,0.4547609692168082,0.4547609692168082,0.5276081360925126,0.0,0.5276081360925126,0.5276081360925126,0.574577929505149,0.0,0.574577929505149,0.574577929505149,0.08031687119522571,0.0,0.08031687119522571,0.08031687119522571,0.08843282250514227,0.0,0.08843282250514227,0.08843282250514227,0.09362855366023491,0.0,0.09362855366023491,0.09362855366023491,0.13394929123998595,0.0,0.13394929123998595,0.13394929123998595,0.15621354875353238,0.0,0.15621354875353238,0.15621354875353238,0.41024022233256047,0.0,0.41024022233256047,0.41024022233256047,2540.8193443221594,0.0,2540.8193443221594,2540.8193443221594,28415.604747939517,0.0,28415.604747939517,28415.604747939517,0.11351487991243575,0.0,0.11351487991243575,0.11351487991243575,0.3819576326034893,0.0,0.3819576326034893,0.3819576326034893,2701.3774654354893,0.0,2701.3774654354893,2701.3774654354893,10585.109320924008,0.0,10585.109320924008,10585.109320924008,0.0,0.0,0.0,0.0
100.0,last_observed_point,0.66,1,0.4547609692168082,0.0,0.4547609692168082,0.4547609692168082,0.5276081360925126,0.0,0.5276081360925126,0.5276081360925126,0.574577929505149,0.0,0.574577929505149,0.574577929505149,0.12069672031370202,0.0,0.12069672031370202,0.12069672031370202,0.13396760416756348,0.0,0.13396760416756348,0.13396760416756348,0.14294156324446125,0.0,0.14294156324446125,0.14294156324446125,0.19782321923595655,0.0,0.19782321923595655,0.19782321923595655,0.229763266802196,0.0,0.229763266802196,0.229763266802196,0.5067649700825279,0.0,0.5067649700825279,0.5067649700825279,1872.9230959249578,0.0,1872.9230959249578,1872.9230959249578,27743.172136556226,0.0,27743.172136556226,27743.172136556226,0.16484532839659452,0.0,0.16484532839659452,0.16484532839659452,0.4858537082897792,0.0,0.4858537082897792,0.4858537082897792,1941.9776097367712,0.0,1941.9776097367712,1941.9776097367712,8898.14156128582,0.0,8898.14156128582,8898.14156128582,0.0,0.0,0.0,0.0
100.0,last_observed_point,0.75,1,0.4547609692168082,0.0,0.4547609692168082,0.4547609692168082,0.5276081360925126,0.0,0.5276081360925126,0.5276081360925126,0.574577929505149,0.0,0.574577929505149,0.574577929505149,0.15695326649102498,0.0,0.15695326649102498,0.15695326649102498,0.17935593653340504,0.0,0.17935593653340504,0.17935593653340504,0.19286552591095715,0.0,0.19286552591095715,0.19286552591095715,0.26194189949013647,0.0,0.26194189949013647,0.26194189949013647,0.3006320788666424,0.0,0.3006320788666424,0.3006320788666424,0.5787304581846164,0.0,0.5787304581846164,0.5787304581846164,1549.3596624537602,0.0,1549.3596624537602,1549.3596624537602,26398.813234800462,0.0,26398.813234800462,26398.813234800462,0.22112869471396362,0.0,0.22112869471396362,0.22112869471396362,0.5618378817877453,0.0,0.5618378817877453,0.5618378817877453,1522.837512277221,0.0,1522.837512277221,1522.837512277221,7360.4557010426415,0.0,7360.4557010426415,7360.4557010426415,0.0,0.0,0.0,0.0
100.0,most_frequent_personal_destination,0.25,1,0.4547609692168082,0.0,0.4547609692168082,0.4547609692168082,0.5276081360925126,0.0,0.5276081360925126,0.5276081360925126,0.574577929505149,0.0,0.574577929505149,0.574577929505149,0.24750486535528565,0.0,0.24750486535528565,0.24750486535528565,0.28892928108815846,0.0,0.28892928108815846,0.28892928108815846,0.30959180672330916,0.0,0.30959180672330916,0.30959180672330916,0.34090260392788674,0.0,0.34090260392788674,0.34090260392788674,0.3646523098242129,0.0,0.3646523098242129,0.3646523098242129,0.4792329854518443,0.0,0.4792329854518443,0.4792329854518443,3447.8685260502634,0.0,3447.8685260502634,3447.8685260502634,298238.53602990304,0.0,298238.53602990304,298238.53602990304,0.36641494202162767,0.0,0.36641494202162767,0.36641494202162767,0.4792329854518443,0.0,0.4792329854518443,0.4792329854518443,3448.5485768683393,0.0,3448.5485768683393,3448.5485768683393,298239.76169988065,0.0,298239.76169988065,298239.76169988065,0.0,0.0,0.0,0.0
100.0,most_frequent_personal_destination,0.5,1,0.4547609692168082,0.0,0.4547609692168082,0.4547609692168082,0.5276081360925126,0.0,0.5276081360925126,0.5276081360925126,0.574577929505149,0.0,0.574577929505149,0.574577929505149,0.24750486535528565,0.0,0.24750486535528565,0.24750486535528565,0.28892928108815846,0.0,0.28892928108815846,0.28892928108815846,0.30959180672330916,0.0,0.30959180672330916,0.30959180672330916,0.34090260392788674,0.0,0.34090260392788674,0.34090260392788674,0.3646523098242129,0.0,0.3646523098242129,0.3646523098242129,0.4792329854518443,0.0,0.4792329854518443,0.4792329854518443,3447.8685260502634,0.0,3447.8685260502634,3447.8685260502634,298238.53602990304,0.0,298238.53602990304,298238.53602990304,0.36641494202162767,0.0,0.36641494202162767,0.36641494202162767,0.4792329854518443,0.0,0.4792329854518443,0.4792329854518443,3448.5485768683393,0.0,3448.5485768683393,3448.5485768683393,298239.76169988065,0.0,298239.76169988065,298239.76169988065,0.0,0.0,0.0,0.0
100.0,most_frequent_personal_destination,0.66,1,0.4547609692168082,0.0,0.4547609692168082,0.4547609692168082,0.5276081360925126,0.0,0.5276081360925126,0.5276081360925126,0.574577929505149,0.0,0.574577929505149,0.574577929505149,0.24750486535528565,0.0,0.24750486535528565,0.24750486535528565,0.28892928108815846,0.0,0.28892928108815846,0.28892928108815846,0.30959180672330916,0.0,0.30959180672330916,0.30959180672330916,0.34090260392788674,0.0,0.34090260392788674,0.34090260392788674,0.3646523098242129,0.0,0.3646523098242129,0.3646523098242129,0.4792329854518443,0.0,0.4792329854518443,0.4792329854518443,3447.8685260502634,0.0,3447.8685260502634,3447.8685260502634,298238.53602990304,0.0,298238.53602990304,298238.53602990304,0.36641494202162767,0.0,0.36641494202162767,0.36641494202162767,0.4792329854518443,0.0,0.4792329854518443,0.4792329854518443,3448.5485768683393,0.0,3448.5485768683393,3448.5485768683393,298239.76169988065,0.0,298239.76169988065,298239.76169988065,0.0,0.0,0.0,0.0
100.0,most_frequent_personal_destination,0.75,1,0.4547609692168082,0.0,0.4547609692168082,0.4547609692168082,0.5276081360925126,0.0,0.5276081360925126,0.5276081360925126,0.574577929505149,0.0,0.574577929505149,0.574577929505149,0.24750486535528565,0.0,0.24750486535528565,0.24750486535528565,0.28892928108815846,0.0,0.28892928108815846,0.28892928108815846,0.30959180672330916,0.0,0.30959180672330916,0.30959180672330916,0.34090260392788674,0.0,0.34090260392788674,0.34090260392788674,0.3646523098242129,0.0,0.3646523098242129,0.3646523098242129,0.4792329854518443,0.0,0.4792329854518443,0.4792329854518443,3447.8685260502634,0.0,3447.8685260502634,3447.8685260502634,298238.53602990304,0.0,298238.53602990304,298238.53602990304,0.36641494202162767,0.0,0.36641494202162767,0.36641494202162767,0.4792329854518443,0.0,0.4792329854518443,0.4792329854518443,3448.5485768683393,0.0,3448.5485768683393,3448.5485768683393,298239.76169988065,0.0,298239.76169988065,298239.76169988065,0.0,0.0,0.0,0.0
100.0,nearest_known_destination_to_current_point,0.25,1,0.4547609692168082,0.0,0.4547609692168082,0.4547609692168082,0.5276081360925126,0.0,0.5276081360925126,0.5276081360925126,0.574577929505149,0.0,0.574577929505149,0.574577929505149,0.07053926085701326,0.0,0.07053926085701326,0.07053926085701326,0.07880742852536804,0.0,0.07880742852536804,0.07880742852536804,0.08078519629373301,0.0,0.08078519629373301,0.08078519629373301,0.10081143741940506,0.0,0.10081143741940506,0.10081143741940506,0.1132998838013973,0.0,0.1132998838013973,0.1132998838013973,0.3020816568030062,0.0,0.3020816568030062,0.3020816568030062,4078.5934973415265,0.0,4078.5934973415265,4078.5934973415265,34347.99229109611,0.0,34347.99229109611,34347.99229109611,0.11428802609388741,0.0,0.11428802609388741,0.11428802609388741,0.3025757279492513,0.0,0.3025757279492513,0.3025757279492513,4078.35666746047,0.0,4078.35666746047,4078.35666746047,34347.65101840756,0.0,34347.65101840756,34347.65101840756,0.0,0.0,0.0,0.0
100.0,nearest_known_destination_to_current_point,0.5,1,0.4547609692168082,0.0,0.4547609692168082,0.4547609692168082,0.5276081360925126,0.0,0.5276081360925126,0.5276081360925126,0.574577929505149,0.0,0.574577929505149,0.574577929505149,0.10213440155941579,0.0,0.10213440155941579,0.10213440155941579,0.11428827819380082,0.0,0.11428827819380082,0.11428827819380082,0.12204385641159875,0.0,0.12204385641159875,0.12204385641159875,0.15417231195482603,0.0,0.15417231195482603,0.15417231195482603,0.16925393789647328,0.0,0.16925393789647328,0.16925393789647328,0.40823491710670445,0.0,0.40823491710670445,0.40823491710670445,2548.529960722885,0.0,2548.529960722885,2548.529960722885,28439.658371718804,0.0,28439.658371718804,28439.658371718804,0.1708296242547683,0.0,0.1708296242547683,0.1708296242547683,0.4081039584896274,0.0,0.4081039584896274,0.4081039584896274,2548.3042498892232,0.0,2548.3042498892232,2548.3042498892232,28439.28040697409,0.0,28439.28040697409,28439.28040697409,0.0,0.0,0.0,0.0
100.0,nearest_known_destination_to_current_point,0.66,1,0.4547609692168082,0.0,0.4547609692168082,0.4547609692168082,0.5276081360925126,0.0,0.5276081360925126,0.5276081360925126,0.574577929505149,0.0,0.574577929505149,0.574577929505149,0.15329364139560472,0.0,0.15329364139560472,0.15329364139560472,0.17436478779616293,0.0,0.17436478779616293,0.17436478779616293,0.18626608244559792,0.0,0.18626608244559792,0.18626608244559792,0.241687670863957,0.0,0.241687670863957,0.241687670863957,0.2565409051526158,0.0,0.2565409051526158,0.2565409051526158,0.504049998194922,0.0,0.504049998194922,0.504049998194922,1874.0386778246052,0.0,1874.0386778246052,1874.0386778246052,27743.122206823216,0.0,27743.122206823216,27743.122206823216,0.2581165915109109,0.0,0.2581165915109109,0.2581165915109109,0.504049998194922,0.0,0.504049998194922,0.504049998194922,1873.8000340341912,0.0,1873.8000340341912,1873.8000340341912,27743.299575910092,0.0,27743.299575910092,27743.299575910092,0.0,0.0,0.0,0.0
100.0,nearest_known_destination_to_current_point,0.75,1,0.4547609692168082,0.0,0.4547609692168082,0.4547609692168082,0.5276081360925126,0.0,0.5276081360925126,0.5276081360925126,0.574577929505149,0.0,0.574577929505149,0.574577929505149,0.20199987825652746,0.0,0.20199987825652746,0.20199987825652746,0.23202841854327386,0.0,0.23202841854327386,0.23202841854327386,0.24926657698143947,0.0,0.24926657698143947,0.24926657698143947,0.31934690024280654,0.0,0.31934690024280654,0.31934690024280654,0.336123776691798,0.0,0.336123776691798,0.336123776691798,0.5757833614270222,0.0,0.5757833614270222,0.5757833614270222,1561.9456261070948,0.0,1561.9456261070948,1561.9456261070948,26408.002837320295,0.0,26408.002837320295,26408.002837320295,0.33804360915885684,0.0,0.33804360915885684,0.33804360915885684,0.5757833614270222,0.0,0.5757833614270222,0.5757833614270222,1561.8879145755668,0.0,1561.8879145755668,1561.8879145755668,26407.526831912746,0.0,26407.526831912746,26407.526831912746,0.0,0.0,0.0,0.0
100.0,probabilistic_grid_pattern_retrieval,0.25,1,0.4547609692168082,0.0,0.4547609692168082,0.4547609692168082,0.5276081360925126,0.0,0.5276081360925126,0.5276081360925126,0.574577929505149,0.0,0.574577929505149,0.574577929505149,0.31980900964712794,0.0,0.31980900964712794,0.31980900964712794,0.36818445982808057,0.0,0.36818445982808057,0.36818445982808057,0.402595371124396,0.0,0.402595371124396,0.402595371124396,0.45396062674963256,0.0,0.45396062674963256,0.45396062674963256,0.4814680558835111,0.0,0.4814680558835111,0.4814680558835111,0.5906768653013543,0.0,0.5906768653013543,0.5906768653013543,1164.2143690481728,0.0,1164.2143690481728,1164.2143690481728,54258.32145317445,0.0,54258.32145317445,54258.32145317445,0.48372475922717095,0.0,0.48372475922717095,0.48372475922717095,0.5911709364475994,0.0,0.5911709364475994,0.5911709364475994,1164.53362222249,0.0,1164.53362222249,1164.53362222249,54258.47607927484,0.0,54258.47607927484,54258.47607927484,0.12638280168175692,0.0,0.12638280168175692,0.12638280168175692
100.0,probabilistic_grid_pattern_retrieval,0.5,1,0.4547609692168082,0.0,0.4547609692168082,0.4547609692168082,0.5276081360925126,0.0,0.5276081360925126,0.5276081360925126,0.574577929505149,0.0,0.574577929505149,0.574577929505149,0.32694215436540797,0.0,0.32694215436540797,0.32694215436540797,0.3784574055148374,0.0,0.3784574055148374,0.3784574055148374,0.4131780562612302,0.0,0.4131780562612302,0.4131780562612302,0.46374162763870036,0.0,0.46374162763870036,0.46374162763870036,0.4862221785947389,0.0,0.4862221785947389,0.4862221785947389,0.6165600715644518,0.0,0.6165600715644518,0.6165600715644518,870.467209329285,0.0,870.467209329285,870.467209329285,40360.606572141034,0.0,40360.606572141034,40360.606572141034,0.4884788819383987,0.0,0.4884788819383987,0.4884788819383987,0.6165600715644518,0.0,0.6165600715644518,0.6165600715644518,867.7124342731177,0.0,867.7124342731177,867.7124342731177,40361.4226753381,0.0,40361.4226753381,40361.4226753381,0.1258342526853084,0.0,0.1258342526853084,0.1258342526853084
100.0,probabilistic_grid_pattern_retrieval,0.66,1,0.4547609692168082,0.0,0.4547609692168082,0.4547609692168082,0.5276081360925126,0.0,0.5276081360925126,0.5276081360925126,0.574577929505149,0.0,0.574577929505149,0.574577929505149,0.3465140698848407,0.0,0.3465140698848407,0.3465140698848407,0.4005101250062624,0.0,0.4005101250062624,0.4005101250062624,0.4356701655264537,0.0,0.4356701655264537,0.4356701655264537,0.4910176320817035,0.0,0.4910176320817035,0.4910176320817035,0.5154712659135029,0.0,0.5154712659135029,0.5154712659135029,0.6414211130362013,0.0,0.6414211130362013,0.6414211130362013,741.3957255598017,0.0,741.3957255598017,741.3957255598017,37085.97059336541,0.0,37085.97059336541,37085.97059336541,0.5177279692571628,0.0,0.5177279692571628,0.5177279692571628,0.6414211130362013,0.0,0.6414211130362013,0.6414211130362013,739.4887198309144,0.0,739.4887198309144,739.4887198309144,37086.84010249017,0.0,37086.84010249017,37086.84010249017,0.1258437987416982,0.0,0.1258437987416982,0.1258437987416982
100.0,probabilistic_grid_pattern_retrieval,0.75,1,0.4547609692168082,0.0,0.4547609692168082,0.4547609692168082,0.5276081360925126,0.0,0.5276081360925126,0.5276081360925126,0.574577929505149,0.0,0.574577929505149,0.574577929505149,0.3556596520276777,0.0,0.3556596520276777,0.3556596520276777,0.4130818449573882,0.0,0.4130818449573882,0.4130818449573882,0.4521312854027851,0.0,0.4521312854027851,0.4521312854027851,0.5084283198053611,0.0,0.5084283198053611,0.5084283198053611,0.5291785314554773,0.0,0.5291785314554773,0.5291785314554773,0.6583303952070624,0.0,0.6583303952070624,0.6583303952070624,656.1684481770864,0.0,656.1684481770864,656.1684481770864,34353.63653028102,0.0,34353.63653028102,34353.63653028102,0.531285309761656,0.0,0.531285309761656,0.531285309761656,0.6583303952070624,0.0,0.6583303952070624,0.6583303952070624,656.8848942401092,0.0,656.8848942401092,656.8848942401092,34354.66115288462,0.0,34354.66115288462,34354.66115288462,0.12559862807393074,0.0,0.12559862807393074,0.12559862807393074
100.0,tsmini,0.25,5,0.45476096921680825,6.206335383118183e-17,0.4547609692168082,0.4547609692168082,0.5276081360925126,0.0,0.5276081360925126,0.5276081360925126,0.574577929505149,0.0,0.574577929505149,0.574577929505149,0.25333442954979896,0.007156416246547315,0.2463018810223878,0.26534977968909507,0.2937429726862897,0.008999853437243615,0.2848569025168108,0.30776352445798305,0.3226316277277343,0.01191088770567388,0.3091376047259231,0.3410307786441762,0.3603027872511278,0.013455948414923617,0.34936805725649256,0.3825956881629246,0.38462665567369037,0.01280423469484738,0.3740091507140729,0.4065157009381481,0.5305999787982235,0.018905268936197307,0.5103389959748437,0.5617129248498856,1870.4417996432135,140.99006600745233,1711.6659112493305,2099.388793955403,109526.49974743553,9320.18055949155,100869.12352959171,125464.01359650271,0.37885904442063323,0.014004251705017963,0.3650989929548318,0.4025359347909645,0.531341836709052,0.019254242341784987,0.510171310209883,0.5628425071175753,1873.7801923543054,140.54102223688272,1720.5148136496266,2104.333838593053,109526.20410550156,9320.542441023917,100869.59464372181,125464.54803715771,0.024373410269617996,0.00022747285782610563,0.02412591129541395,0.024664448574185323
100.0,tsmini,0.5,5,0.45476096921680825,6.206335383118183e-17,0.4547609692168082,0.4547609692168082,0.5276081360925126,0.0,0.5276081360925126,0.5276081360925126,0.574577929505149,0.0,0.574577929505149,0.574577929505149,0.28345950071962056,0.009349624320897375,0.2715479216631348,0.29364270170481677,0.32759997643219047,0.010516360240736993,0.31344501254690976,0.3416231286364304,0.3565095747580905,0.010884889390216037,0.34166571471274126,0.3680800031775511,0.39924853177818154,0.0112365987441667,0.38368695297890015,0.40857823080297057,0.42826191658958646,0.00886186886121018,0.41811335339511,0.4353259268153155,0.5828087606730418,0.010030896977647844,0.5711197399688928,0.5933943422441337,1247.4398010805282,160.41567958272623,1064.4117807257535,1474.066551947119,111765.71815476981,11355.290769155177,99887.10433226022,125028.63698049201,0.42631237919485976,0.010257041506579885,0.41508870849812357,0.43488902088794673,0.5838419829210978,0.009472247859506913,0.5732442458977465,0.5940796827632338,1250.1668838317487,157.88536198733942,1069.2057372104662,1472.7085155957723,111761.97915867742,11356.160118014772,99882.46609009709,125023.92503917265,0.024562980979680977,0.00022210807220065382,0.024389009922742826,0.024934997782111147
100.0,tsmini,0.66,5,0.45476096921680825,6.206335383118183e-17,0.4547609692168082,0.4547609692168082,0.5276081360925126,0.0,0.5276081360925126,0.5276081360925126,0.574577929505149,0.0,0.574577929505149,0.574577929505149,0.30346778475920566,0.00772563315818045,0.2942859521605601,0.31267320778116725,0.3507222270628749,0.010336019921058733,0.33807930467864095,0.3618455079207169,0.3802418152492068,0.00972447117761761,0.3675896332538701,0.38939681586157765,0.42478275542419774,0.008422407494216168,0.4148714732807159,0.4354441480813131,0.45300816565633184,0.010964045688427616,0.4375598719522102,0.46334582807967667,0.6054260253170324,0.01399618541844732,0.5910243053196222,0.6267644211227078,1055.887812030292,118.31165256755368,887.9369167892911,1157.545790070553,93921.52128277635,9098.681127157235,84798.40372926791,109174.69929920268,0.4487970618016834,0.01216147231621037,0.4334873122022215,0.4654134032274917,0.6057395434118804,0.013687720805351782,0.5916104093264424,0.6266546275346533,1060.0224664583495,118.13305828822403,889.139482025597,1158.5622262741558,93916.82965005194,9099.122530597917,84790.4598357733,109169.68959773274,0.0248820055276155,0.0003068429021544121,0.02460274845361705,0.025226967409253075
100.0,tsmini,0.75,5,0.45476096921680825,6.206335383118183e-17,0.4547609692168082,0.4547609692168082,0.5276081360925126,0.0,0.5276081360925126,0.5276081360925126,0.574577929505149,0.0,0.574577929505149,0.574577929505149,0.30814286080646225,0.005796364041617946,0.30222799537938067,0.3152973433054478,0.3572787456958685,0.006876957265170702,0.34826303594708025,0.36635228774797984,0.38767846380155446,0.004561433486996268,0.3809334197634449,0.3919807418465389,0.4302370350479542,0.00585575777843031,0.4234588283626963,0.4386349052897249,0.4616279144677603,0.0078104668029305895,0.450646231215004,0.4722202166376324,0.6213350215460555,0.008738954417343058,0.6102524783420852,0.6336604876378319,957.5351875693281,116.95549516638967,805.3557724493313,1086.7664847363035,101971.44867062494,48457.195522467846,72154.33531070342,188149.66987151312,0.4579801697795169,0.007874303574629196,0.4475502690666676,0.46824903651099686,0.6211758361781066,0.009293214923289682,0.6084394440802017,0.6335354276188218,962.9934787199018,113.66285474479946,811.9601461594485,1082.8567930002737,101972.67390804693,48458.11240554962,72155.09491452284,188152.41526008327,0.024928851053118668,0.00032594496434697434,0.024359906092286075,0.025147804990410777
200.0,bigru,0.25,5,0.5017979918954459,0.0,0.5017979918954459,0.5017979918954459,0.6009611588336706,0.0,0.6009611588336706,0.6009611588336706,0.6426063993546072,0.0,0.6426063993546072,0.6426063993546072,0.30764536665928305,0.009618336654807283,0.2930875399186569,0.3171910614240602,0.36206994661341346,0.012105196144158416,0.34977028920610065,0.3777428518675752,0.3884608362161324,0.014179275068469518,0.37442185993797006,0.409762899920908,0.3974391603755105,0.019278833556093763,0.37814567300494994,0.42464027492740736,0.39950665809518215,0.020973741438631538,0.379773425325606,0.4299610411177388,0.517139588038779,0.020679272763889922,0.4928991900138625,0.5461182164948284,2573.3817480387725,477.8740269835334,2004.0671169758746,3162.021913058687,99798.21441368441,24453.02686217307,68364.40421486582,134799.86089367658,0.39950665809518215,0.020973741438631538,0.379773425325606,0.4299610411177388,0.517139588038779,0.020679272763889922,0.4928991900138625,0.5461182164948284,2573.3817480387725,477.8740269835334,2004.0671169758746,3162.021913058687,99798.21441368441,24453.02686217307,68364.40421486582,134799.86089367658,,,,
200.0,bigru,0.5,5,0.5017979918954459,0.0,0.5017979918954459,0.5017979918954459,0.6009611588336706,0.0,0.6009611588336706,0.6009611588336706,0.6426063993546072,0.0,0.6426063993546072,0.6426063993546072,0.33392353321514884,0.010722935104629376,0.31933259403701236,0.34953419818715875,0.3917359739750784,0.009550463231868743,0.3793346457775025,0.40187268244390023,0.4200010881917642,0.008290043395690418,0.409681780327632,0.4288083200075787,0.43383982051903647,0.010614183508964824,0.4217655165773629,0.4456601803838313,0.43557287007817297,0.011948229511638838,0.4217655165773629,0.4509809465741627,0.5558475695255986,0.006986310128930096,0.5466712523898017,0.5659627824494686,1948.573759233388,356.19984861800793,1548.129546279356,2375.774051538821,102983.59002884474,45473.529962724744,59694.225639999786,180025.77479444683,0.43557287007817297,0.011948229511638838,0.4217655165773629,0.4509809465741627,0.5558475695255986,0.006986310128930096,0.5466712523898017,0.5659627824494686,1948.573759233388,356.19984861800793,1548.129546279356,2375.774051538821,102983.59002884474,45473.529962724744,59694.225639999786,180025.77479444683,,,,
200.0,bigru,0.66,5,0.5017979918954459,0.0,0.5017979918954459,0.5017979918954459,0.6009611588336706,0.0,0.6009611588336706,0.6009611588336706,0.6426063993546072,0.0,0.6426063993546072,0.6426063993546072,0.3504207755513927,0.006441110892314888,0.3411724378433627,0.35909770986877115,0.4149074848474303,0.003906836446599672,0.41072433510762535,0.42041953784979624,0.44342159632564854,0.005115687640058255,0.4376549907050581,0.4501892431210926,0.4568914230402127,0.004706984155896063,0.4507880315225723,0.4605537650692185,0.45920046665360414,0.006268402769196402,0.4507880315225723,0.46566380768648685,0.5805831794047966,0.0049057232166685736,0.5722980749695608,0.5850743945998566,1572.7308430647888,177.70157114636174,1342.307488601909,1770.0009319056758,99231.99592890046,39941.72445533865,58550.11537337895,165235.4706831249,0.45920046665360414,0.006268402769196402,0.4507880315225723,0.46566380768648685,0.5805831794047966,0.0049057232166685736,0.5722980749695608,0.5850743945998566,1572.7308430647888,177.70157114636174,1342.307488601909,1770.0009319056758,99231.99592890046,39941.72445533865,58550.11537337895,165235.4706831249,,,,
200.0,bigru,0.75,5,0.5017979918954459,0.0,0.5017979918954459,0.5017979918954459,0.6009611588336706,0.0,0.6009611588336706,0.6009611588336706,0.6426063993546072,0.0,0.6426063993546072,0.6426063993546072,0.3432763472077096,0.009748728669390026,0.3287980588388067,0.3550135903977976,0.41204947589530255,0.012601630917633166,0.3934450047010548,0.42758473714216455,0.4407578993276108,0.013489818647967609,0.4216396841235269,0.45813887386565183,0.4520279718542362,0.014458245124919963,0.4338764625459229,0.4697606844344033,0.45433701546762767,0.01549633492246066,0.4338764625459229,0.47143292523707886,0.5795433491047725,0.012527478019323295,0.56254353983666,0.5940598709816003,1597.3493210787208,197.47224936125917,1359.4984825916179,1899.9103685573482,88445.73431239517,21636.031213444978,58295.51688943267,117165.96093904637,0.45433701546762767,0.01549633492246066,0.4338764625459229,0.47143292523707886,0.5795433491047725,0.012527478019323295,0.56254353983666,0.5940598709816003,1597.3493210787208,197.47224936125917,1359.4984825916179,1899.9103685573482,88445.73431239517,21636.031213444978,58295.51688943267,117165.96093904637,,,,
200.0,current_position_only_personal_retrieval,0.25,1,0.5017979918954459,0.0,0.5017979918954459,0.5017979918954459,0.6009611588336706,0.0,0.6009611588336706,0.6009611588336706,0.6426063993546072,0.0,0.6426063993546072,0.6426063993546072,0.2711661668285313,0.0,0.2711661668285313,0.2711661668285313,0.3174038249223747,0.0,0.3174038249223747,0.3174038249223747,0.3410818612956751,0.0,0.3410818612956751,0.3410818612956751,0.36017089302959265,0.0,0.36017089302959265,0.36017089302959265,0.3630508633008673,0.0,0.3630508633008673,0.3630508633008673,0.48642707220511794,0.0,0.48642707220511794,0.48642707220511794,2229.2973848700717,0.0,2229.2973848700717,2229.2973848700717,53258.749709941236,0.0,53258.749709941236,53258.749709941236,0.34485479466439867,0.0,0.34485479466439867,0.34485479466439867,0.4888360793541519,0.0,0.4888360793541519,0.4888360793541519,2219.8784199586034,0.0,2219.8784199586034,2219.8784199586034,53259.940582942625,0.0,53259.940582942625,53259.940582942625,0.0,0.0,0.0,0.0
200.0,current_position_only_personal_retrieval,0.5,1,0.5017979918954459,0.0,0.5017979918954459,0.5017979918954459,0.6009611588336706,0.0,0.6009611588336706,0.6009611588336706,0.6426063993546072,0.0,0.6426063993546072,0.6426063993546072,0.30264040898665606,0.0,0.30264040898665606,0.30264040898665606,0.3545304602986416,0.0,0.3545304602986416,0.3545304602986416,0.3842760404812366,0.0,0.3842760404812366,0.3842760404812366,0.40374822335840593,0.0,0.40374822335840593,0.40374822335840593,0.4054204641610815,0.0,0.4054204641610815,0.4054204641610815,0.539762247911249,0.0,0.539762247911249,0.539762247911249,2034.1336915728257,0.0,2034.1336915728257,2034.1336915728257,57773.97548764681,0.0,57773.97548764681,57773.97548764681,0.3879000457090987,0.0,0.3879000457090987,0.3879000457090987,0.5407413653157271,0.0,0.5407413653157271,0.5407413653157271,2037.6967420923038,0.0,2037.6967420923038,2037.6967420923038,57772.50418101596,0.0,57772.50418101596,57772.50418101596,0.0,0.0,0.0,0.0
200.0,current_position_only_personal_retrieval,0.66,1,0.5017979918954459,0.0,0.5017979918954459,0.5017979918954459,0.6009611588336706,0.0,0.6009611588336706,0.6009611588336706,0.6426063993546072,0.0,0.6426063993546072,0.6426063993546072,0.35400577018720686,0.0,0.35400577018720686,0.35400577018720686,0.42848867160676635,0.0,0.42848867160676635,0.42848867160676635,0.4531965860729028,0.0,0.4531965860729028,0.4531965860729028,0.479822430001174,0.0,0.479822430001174,0.479822430001174,0.4814946708038496,0.0,0.4814946708038496,0.4814946708038496,0.6171651944092682,0.0,0.6171651944092682,0.6171651944092682,1025.5823389025948,0.0,1025.5823389025948,1025.5823389025948,37305.59325166352,0.0,37305.59325166352,37305.59325166352,0.46653444850739595,0.0,0.46653444850739595,0.46653444850739595,0.6176636952993249,0.0,0.6176636952993249,0.6176636952993249,1033.3086984063127,0.0,1033.3086984063127,1033.3086984063127,37299.049074423376,0.0,37299.049074423376,37299.049074423376,0.0,0.0,0.0,0.0
200.0,current_position_only_personal_retrieval,0.75,1,0.5017979918954459,0.0,0.5017979918954459,0.5017979918954459,0.6009611588336706,0.0,0.6009611588336706,0.6009611588336706,0.6426063993546072,0.0,0.6426063993546072,0.6426063993546072,0.3703104227468563,0.0,0.3703104227468563,0.3703104227468563,0.4455593288902232,0.0,0.4455593288902232,0.4455593288902232,0.4704568158425468,0.0,0.4704568158425468,0.4704568158425468,0.5056397323242272,0.0,0.5056397323242272,0.5056397323242272,0.5086696276329831,0.0,0.5086696276329831,0.5086696276329831,0.6463903637755363,0.0,0.6463903637755363,0.6463903637755363,744.6872621432341,0.0,744.6872621432341,744.6872621432341,27577.14193763629,0.0,27577.14193763629,27577.14193763629,0.4978367861790116,0.0,0.4978367861790116,0.4978367861790116,0.6467528843752322,0.0,0.6467528843752322,0.6467528843752322,755.6050429428695,0.0,755.6050429428695,755.6050429428695,27578.662907156067,0.0,27578.662907156067,27578.662907156067,0.0,0.0,0.0,0.0
200.0,geometric_retrieval,0.25,1,0.5017979918954459,0.0,0.5017979918954459,0.5017979918954459,0.6009611588336706,0.0,0.6009611588336706,0.6009611588336706,0.6426063993546072,0.0,0.6426063993546072,0.6426063993546072,0.3441866198848315,0.0,0.3441866198848315,0.3441866198848315,0.3979034332751872,0.0,0.3979034332751872,0.3979034332751872,0.4261957858206069,0.0,0.4261957858206069,0.4261957858206069,0.44253845509822,0.0,0.44253845509822,0.44253845509822,0.4466261548380936,0.0,0.4466261548380936,0.4466261548380936,0.5633153293009056,0.0,0.5633153293009056,0.5633153293009056,1360.7917363815607,0.0,1360.7917363815607,1360.7917363815607,52019.29192929226,0.0,52019.29192929226,52019.29192929226,0.4237524940950341,0.0,0.4237524940950341,0.4237524940950341,0.5642088551949689,0.0,0.5642088551949689,0.5642088551949689,1374.9884865914726,0.0,1374.9884865914726,1374.9884865914726,52017.65824535742,0.0,52017.65824535742,52017.65824535742,0.23241434246301645,0.0,0.23241434246301645,0.23241434246301645
200.0,geometric_retrieval,0.5,1,0.5017979918954459,0.0,0.5017979918954459,0.5017979918954459,0.6009611588336706,0.0,0.6009611588336706,0.6009611588336706,0.6426063993546072,0.0,0.6426063993546072,0.6426063993546072,0.3572963541668065,0.0,0.3572963541668065,0.3572963541668065,0.4140491197837593,0.0,0.4140491197837593,0.4140491197837593,0.4450485924650899,0.0,0.4450485924650899,0.4450485924650899,0.46595732600833883,0.0,0.46595732600833883,0.46595732600833883,0.470509537082289,0.0,0.470509537082289,0.470509537082289,0.6078104989337422,0.0,0.6078104989337422,0.6078104989337422,1120.5273646797534,0.0,1120.5273646797534,1120.5273646797534,42137.64271988411,0.0,42137.64271988411,42137.64271988411,0.45128567930543145,0.0,0.45128567930543145,0.45128567930543145,0.6079731560417061,0.0,0.6079731560417061,0.6079731560417061,1120.2620288157516,0.0,1120.2620288157516,1120.2620288157516,42131.89004272806,0.0,42131.89004272806,42131.89004272806,0.23401901125907895,0.0,0.23401901125907895,0.23401901125907895
200.0,geometric_retrieval,0.66,1,0.5017979918954459,0.0,0.5017979918954459,0.5017979918954459,0.6009611588336706,0.0,0.6009611588336706,0.6009611588336706,0.6426063993546072,0.0,0.6426063993546072,0.6426063993546072,0.37123283009138197,0.0,0.37123283009138197,0.37123283009138197,0.4371646335139066,0.0,0.4371646335139066,0.4371646335139066,0.46812312034519504,0.0,0.46812312034519504,0.46812312034519504,0.49270325219775435,0.0,0.49270325219775435,0.49270325219775435,0.4992317478566848,0.0,0.4992317478566848,0.4992317478566848,0.6400281579592108,0.0,0.6400281579592108,0.6400281579592108,1057.985639416662,0.0,1057.985639416662,1057.985639416662,37419.95905506861,0.0,37419.95905506861,37419.95905506861,0.47764287598728883,0.0,0.47764287598728883,0.47764287598728883,0.6403682812041906,0.0,0.6403682812041906,0.6403682812041906,1070.8235999774977,0.0,1070.8235999774977,1070.8235999774977,37417.909523876544,0.0,37417.909523876544,37417.909523876544,0.2366011030972004,0.0,0.2366011030972004,0.2366011030972004
200.0,geometric_retrieval,0.75,1,0.5017979918954459,0.0,0.5017979918954459,0.5017979918954459,0.6009611588336706,0.0,0.6009611588336706,0.6009611588336706,0.6426063993546072,0.0,0.6426063993546072,0.6426063993546072,0.3953923804150041,0.0,0.3953923804150041,0.3953923804150041,0.4629568347742823,0.0,0.4629568347742823,0.4629568347742823,0.49404200241240304,0.0,0.49404200241240304,0.49404200241240304,0.5196787591850374,0.0,0.5196787591850374,0.5196787591850374,0.5262072548439678,0.0,0.5262072548439678,0.5262072548439678,0.669402513763963,0.0,0.669402513763963,0.669402513763963,870.665136355709,0.0,870.665136355709,870.665136355709,54987.7372010743,0.0,54987.7372010743,54987.7372010743,0.50380396757024,0.0,0.50380396757024,0.50380396757024,0.6699818364021092,0.0,0.6699818364021092,0.6699818364021092,894.6761757748242,0.0,894.6761757748242,894.6761757748242,54990.6469753172,0.0,54990.6469753172,54990.6469753172,0.23694685660302636,0.0,0.23694685660302636,0.23694685660302636
200.0,last_observed_point,0.25,1,0.5017979918954459,0.0,0.5017979918954459,0.5017979918954459,0.6009611588336706,0.0,0.6009611588336706,0.6009611588336706,0.6426063993546072,0.0,0.6426063993546072,0.6426063993546072,0.08285297165791529,0.0,0.08285297165791529,0.08285297165791529,0.09353846891073536,0.0,0.09353846891073536,0.09353846891073536,0.09658778472664345,0.0,0.09658778472664345,0.09658778472664345,0.11088889844777182,0.0,0.11088889844777182,0.11088889844777182,0.11428802609388741,0.0,0.11428802609388741,0.11428802609388741,0.3025757279492513,0.0,0.3025757279492513,0.3025757279492513,4078.35666746047,0.0,4078.35666746047,4078.35666746047,34347.65101840756,0.0,34347.65101840756,34347.65101840756,0.06932665560870799,0.0,0.06932665560870799,0.06932665560870799,0.2826276107924087,0.0,0.2826276107924087,0.2826276107924087,3892.881422594883,0.0,3892.881422594883,3892.881422594883,11988.91999499063,0.0,11988.91999499063,11988.91999499063,0.0,0.0,0.0,0.0
200.0,last_observed_point,0.5,1,0.5017979918954459,0.0,0.5017979918954459,0.5017979918954459,0.6009611588336706,0.0,0.6009611588336706,0.6009611588336706,0.6426063993546072,0.0,0.6426063993546072,0.6426063993546072,0.11971609481197873,0.0,0.11971609481197873,0.11971609481197873,0.14031839938300852,0.0,0.14031839938300852,0.14031839938300852,0.14824197171609657,0.0,0.14824197171609657,0.14824197171609657,0.16876918469432875,0.0,0.16876918469432875,0.16876918469432875,0.1708296242547683,0.0,0.1708296242547683,0.1708296242547683,0.4081039584896274,0.0,0.4081039584896274,0.4081039584896274,2548.3042498892232,0.0,2548.3042498892232,2548.3042498892232,28439.28040697409,0.0,28439.28040697409,28439.28040697409,0.11351487991243575,0.0,0.11351487991243575,0.11351487991243575,0.3819576326034893,0.0,0.3819576326034893,0.3819576326034893,2701.3774654354893,0.0,2701.3774654354893,2701.3774654354893,10585.109320924008,0.0,10585.109320924008,10585.109320924008,0.0,0.0,0.0,0.0
200.0,last_observed_point,0.66,1,0.5017979918954459,0.0,0.5017979918954459,0.5017979918954459,0.6009611588336706,0.0,0.6009611588336706,0.6009611588336706,0.6426063993546072,0.0,0.6426063993546072,0.6426063993546072,0.17772562938086117,0.0,0.17772562938086117,0.17772562938086117,0.20588557265662769,0.0,0.20588557265662769,0.20588557265662769,0.21745703005509615,0.0,0.21745703005509615,0.21745703005509615,0.2568749754662797,0.0,0.2568749754662797,0.2568749754662797,0.2581165915109109,0.0,0.2581165915109109,0.2581165915109109,0.504049998194922,0.0,0.504049998194922,0.504049998194922,1873.8000340341912,0.0,1873.8000340341912,1873.8000340341912,27743.299575910092,0.0,27743.299575910092,27743.299575910092,0.16484532839659452,0.0,0.16484532839659452,0.16484532839659452,0.4858537082897792,0.0,0.4858537082897792,0.4858537082897792,1941.9776097367712,0.0,1941.9776097367712,1941.9776097367712,8898.14156128582,0.0,8898.14156128582,8898.14156128582,0.0,0.0,0.0,0.0
200.0,last_observed_point,0.75,1,0.5017979918954459,0.0,0.5017979918954459,0.5017979918954459,0.6009611588336706,0.0,0.6009611588336706,0.6009611588336706,0.6426063993546072,0.0,0.6426063993546072,0.6426063993546072,0.2323478193788711,0.0,0.2323478193788711,0.2323478193788711,0.27216463059808305,0.0,0.27216463059808305,0.27216463059808305,0.284632241890624,0.0,0.284632241890624,0.284632241890624,0.3357885138398768,0.0,0.3357885138398768,0.3357885138398768,0.33804360915885684,0.0,0.33804360915885684,0.33804360915885684,0.5757833614270222,0.0,0.5757833614270222,0.5757833614270222,1561.8879145755668,0.0,1561.8879145755668,1561.8879145755668,26407.526831912746,0.0,26407.526831912746,26407.526831912746,0.22112869471396362,0.0,0.22112869471396362,0.22112869471396362,0.5618378817877453,0.0,0.5618378817877453,0.5618378817877453,1522.837512277221,0.0,1522.837512277221,1522.837512277221,7360.4557010426415,0.0,7360.4557010426415,7360.4557010426415,0.0,0.0,0.0,0.0
200.0,most_frequent_personal_destination,0.25,1,0.5017979918954459,0.0,0.5017979918954459,0.5017979918954459,0.6009611588336706,0.0,0.6009611588336706,0.6009611588336706,0.6426063993546072,0.0,0.6426063993546072,0.6426063993546072,0.28041283442674536,0.0,0.28041283442674536,0.28041283442674536,0.3406952954158156,0.0,0.3406952954158156,0.3406952954158156,0.36326617705057157,0.0,0.36326617705057157,0.36326617705057157,0.36641494202162767,0.0,0.36641494202162767,0.36641494202162767,0.36641494202162767,0.0,0.36641494202162767,0.36641494202162767,0.4792329854518443,0.0,0.4792329854518443,0.4792329854518443,3448.5485768683393,0.0,3448.5485768683393,3448.5485768683393,298239.76169988065,0.0,298239.76169988065,298239.76169988065,0.36641494202162767,0.0,0.36641494202162767,0.36641494202162767,0.4792329854518443,0.0,0.4792329854518443,0.4792329854518443,3448.5485768683393,0.0,3448.5485768683393,3448.5485768683393,298239.76169988065,0.0,298239.76169988065,298239.76169988065,0.0,0.0,0.0,0.0
200.0,most_frequent_personal_destination,0.5,1,0.5017979918954459,0.0,0.5017979918954459,0.5017979918954459,0.6009611588336706,0.0,0.6009611588336706,0.6009611588336706,0.6426063993546072,0.0,0.6426063993546072,0.6426063993546072,0.28041283442674536,0.0,0.28041283442674536,0.28041283442674536,0.3406952954158156,0.0,0.3406952954158156,0.3406952954158156,0.36326617705057157,0.0,0.36326617705057157,0.36326617705057157,0.36641494202162767,0.0,0.36641494202162767,0.36641494202162767,0.36641494202162767,0.0,0.36641494202162767,0.36641494202162767,0.4792329854518443,0.0,0.4792329854518443,0.4792329854518443,3448.5485768683393,0.0,3448.5485768683393,3448.5485768683393,298239.76169988065,0.0,298239.76169988065,298239.76169988065,0.36641494202162767,0.0,0.36641494202162767,0.36641494202162767,0.4792329854518443,0.0,0.4792329854518443,0.4792329854518443,3448.5485768683393,0.0,3448.5485768683393,3448.5485768683393,298239.76169988065,0.0,298239.76169988065,298239.76169988065,0.0,0.0,0.0,0.0
200.0,most_frequent_personal_destination,0.66,1,0.5017979918954459,0.0,0.5017979918954459,0.5017979918954459,0.6009611588336706,0.0,0.6009611588336706,0.6009611588336706,0.6426063993546072,0.0,0.6426063993546072,0.6426063993546072,0.28041283442674536,0.0,0.28041283442674536,0.28041283442674536,0.3406952954158156,0.0,0.3406952954158156,0.3406952954158156,0.36326617705057157,0.0,0.36326617705057157,0.36326617705057157,0.36641494202162767,0.0,0.36641494202162767,0.36641494202162767,0.36641494202162767,0.0,0.36641494202162767,0.36641494202162767,0.4792329854518443,0.0,0.4792329854518443,0.4792329854518443,3448.5485768683393,0.0,3448.5485768683393,3448.5485768683393,298239.76169988065,0.0,298239.76169988065,298239.76169988065,0.36641494202162767,0.0,0.36641494202162767,0.36641494202162767,0.4792329854518443,0.0,0.4792329854518443,0.4792329854518443,3448.5485768683393,0.0,3448.5485768683393,3448.5485768683393,298239.76169988065,0.0,298239.76169988065,298239.76169988065,0.0,0.0,0.0,0.0
200.0,most_frequent_personal_destination,0.75,1,0.5017979918954459,0.0,0.5017979918954459,0.5017979918954459,0.6009611588336706,0.0,0.6009611588336706,0.6009611588336706,0.6426063993546072,0.0,0.6426063993546072,0.6426063993546072,0.28041283442674536,0.0,0.28041283442674536,0.28041283442674536,0.3406952954158156,0.0,0.3406952954158156,0.3406952954158156,0.36326617705057157,0.0,0.36326617705057157,0.36326617705057157,0.36641494202162767,0.0,0.36641494202162767,0.36641494202162767,0.36641494202162767,0.0,0.36641494202162767,0.36641494202162767,0.4792329854518443,0.0,0.4792329854518443,0.4792329854518443,3448.5485768683393,0.0,3448.5485768683393,3448.5485768683393,298239.76169988065,0.0,298239.76169988065,298239.76169988065,0.36641494202162767,0.0,0.36641494202162767,0.36641494202162767,0.4792329854518443,0.0,0.4792329854518443,0.4792329854518443,3448.5485768683393,0.0,3448.5485768683393,3448.5485768683393,298239.76169988065,0.0,298239.76169988065,298239.76169988065,0.0,0.0,0.0,0.0
200.0,nearest_known_destination_to_current_point,0.25,1,0.5017979918954459,0.0,0.5017979918954459,0.5017979918954459,0.6009611588336706,0.0,0.6009611588336706,0.6009611588336706,0.6426063993546072,0.0,0.6426063993546072,0.6426063993546072,0.08285297165791529,0.0,0.08285297165791529,0.08285297165791529,0.09353846891073536,0.0,0.09353846891073536,0.09353846891073536,0.09658778472664345,0.0,0.09658778472664345,0.09658778472664345,0.11088889844777182,0.0,0.11088889844777182,0.11088889844777182,0.11428802609388741,0.0,0.11428802609388741,0.11428802609388741,0.3025757279492513,0.0,0.3025757279492513,0.3025757279492513,4078.35666746047,0.0,4078.35666746047,4078.35666746047,34347.65101840756,0.0,34347.65101840756,34347.65101840756,0.11428802609388741,0.0,0.11428802609388741,0.11428802609388741,0.3025757279492513,0.0,0.3025757279492513,0.3025757279492513,4078.35666746047,0.0,4078.35666746047,4078.35666746047,34347.65101840756,0.0,34347.65101840756,34347.65101840756,0.0,0.0,0.0,0.0
200.0,nearest_known_destination_to_current_point,0.5,1,0.5017979918954459,0.0,0.5017979918954459,0.5017979918954459,0.6009611588336706,0.0,0.6009611588336706,0.6009611588336706,0.6426063993546072,0.0,0.6426063993546072,0.6426063993546072,0.11971609481197873,0.0,0.11971609481197873,0.11971609481197873,0.14031839938300852,0.0,0.14031839938300852,0.14031839938300852,0.14824197171609657,0.0,0.14824197171609657,0.14824197171609657,0.16876918469432875,0.0,0.16876918469432875,0.16876918469432875,0.1708296242547683,0.0,0.1708296242547683,0.1708296242547683,0.4081039584896274,0.0,0.4081039584896274,0.4081039584896274,2548.3042498892232,0.0,2548.3042498892232,2548.3042498892232,28439.28040697409,0.0,28439.28040697409,28439.28040697409,0.1708296242547683,0.0,0.1708296242547683,0.1708296242547683,0.4081039584896274,0.0,0.4081039584896274,0.4081039584896274,2548.3042498892232,0.0,2548.3042498892232,2548.3042498892232,28439.28040697409,0.0,28439.28040697409,28439.28040697409,0.0,0.0,0.0,0.0
200.0,nearest_known_destination_to_current_point,0.66,1,0.5017979918954459,0.0,0.5017979918954459,0.5017979918954459,0.6009611588336706,0.0,0.6009611588336706,0.6009611588336706,0.6426063993546072,0.0,0.6426063993546072,0.6426063993546072,0.17772562938086117,0.0,0.17772562938086117,0.17772562938086117,0.20588557265662769,0.0,0.20588557265662769,0.20588557265662769,0.21745703005509615,0.0,0.21745703005509615,0.21745703005509615,0.2568749754662797,0.0,0.2568749754662797,0.2568749754662797,0.2581165915109109,0.0,0.2581165915109109,0.2581165915109109,0.504049998194922,0.0,0.504049998194922,0.504049998194922,1873.8000340341912,0.0,1873.8000340341912,1873.8000340341912,27743.299575910092,0.0,27743.299575910092,27743.299575910092,0.2581165915109109,0.0,0.2581165915109109,0.2581165915109109,0.504049998194922,0.0,0.504049998194922,0.504049998194922,1873.8000340341912,0.0,1873.8000340341912,1873.8000340341912,27743.299575910092,0.0,27743.299575910092,27743.299575910092,0.0,0.0,0.0,0.0
200.0,nearest_known_destination_to_current_point,0.75,1,0.5017979918954459,0.0,0.5017979918954459,0.5017979918954459,0.6009611588336706,0.0,0.6009611588336706,0.6009611588336706,0.6426063993546072,0.0,0.6426063993546072,0.6426063993546072,0.2323478193788711,0.0,0.2323478193788711,0.2323478193788711,0.27216463059808305,0.0,0.27216463059808305,0.27216463059808305,0.284632241890624,0.0,0.284632241890624,0.284632241890624,0.3357885138398768,0.0,0.3357885138398768,0.3357885138398768,0.33804360915885684,0.0,0.33804360915885684,0.33804360915885684,0.5757833614270222,0.0,0.5757833614270222,0.5757833614270222,1561.8879145755668,0.0,1561.8879145755668,1561.8879145755668,26407.526831912746,0.0,26407.526831912746,26407.526831912746,0.33804360915885684,0.0,0.33804360915885684,0.33804360915885684,0.5757833614270222,0.0,0.5757833614270222,0.5757833614270222,1561.8879145755668,0.0,1561.8879145755668,1561.8879145755668,26407.526831912746,0.0,26407.526831912746,26407.526831912746,0.0,0.0,0.0,0.0
200.0,probabilistic_grid_pattern_retrieval,0.25,1,0.5017979918954459,0.0,0.5017979918954459,0.5017979918954459,0.6009611588336706,0.0,0.6009611588336706,0.6009611588336706,0.6426063993546072,0.0,0.6426063993546072,0.6426063993546072,0.36192273278115233,0.0,0.36192273278115233,0.36192273278115233,0.43035279027323803,0.0,0.43035279027323803,0.43035279027323803,0.4616375798969001,0.0,0.4616375798969001,0.4616375798969001,0.48084478895589633,0.0,0.48084478895589633,0.48084478895589633,0.48372475922717095,0.0,0.48372475922717095,0.48372475922717095,0.5911709364475994,0.0,0.5911709364475994,0.5911709364475994,1164.53362222249,0.0,1164.53362222249,1164.53362222249,54258.47607927484,0.0,54258.47607927484,54258.47607927484,0.48372475922717095,0.0,0.48372475922717095,0.48372475922717095,0.5911709364475994,0.0,0.5911709364475994,0.5911709364475994,1164.53362222249,0.0,1164.53362222249,1164.53362222249,54258.47607927484,0.0,54258.47607927484,54258.47607927484,0.12638280168175692,0.0,0.12638280168175692,0.12638280168175692
200.0,probabilistic_grid_pattern_retrieval,0.5,1,0.5017979918954459,0.0,0.5017979918954459,0.5017979918954459,0.6009611588336706,0.0,0.6009611588336706,0.6009611588336706,0.6426063993546072,0.0,0.6426063993546072,0.6426063993546072,0.3654471424089167,0.0,0.3654471424089167,0.3654471424089167,0.4378088009200193,0.0,0.4378088009200193,0.4378088009200193,0.46796830830695496,0.0,0.46796830830695496,0.46796830830695496,0.4855989116671241,0.0,0.4855989116671241,0.4855989116671241,0.4884788819383987,0.0,0.4884788819383987,0.4884788819383987,0.6165600715644518,0.0,0.6165600715644518,0.6165600715644518,867.7124342731177,0.0,867.7124342731177,867.7124342731177,40361.4226753381,0.0,40361.4226753381,40361.4226753381,0.4884788819383987,0.0,0.4884788819383987,0.4884788819383987,0.6165600715644518,0.0,0.6165600715644518,0.6165600715644518,867.7124342731177,0.0,867.7124342731177,867.7124342731177,40361.4226753381,0.0,40361.4226753381,40361.4226753381,0.1258342526853084,0.0,0.1258342526853084,0.1258342526853084
200.0,probabilistic_grid_pattern_retrieval,0.66,1,0.5017979918954459,0.0,0.5017979918954459,0.5017979918954459,0.6009611588336706,0.0,0.6009611588336706,0.6009611588336706,0.6426063993546072,0.0,0.6426063993546072,0.6426063993546072,0.39029245876427826,0.0,0.39029245876427826,0.39029245876427826,0.46217225177951454,0.0,0.46217225177951454,0.46217225177951454,0.4948867959778781,0.0,0.4948867959778781,0.4948867959778781,0.5142335626143304,0.0,0.5142335626143304,0.5142335626143304,0.5177279692571628,0.0,0.5177279692571628,0.5177279692571628,0.6414211130362013,0.0,0.6414211130362013,0.6414211130362013,739.4887198309144,0.0,739.4887198309144,739.4887198309144,37086.84010249017,0.0,37086.84010249017,37086.84010249017,0.5177279692571628,0.0,0.5177279692571628,0.5177279692571628,0.6414211130362013,0.0,0.6414211130362013,0.6414211130362013,739.4887198309144,0.0,739.4887198309144,739.4887198309144,37086.84010249017,0.0,37086.84010249017,37086.84010249017,0.1258437987416982,0.0,0.1258437987416982,0.1258437987416982
200.0,probabilistic_grid_pattern_retrieval,0.75,1,0.5017979918954459,0.0,0.5017979918954459,0.5017979918954459,0.6009611588336706,0.0,0.6009611588336706,0.6009611588336706,0.6426063993546072,0.0,0.6426063993546072,0.6426063993546072,0.39650424761407005,0.0,0.39650424761407005,0.39650424761407005,0.474026557027472,0.0,0.474026557027472,0.474026557027472,0.5075482563702749,0.0,0.5075482563702749,0.5075482563702749,0.5294631439214992,0.0,0.5294631439214992,0.5294631439214992,0.531285309761656,0.0,0.531285309761656,0.531285309761656,0.6583303952070624,0.0,0.6583303952070624,0.6583303952070624,656.8848942401092,0.0,656.8848942401092,656.8848942401092,34354.66115288462,0.0,34354.66115288462,34354.66115288462,0.531285309761656,0.0,0.531285309761656,0.531285309761656,0.6583303952070624,0.0,0.6583303952070624,0.6583303952070624,656.8848942401092,0.0,656.8848942401092,656.8848942401092,34354.66115288462,0.0,34354.66115288462,34354.66115288462,0.12559862807393074,0.0,0.12559862807393074,0.12559862807393074
200.0,tsmini,0.25,5,0.5017979918954459,0.0,0.5017979918954459,0.5017979918954459,0.6009611588336706,0.0,0.6009611588336706,0.6009611588336706,0.6426063993546072,0.0,0.6426063993546072,0.6426063993546072,0.3035946737643223,0.009163099166434648,0.29472731091131793,0.3185613778766654,0.35479614077767996,0.008841780946169048,0.34886706387391836,0.3699722934724535,0.38334510544974243,0.01035521447437352,0.3762416692854313,0.40112000979394224,0.3992231064468223,0.013083643543601623,0.3893313728292088,0.4217022759961352,0.4008024449826827,0.013061343328819655,0.3905391022978079,0.4233745167988108,0.5299442760374364,0.018949573346102224,0.5094081738248895,0.5610762904593427,1858.8718163860926,137.61147565235459,1707.531403864335,2084.4146123516693,109524.76814396365,9321.500345715089,100868.99532236629,125465.18424449871,0.37885904442063323,0.014004251705017963,0.3650989929548318,0.4025359347909645,0.531341836709052,0.019254242341784987,0.510171310209883,0.5628425071175753,1873.7801923543054,140.54102223688272,1720.5148136496266,2104.333838593053,109526.20410550156,9320.542441023917,100869.59464372181,125464.54803715771,0.024373410269617996,0.00022747285782610563,0.02412591129541395,0.024664448574185323
200.0,tsmini,0.5,5,0.5017979918954459,0.0,0.5017979918954459,0.5017979918954459,0.6009611588336706,0.0,0.6009611588336706,0.6009611588336706,0.6426063993546072,0.0,0.6426063993546072,0.6426063993546072,0.338240028000314,0.008517954574618928,0.3278262799674671,0.348249069082478,0.3947255878454746,0.009133095429893906,0.38445105195336354,0.4048115248781254,0.42061294554592177,0.008161154537683983,0.40960981650194406,0.4269801007832646,0.4398459076125095,0.011032186526784333,0.42405230027559127,0.4485084725075733,0.4436713725024422,0.010743563421101714,0.42981224081814057,0.45215699789522906,0.5825514907556864,0.010135871629419728,0.570583015569522,0.5934685319534028,1235.3383806075726,159.32260993411828,1049.9683885170325,1459.6827856042469,111764.71236053715,11356.095948863283,99887.16288903124,125024.72315914741,0.42631237919485976,0.010257041506579885,0.41508870849812357,0.43488902088794673,0.5838419829210978,0.009472247859506913,0.5732442458977465,0.5940796827632338,1250.1668838317487,157.88536198733942,1069.2057372104662,1472.7085155957723,111761.97915867742,11356.160118014772,99882.46609009709,125023.92503917265,0.024562980979680977,0.00022210807220065382,0.024389009922742826,0.024934997782111147
200.0,tsmini,0.66,5,0.5017979918954459,0.0,0.5017979918954459,0.5017979918954459,0.6009611588336706,0.0,0.6009611588336706,0.6009611588336706,0.6426063993546072,0.0,0.6426063993546072,0.6426063993546072,0.3604572848305976,0.006915542089116783,0.3487480292366051,0.3656297354409021,0.42081359004040353,0.010603688699512552,0.4037243105059676,0.4314186640315732,0.45110343488270976,0.009643511064695829,0.4357089968380762,0.4615393351469237,0.46797427295015737,0.009700703035517027,0.4538425680121636,0.47748374274898103,0.4709809281307257,0.01047833988172646,0.45581885259714383,0.48113226813663695,0.6054223000181552,0.013950926702528933,0.5916281700539219,0.6269143461601889,1039.7952740316455,119.41567608155862,873.3588350386657,1141.347104747396,93916.85356991709,9098.298592473362,84796.54742704086,109169.90361498565,0.4487970618016834,0.01216147231621037,0.4334873122022215,0.4654134032274917,0.6057395434118804,0.013687720805351782,0.5916104093264424,0.6266546275346533,1060.0224664583495,118.13305828822403,889.139482025597,1158.5622262741558,93916.82965005194,9099.122530597917,84790.4598357733,109169.68959773274,0.0248820055276155,0.0003068429021544121,0.02460274845361705,0.025226967409253075
200.0,tsmini,0.75,5,0.5017979918954459,0.0,0.5017979918954459,0.5017979918954459,0.6009611588336706,0.0,0.6009611588336706,0.6009611588336706,0.6426063993546072,0.0,0.6426063993546072,0.6426063993546072,0.3635626158004553,0.005531440952729093,0.35772545583058657,0.37234553685462396,0.42607701678602894,0.009407539339789437,0.4162161120694309,0.44161666051851456,0.4574338444710421,0.010043394600003728,0.4461061925273141,0.47345820042406056,0.4755557795061588,0.009093562336351498,0.46283817402436656,0.48811892110738575,0.4783934611481883,0.01063586133398846,0.4632263727821305,0.4929751759636406,0.6213271712065198,0.008416837431661892,0.6108753094967889,0.6331696323983806,938.0181433062628,116.03867288367847,789.1393548805343,1065.3198271279646,101969.7144313408,48457.310122287076,72151.51821748295,188147.9844616038,0.4579801697795169,0.007874303574629196,0.4475502690666676,0.46824903651099686,0.6211758361781066,0.009293214923289682,0.6084394440802017,0.6335354276188218,962.9934787199018,113.66285474479946,811.9601461594485,1082.8567930002737,101972.67390804693,48458.11240554962,72155.09491452284,188152.41526008327,0.024928851053118668,0.00032594496434697434,0.024359906092286075,0.025147804990410777
300.0,bigru,0.25,5,0.5494858156113993,0.0,0.5494858156113993,0.5494858156113993,0.6311723554067882,0.0,0.6311723554067882,0.6311723554067882,0.6734458388702039,0.0,0.6734458388702039,0.6734458388702039,0.33653636024936157,0.010445049474960673,0.32617314048048945,0.35260969779138707,0.38298528900225387,0.013961791129042533,0.3666029910457836,0.4036436940448978,0.408334485840558,0.0159733222162046,0.38905672711914696,0.43209496975204037,0.39041629543756373,0.01965878614448134,0.3673217282281948,0.4194188070104128,0.39041629543756373,0.01965878614448134,0.3673217282281948,0.4194188070104128,0.5170824387783577,0.020664656574008174,0.49347628548674466,0.5458941017480781,2574.362507269019,473.20141078941447,2007.5366790104415,3154.8374754099445,99803.35618904946,24452.46452056809,68367.05626885082,134800.26721924104,0.39950665809518215,0.020973741438631538,0.379773425325606,0.4299610411177388,0.517139588038779,0.020679272763889922,0.4928991900138625,0.5461182164948284,2573.3817480387725,477.8740269835334,2004.0671169758746,3162.021913058687,99798.21441368441,24453.02686217307,68364.40421486582,134799.86089367658,,,,
300.0,bigru,0.5,5,0.5494858156113993,0.0,0.5494858156113993,0.5494858156113993,0.6311723554067882,0.0,0.6311723554067882,0.6311723554067882,0.6734458388702039,0.0,0.6734458388702039,0.6734458388702039,0.36428080273868096,0.00667922550514951,0.3561345602980697,0.37100300685845294,0.4126565216676073,0.007726737036513312,0.4031949509668184,0.4221434492490792,0.441294223295367,0.007385952687006845,0.4321720423441717,0.4513122448351906,0.42817329249727126,0.01214580222999547,0.4121169463567325,0.44512136110959305,0.42817329249727126,0.01214580222999547,0.4121169463567325,0.44512136110959305,0.5564139346560606,0.006722802440250336,0.5484641703638045,0.5659627824494686,1949.1674316488825,355.67133519773125,1546.079544194391,2368.1914684560384,102993.24854590694,45470.197674814255,59697.59754362526,180026.7164492671,0.43557287007817297,0.011948229511638838,0.4217655165773629,0.4509809465741627,0.5558475695255986,0.006986310128930096,0.5466712523898017,0.5659627824494686,1948.573759233388,356.19984861800793,1548.129546279356,2375.774051538821,102983.59002884474,45473.529962724744,59694.225639999786,180025.77479444683,,,,
300.0,bigru,0.66,5,0.5494858156113993,0.0,0.5494858156113993,0.5494858156113993,0.6311723554067882,0.0,0.6311723554067882,0.6311723554067882,0.6734458388702039,0.0,0.6734458388702039,0.6734458388702039,0.38039483121287637,0.004589403413105298,0.3743274838307278,0.38663458422463537,0.4356616789849501,0.004413605506685937,0.4283673992878772,0.43913436448410953,0.4647719004469259,0.0037381040546949785,0.45850413147236757,0.4680329887590643,0.4484889267893088,0.005710350200123378,0.43956107486291374,0.4531456721329431,0.44873047268302857,0.005891422202619984,0.43956107486291374,0.4531456721329431,0.5807203647952316,0.005048816706377685,0.5725221897163111,0.5864190830803586,1576.9665958109101,178.58923318080826,1343.6183390624612,1774.974674081133,99235.35424857133,39941.574754917136,58550.00551101076,165237.27717848154,0.45920046665360414,0.006268402769196402,0.4507880315225723,0.46566380768648685,0.5805831794047966,0.0049057232166685736,0.5722980749695608,0.5850743945998566,1572.7308430647888,177.70157114636174,1342.307488601909,1770.0009319056758,99231.99592890046,39941.72445533865,58550.11537337895,165235.4706831249,,,,
300.0,bigru,0.75,5,0.5494858156113993,0.0,0.5494858156113993,0.5494858156113993,0.6311723554067882,0.0,0.6311723554067882,0.6311723554067882,0.6734458388702039,0.0,0.6734458388702039,0.6734458388702039,0.3757344507167873,0.012288236408770073,0.3556572864726495,0.3887011157184577,0.4339005728156728,0.013678679675957746,0.4116367320812473,0.4484954573047336,0.46263585418104364,0.013237641528680105,0.44138033193451737,0.4768015878661985,0.44515354375511185,0.012761224806742764,0.423846678279089,0.4572026583348174,0.4453950896488316,0.012899169949363439,0.423846678279089,0.4572026583348174,0.5798150033432576,0.013359027173234752,0.56254353983666,0.5951804447153519,1599.505954229135,199.330228226702,1358.1269254510937,1903.849734913114,88448.09739346881,21637.16634281059,58292.788736262664,117167.6490775647,0.45433701546762767,0.01549633492246066,0.4338764625459229,0.47143292523707886,0.5795433491047725,0.012527478019323295,0.56254353983666,0.5940598709816003,1597.3493210787208,197.47224936125917,1359.4984825916179,1899.9103685573482,88445.73431239517,21636.031213444978,58295.51688943267,117165.96093904637,,,,
300.0,current_position_only_personal_retrieval,0.25,1,0.5494858156113993,0.0,0.5494858156113993,0.5494858156113993,0.6311723554067882,0.0,0.6311723554067882,0.6311723554067882,0.6734458388702039,0.0,0.6734458388702039,0.6734458388702039,0.2997393275921168,0.0,0.2997393275921168,0.2997393275921168,0.34436641482062663,0.0,0.34436641482062663,0.34436641482062663,0.36758358037330224,0.0,0.36758358037330224,0.36758358037330224,0.3617644489758954,0.0,0.3617644489758954,0.3617644489758954,0.3617644489758954,0.0,0.3617644489758954,0.3617644489758954,0.4876821742338022,0.0,0.4876821742338022,0.4876821742338022,2217.523123361879,0.0,2217.523123361879,2217.523123361879,53253.49814044003,0.0,53253.49814044003,53253.49814044003,0.34485479466439867,0.0,0.34485479466439867,0.34485479466439867,0.4888360793541519,0.0,0.4888360793541519,0.4888360793541519,2219.8784199586034,0.0,2219.8784199586034,2219.8784199586034,53259.940582942625,0.0,53259.940582942625,53259.940582942625,0.0,0.0,0.0,0.0
300.0,current_position_only_personal_retrieval,0.5,1,0.5494858156113993,0.0,0.5494858156113993,0.5494858156113993,0.6311723554067882,0.0,0.6311723554067882,0.6311723554067882,0.6734458388702039,0.0,0.6734458388702039,0.6734458388702039,0.3398197355801521,0.0,0.3398197355801521,0.3398197355801521,0.38624883083521394,0.0,0.38624883083521394,0.38624883083521394,0.41337587657848673,0.0,0.41337587657848673,0.41337587657848673,0.4048792470780576,0.0,0.4048792470780576,0.4048792470780576,0.4048792470780576,0.0,0.4048792470780576,0.4048792470780576,0.5410525962533937,0.0,0.5410525962533937,0.5410525962533937,2024.237422933304,0.0,2024.237422933304,2024.237422933304,57781.04746595114,0.0,57781.04746595114,57781.04746595114,0.3879000457090987,0.0,0.3879000457090987,0.3879000457090987,0.5407413653157271,0.0,0.5407413653157271,0.5407413653157271,2037.6967420923038,0.0,2037.6967420923038,2037.6967420923038,57772.50418101596,0.0,57772.50418101596,57772.50418101596,0.0,0.0,0.0,0.0
300.0,current_position_only_personal_retrieval,0.66,1,0.5494858156113993,0.0,0.5494858156113993,0.5494858156113993,0.6311723554067882,0.0,0.6311723554067882,0.6311723554067882,0.6734458388702039,0.0,0.6734458388702039,0.6734458388702039,0.3998787045184418,0.0,0.3998787045184418,0.3998787045184418,0.455659217001174,0.0,0.455659217001174,0.455659217001174,0.4817314916660358,0.0,0.4817314916660358,0.4817314916660358,0.4770051228196187,0.0,0.4770051228196187,0.4770051228196187,0.4770051228196187,0.0,0.4770051228196187,0.4770051228196187,0.61639135054015,0.0,0.61639135054015,0.61639135054015,1024.0264010522678,0.0,1024.0264010522678,1024.0264010522678,37306.497827300824,0.0,37306.497827300824,37306.497827300824,0.46653444850739595,0.0,0.46653444850739595,0.46653444850739595,0.6176636952993249,0.0,0.6176636952993249,0.6176636952993249,1033.3086984063127,0.0,1033.3086984063127,1033.3086984063127,37299.049074423376,0.0,37299.049074423376,37299.049074423376,0.0,0.0,0.0,0.0
300.0,current_position_only_personal_retrieval,0.75,1,0.5494858156113993,0.0,0.5494858156113993,0.5494858156113993,0.6311723554067882,0.0,0.6311723554067882,0.6311723554067882,0.6734458388702039,0.0,0.6734458388702039,0.6734458388702039,0.4104517328474671,0.0,0.4104517328474671,0.4104517328474671,0.46989572478351077,0.0,0.46989572478351077,0.46989572478351077,0.49748206820970325,0.0,0.49748206820970325,0.49748206820970325,0.50323432135254,0.0,0.50323432135254,0.50323432135254,0.5044420508211391,0.0,0.5044420508211391,0.5044420508211391,0.6482495325374122,0.0,0.6482495325374122,0.6482495325374122,740.5966236098943,0.0,740.5966236098943,740.5966236098943,27570.069698357478,0.0,27570.069698357478,27570.069698357478,0.4978367861790116,0.0,0.4978367861790116,0.4978367861790116,0.6467528843752322,0.0,0.6467528843752322,0.6467528843752322,755.6050429428695,0.0,755.6050429428695,755.6050429428695,27578.662907156067,0.0,27578.662907156067,27578.662907156067,0.0,0.0,0.0,0.0
300.0,geometric_retrieval,0.25,1,0.5494858156113993,0.0,0.5494858156113993,0.5494858156113993,0.6311723554067882,0.0,0.6311723554067882,0.6311723554067882,0.6734458388702039,0.0,0.6734458388702039,0.6734458388702039,0.3678500450953634,0.0,0.3678500450953634,0.3678500450953634,0.4162596770922368,0.0,0.4162596770922368,0.4162596770922368,0.4452761418914669,0.0,0.4452761418914669,0.4452761418914669,0.43466675387182657,0.0,0.43466675387182657,0.43466675387182657,0.43587448334042556,0.0,0.43587448334042556,0.43587448334042556,0.5620659778573858,0.0,0.5620659778573858,0.5620659778573858,1373.1988623877953,0.0,1373.1988623877953,1373.1988623877953,52010.4011485352,0.0,52010.4011485352,52010.4011485352,0.4237524940950341,0.0,0.4237524940950341,0.4237524940950341,0.5642088551949689,0.0,0.5642088551949689,0.5642088551949689,1374.9884865914726,0.0,1374.9884865914726,1374.9884865914726,52017.65824535742,0.0,52017.65824535742,52017.65824535742,0.23241434246301645,0.0,0.23241434246301645,0.23241434246301645
300.0,geometric_retrieval,0.5,1,0.5494858156113993,0.0,0.5494858156113993,0.5494858156113993,0.6311723554067882,0.0,0.6311723554067882,0.6311723554067882,0.6734458388702039,0.0,0.6734458388702039,0.6734458388702039,0.3967856172260018,0.0,0.3967856172260018,0.3967856172260018,0.44521855976367913,0.0,0.44521855976367913,0.44521855976367913,0.4743940255979631,0.0,0.4743940255979631,0.4743940255979631,0.46898185853041835,0.0,0.46898185853041835,0.46898185853041835,0.46898185853041835,0.0,0.46898185853041835,0.46898185853041835,0.6047745301917902,0.0,0.6047745301917902,0.6047745301917902,1123.8587728624223,0.0,1123.8587728624223,1123.8587728624223,42133.18438272893,0.0,42133.18438272893,42133.18438272893,0.45128567930543145,0.0,0.45128567930543145,0.45128567930543145,0.6079731560417061,0.0,0.6079731560417061,0.6079731560417061,1120.2620288157516,0.0,1120.2620288157516,1120.2620288157516,42131.89004272806,0.0,42131.89004272806,42131.89004272806,0.23401901125907895,0.0,0.23401901125907895,0.23401901125907895
300.0,geometric_retrieval,0.66,1,0.5494858156113993,0.0,0.5494858156113993,0.5494858156113993,0.6311723554067882,0.0,0.6311723554067882,0.6311723554067882,0.6734458388702039,0.0,0.6734458388702039,0.6734458388702039,0.41412489561690047,0.0,0.41412489561690047,0.41412489561690047,0.46980551742991017,0.0,0.46980551742991017,0.46980551742991017,0.4986260041773321,0.0,0.4986260041773321,0.4986260041773321,0.492514430444106,0.0,0.492514430444106,0.492514430444106,0.492514430444106,0.0,0.492514430444106,0.492514430444106,0.6373727389687758,0.0,0.6373727389687758,0.6373727389687758,1063.5678080251994,0.0,1063.5678080251994,1063.5678080251994,37421.29914817175,0.0,37421.29914817175,37421.29914817175,0.47764287598728883,0.0,0.47764287598728883,0.47764287598728883,0.6403682812041906,0.0,0.6403682812041906,0.6403682812041906,1070.8235999774977,0.0,1070.8235999774977,1070.8235999774977,37417.909523876544,0.0,37417.909523876544,37417.909523876544,0.2366011030972004,0.0,0.2366011030972004,0.2366011030972004
300.0,geometric_retrieval,0.75,1,0.5494858156113993,0.0,0.5494858156113993,0.5494858156113993,0.6311723554067882,0.0,0.6311723554067882,0.6311723554067882,0.6734458388702039,0.0,0.6734458388702039,0.6734458388702039,0.43523195935573517,0.0,0.43523195935573517,0.43523195935573517,0.49239335259722383,0.0,0.49239335259722383,0.49239335259722383,0.5216935530481656,0.0,0.5216935530481656,0.5216935530481656,0.5156205360344936,0.0,0.5156205360344936,0.5156205360344936,0.5156205360344936,0.0,0.5156205360344936,0.5156205360344936,0.6666388539974388,0.0,0.6666388539974388,0.6666388539974388,891.1757173715955,0.0,891.1757173715955,891.1757173715955,54991.79689124348,0.0,54991.79689124348,54991.79689124348,0.50380396757024,0.0,0.50380396757024,0.50380396757024,0.6699818364021092,0.0,0.6699818364021092,0.6699818364021092,894.6761757748242,0.0,894.6761757748242,894.6761757748242,54990.6469753172,0.0,54990.6469753172,54990.6469753172,0.23694685660302636,0.0,0.23694685660302636,0.23694685660302636
300.0,last_observed_point,0.25,1,0.5494858156113993,0.0,0.5494858156113993,0.5494858156113993,0.6311723554067882,0.0,0.6311723554067882,0.6311723554067882,0.6734458388702039,0.0,0.6734458388702039,0.6734458388702039,0.1313249943491824,0.0,0.1313249943491824,0.1313249943491824,0.13899149270823066,0.0,0.13899149270823066,0.13899149270823066,0.14523172433552722,0.0,0.14523172433552722,0.14523172433552722,0.14293566325821844,0.0,0.14293566325821844,0.14293566325821844,0.14293566325821844,0.0,0.14293566325821844,0.14293566325821844,0.2983943086941673,0.0,0.2983943086941673,0.2983943086941673,4149.927817105176,0.0,4149.927817105176,4149.927817105176,34338.20546512029,0.0,34338.20546512029,34338.20546512029,0.06932665560870799,0.0,0.06932665560870799,0.06932665560870799,0.2826276107924087,0.0,0.2826276107924087,0.2826276107924087,3892.881422594883,0.0,3892.881422594883,3892.881422594883,11988.91999499063,0.0,11988.91999499063,11988.91999499063,0.0,0.0,0.0,0.0
300.0,last_observed_point,0.5,1,0.5494858156113993,0.0,0.5494858156113993,0.5494858156113993,0.6311723554067882,0.0,0.6311723554067882,0.6311723554067882,0.6734458388702039,0.0,0.6734458388702039,0.6734458388702039,0.19757194709192194,0.0,0.19757194709192194,0.19757194709192194,0.21503900756708094,0.0,0.21503900756708094,0.21503900756708094,0.2279849050296218,0.0,0.2279849050296218,0.2279849050296218,0.21970995492372147,0.0,0.21970995492372147,0.21970995492372147,0.21970995492372147,0.0,0.21970995492372147,0.21970995492372147,0.4073888071046578,0.0,0.4073888071046578,0.4073888071046578,2527.904290380855,0.0,2527.904290380855,2527.904290380855,28443.954426723572,0.0,28443.954426723572,28443.954426723572,0.11351487991243575,0.0,0.11351487991243575,0.11351487991243575,0.3819576326034893,0.0,0.3819576326034893,0.3819576326034893,2701.3774654354893,0.0,2701.3774654354893,2701.3774654354893,10585.109320924008,0.0,10585.109320924008,10585.109320924008,0.0,0.0,0.0,0.0
300.0,last_observed_point,0.66,1,0.5494858156113993,0.0,0.5494858156113993,0.5494858156113993,0.6311723554067882,0.0,0.6311723554067882,0.6311723554067882,0.6734458388702039,0.0,0.6734458388702039,0.6734458388702039,0.25266927259390604,0.0,0.25266927259390604,0.25266927259390604,0.27541229352174745,0.0,0.27541229352174745,0.27541229352174745,0.2923933744389592,0.0,0.2923933744389592,0.2923933744389592,0.2964413006262508,0.0,0.2964413006262508,0.2964413006262508,0.2964413006262508,0.0,0.2964413006262508,0.2964413006262508,0.5023321884944401,0.0,0.5023321884944401,0.5023321884944401,1860.3970415939532,0.0,1860.3970415939532,1860.3970415939532,27743.028112133303,0.0,27743.028112133303,27743.028112133303,0.16484532839659452,0.0,0.16484532839659452,0.16484532839659452,0.4858537082897792,0.0,0.4858537082897792,0.4858537082897792,1941.9776097367712,0.0,1941.9776097367712,1941.9776097367712,8898.14156128582,0.0,8898.14156128582,8898.14156128582,0.0,0.0,0.0,0.0
300.0,last_observed_point,0.75,1,0.5494858156113993,0.0,0.5494858156113993,0.5494858156113993,0.6311723554067882,0.0,0.6311723554067882,0.6311723554067882,0.6734458388702039,0.0,0.6734458388702039,0.6734458388702039,0.3128121577892874,0.0,0.3128121577892874,0.3128121577892874,0.3426246064351346,0.0,0.3426246064351346,0.3426246064351346,0.3614174267266925,0.0,0.3614174267266925,0.3614174267266925,0.37759262163009705,0.0,0.37759262163009705,0.37759262163009705,0.37759262163009705,0.0,0.37759262163009705,0.37759262163009705,0.5740758177498432,0.0,0.5740758177498432,0.5740758177498432,1546.7697974506364,0.0,1546.7697974506364,1546.7697974506364,26404.282228311098,0.0,26404.282228311098,26404.282228311098,0.22112869471396362,0.0,0.22112869471396362,0.22112869471396362,0.5618378817877453,0.0,0.5618378817877453,0.5618378817877453,1522.837512277221,0.0,1522.837512277221,1522.837512277221,7360.4557010426415,0.0,7360.4557010426415,7360.4557010426415,0.0,0.0,0.0,0.0
300.0,most_frequent_personal_destination,0.25,1,0.5494858156113993,0.0,0.5494858156113993,0.5494858156113993,0.6311723554067882,0.0,0.6311723554067882,0.6311723554067882,0.6734458388702039,0.0,0.6734458388702039,0.6734458388702039,0.30860058598586787,0.0,0.30860058598586787,0.30860058598586787,0.3634917006444363,0.0,0.3634917006444363,0.3634917006444363,0.38605269982888224,0.0,0.38605269982888224,0.38605269982888224,0.3571470884468625,0.0,0.3571470884468625,0.3571470884468625,0.3571470884468625,0.0,0.3571470884468625,0.3571470884468625,0.48505996886735303,0.0,0.48505996886735303,0.48505996886735303,3453.951961936183,0.0,3453.951961936183,3453.951961936183,298230.6994625409,0.0,298230.6994625409,298230.6994625409,0.36641494202162767,0.0,0.36641494202162767,0.36641494202162767,0.4792329854518443,0.0,0.4792329854518443,0.4792329854518443,3448.5485768683393,0.0,3448.5485768683393,3448.5485768683393,298239.76169988065,0.0,298239.76169988065,298239.76169988065,0.0,0.0,0.0,0.0
300.0,most_frequent_personal_destination,0.5,1,0.5494858156113993,0.0,0.5494858156113993,0.5494858156113993,0.6311723554067882,0.0,0.6311723554067882,0.6311723554067882,0.6734458388702039,0.0,0.6734458388702039,0.6734458388702039,0.30860058598586787,0.0,0.30860058598586787,0.30860058598586787,0.3634917006444363,0.0,0.3634917006444363,0.3634917006444363,0.38605269982888224,0.0,0.38605269982888224,0.38605269982888224,0.3571470884468625,0.0,0.3571470884468625,0.3571470884468625,0.3571470884468625,0.0,0.3571470884468625,0.3571470884468625,0.48505996886735303,0.0,0.48505996886735303,0.48505996886735303,3453.951961936183,0.0,3453.951961936183,3453.951961936183,298230.6994625409,0.0,298230.6994625409,298230.6994625409,0.36641494202162767,0.0,0.36641494202162767,0.36641494202162767,0.4792329854518443,0.0,0.4792329854518443,0.4792329854518443,3448.5485768683393,0.0,3448.5485768683393,3448.5485768683393,298239.76169988065,0.0,298239.76169988065,298239.76169988065,0.0,0.0,0.0,0.0
300.0,most_frequent_personal_destination,0.66,1,0.5494858156113993,0.0,0.5494858156113993,0.5494858156113993,0.6311723554067882,0.0,0.6311723554067882,0.6311723554067882,0.6734458388702039,0.0,0.6734458388702039,0.6734458388702039,0.30860058598586787,0.0,0.30860058598586787,0.30860058598586787,0.3634917006444363,0.0,0.3634917006444363,0.3634917006444363,0.38605269982888224,0.0,0.38605269982888224,0.38605269982888224,0.3571470884468625,0.0,0.3571470884468625,0.3571470884468625,0.3571470884468625,0.0,0.3571470884468625,0.3571470884468625,0.48505996886735303,0.0,0.48505996886735303,0.48505996886735303,3453.951961936183,0.0,3453.951961936183,3453.951961936183,298230.6994625409,0.0,298230.6994625409,298230.6994625409,0.36641494202162767,0.0,0.36641494202162767,0.36641494202162767,0.4792329854518443,0.0,0.4792329854518443,0.4792329854518443,3448.5485768683393,0.0,3448.5485768683393,3448.5485768683393,298239.76169988065,0.0,298239.76169988065,298239.76169988065,0.0,0.0,0.0,0.0
300.0,most_frequent_personal_destination,0.75,1,0.5494858156113993,0.0,0.5494858156113993,0.5494858156113993,0.6311723554067882,0.0,0.6311723554067882,0.6311723554067882,0.6734458388702039,0.0,0.6734458388702039,0.6734458388702039,0.30860058598586787,0.0,0.30860058598586787,0.30860058598586787,0.3634917006444363,0.0,0.3634917006444363,0.3634917006444363,0.38605269982888224,0.0,0.38605269982888224,0.38605269982888224,0.3571470884468625,0.0,0.3571470884468625,0.3571470884468625,0.3571470884468625,0.0,0.3571470884468625,0.3571470884468625,0.48505996886735303,0.0,0.48505996886735303,0.48505996886735303,3453.951961936183,0.0,3453.951961936183,3453.951961936183,298230.6994625409,0.0,298230.6994625409,298230.6994625409,0.36641494202162767,0.0,0.36641494202162767,0.36641494202162767,0.4792329854518443,0.0,0.4792329854518443,0.4792329854518443,3448.5485768683393,0.0,3448.5485768683393,3448.5485768683393,298239.76169988065,0.0,298239.76169988065,298239.76169988065,0.0,0.0,0.0,0.0
300.0,nearest_known_destination_to_current_point,0.25,1,0.5494858156113993,0.0,0.5494858156113993,0.5494858156113993,0.6311723554067882,0.0,0.6311723554067882,0.6311723554067882,0.6734458388702039,0.0,0.6734458388702039,0.6734458388702039,0.13602709719021003,0.0,0.13602709719021003,0.13602709719021003,0.14416148470498436,0.0,0.14416148470498436,0.14416148470498436,0.15253733276101436,0.0,0.15253733276101436,0.15253733276101436,0.15108783040451076,0.0,0.15108783040451076,0.15108783040451076,0.15108783040451076,0.0,0.15108783040451076,0.15108783040451076,0.30125783586019717,0.0,0.30125783586019717,0.30125783586019717,4124.958428602753,0.0,4124.958428602753,4124.958428602753,34337.798408779905,0.0,34337.798408779905,34337.798408779905,0.11428802609388741,0.0,0.11428802609388741,0.11428802609388741,0.3025757279492513,0.0,0.3025757279492513,0.3025757279492513,4078.35666746047,0.0,4078.35666746047,4078.35666746047,34347.65101840756,0.0,34347.65101840756,34347.65101840756,0.0,0.0,0.0,0.0
300.0,nearest_known_destination_to_current_point,0.5,1,0.5494858156113993,0.0,0.5494858156113993,0.5494858156113993,0.6311723554067882,0.0,0.6311723554067882,0.6311723554067882,0.6734458388702039,0.0,0.6734458388702039,0.6734458388702039,0.18952216163951685,0.0,0.18952216163951685,0.18952216163951685,0.2060276382646393,0.0,0.2060276382646393,0.2060276382646393,0.2192549322070645,0.0,0.2192549322070645,0.2192549322070645,0.2144808175513864,0.0,0.2144808175513864,0.2144808175513864,0.2144808175513864,0.0,0.2144808175513864,0.2144808175513864,0.4051334130004262,0.0,0.4051334130004262,0.4051334130004262,2539.1764941262395,0.0,2539.1764941262395,2539.1764941262395,28444.630746239643,0.0,28444.630746239643,28444.630746239643,0.1708296242547683,0.0,0.1708296242547683,0.1708296242547683,0.4081039584896274,0.0,0.4081039584896274,0.4081039584896274,2548.3042498892232,0.0,2548.3042498892232,2548.3042498892232,28439.28040697409,0.0,28439.28040697409,28439.28040697409,0.0,0.0,0.0,0.0
300.0,nearest_known_destination_to_current_point,0.66,1,0.5494858156113993,0.0,0.5494858156113993,0.5494858156113993,0.6311723554067882,0.0,0.6311723554067882,0.6311723554067882,0.6734458388702039,0.0,0.6734458388702039,0.6734458388702039,0.24925011670405972,0.0,0.24925011670405972,0.24925011670405972,0.27169328755693867,0.0,0.27169328755693867,0.27169328755693867,0.2879247432867441,0.0,0.2879247432867441,0.2879247432867441,0.2935755685463272,0.0,0.2935755685463272,0.2935755685463272,0.2935755685463272,0.0,0.2935755685463272,0.2935755685463272,0.5020155339602868,0.0,0.5020155339602868,0.5020155339602868,1863.468453834362,0.0,1863.468453834362,1863.468453834362,27736.86174787802,0.0,27736.86174787802,27736.86174787802,0.2581165915109109,0.0,0.2581165915109109,0.2581165915109109,0.504049998194922,0.0,0.504049998194922,0.504049998194922,1873.8000340341912,0.0,1873.8000340341912,1873.8000340341912,27743.299575910092,0.0,27743.299575910092,27743.299575910092,0.0,0.0,0.0,0.0
300.0,nearest_known_destination_to_current_point,0.75,1,0.5494858156113993,0.0,0.5494858156113993,0.5494858156113993,0.6311723554067882,0.0,0.6311723554067882,0.6311723554067882,0.6734458388702039,0.0,0.6734458388702039,0.6734458388702039,0.31451129638043523,0.0,0.31451129638043523,0.31451129638043523,0.3433196487128605,0.0,0.3433196487128605,0.3433196487128605,0.36088201124854696,0.0,0.36088201124854696,0.36088201124854696,0.37927849524879287,0.0,0.37927849524879287,0.37927849524879287,0.37927849524879287,0.0,0.37927849524879287,0.37927849524879287,0.5758859566344278,0.0,0.5758859566344278,0.5758859566344278,1543.6563484891071,0.0,1543.6563484891071,1543.6563484891071,26395.147757463328,0.0,26395.147757463328,26395.147757463328,0.33804360915885684,0.0,0.33804360915885684,0.33804360915885684,0.5757833614270222,0.0,0.5757833614270222,0.5757833614270222,1561.8879145755668,0.0,1561.8879145755668,1561.8879145755668,26407.526831912746,0.0,26407.526831912746,26407.526831912746,0.0,0.0,0.0,0.0
300.0,probabilistic_grid_pattern_retrieval,0.25,1,0.5494858156113993,0.0,0.5494858156113993,0.5494858156113993,0.6311723554067882,0.0,0.6311723554067882,0.6311723554067882,0.6734458388702039,0.0,0.6734458388702039,0.6734458388702039,0.3882808911263134,0.0,0.3882808911263134,0.3882808911263134,0.4494345672538725,0.0,0.4494345672538725,0.4494345672538725,0.4800225156796297,0.0,0.4800225156796297,0.4800225156796297,0.46638913364596035,0.0,0.46638913364596035,0.46638913364596035,0.46759686311455934,0.0,0.46759686311455934,0.46759686311455934,0.5909598137095694,0.0,0.5909598137095694,0.5909598137095694,1172.0534697968446,0.0,1172.0534697968446,1172.0534697968446,54259.13127458628,0.0,54259.13127458628,54259.13127458628,0.48372475922717095,0.0,0.48372475922717095,0.48372475922717095,0.5911709364475994,0.0,0.5911709364475994,0.5911709364475994,1164.53362222249,0.0,1164.53362222249,1164.53362222249,54258.47607927484,0.0,54258.47607927484,54258.47607927484,0.12638280168175692,0.0,0.12638280168175692,0.12638280168175692
300.0,probabilistic_grid_pattern_retrieval,0.5,1,0.5494858156113993,0.0,0.5494858156113993,0.5494858156113993,0.6311723554067882,0.0,0.6311723554067882,0.6311723554067882,0.6734458388702039,0.0,0.6734458388702039,0.6734458388702039,0.40168338108046703,0.0,0.40168338108046703,0.40168338108046703,0.46290161133809765,0.0,0.46290161133809765,0.46290161133809765,0.4931336636989645,0.0,0.4931336636989645,0.4931336636989645,0.4734302484739423,0.0,0.4734302484739423,0.4734302484739423,0.47463797794254126,0.0,0.47463797794254126,0.47463797794254126,0.6156334183902871,0.0,0.6156334183902871,0.6156334183902871,895.6813273780127,0.0,895.6813273780127,895.6813273780127,40360.555158042815,0.0,40360.555158042815,40360.555158042815,0.4884788819383987,0.0,0.4884788819383987,0.4884788819383987,0.6165600715644518,0.0,0.6165600715644518,0.6165600715644518,867.7124342731177,0.0,867.7124342731177,867.7124342731177,40361.4226753381,0.0,40361.4226753381,40361.4226753381,0.1258342526853084,0.0,0.1258342526853084,0.1258342526853084
300.0,probabilistic_grid_pattern_retrieval,0.66,1,0.5494858156113993,0.0,0.5494858156113993,0.5494858156113993,0.6311723554067882,0.0,0.6311723554067882,0.6311723554067882,0.6734458388702039,0.0,0.6734458388702039,0.6734458388702039,0.42521105806274406,0.0,0.42521105806274406,0.42521105806274406,0.4840853744264558,0.0,0.4840853744264558,0.4840853744264558,0.5170705986765841,0.0,0.5170705986765841,0.5170705986765841,0.5033750649005941,0.0,0.5033750649005941,0.5033750649005941,0.5033750649005941,0.0,0.5033750649005941,0.5033750649005941,0.6404905780880482,0.0,0.6404905780880482,0.6404905780880482,776.8664970721148,0.0,776.8664970721148,776.8664970721148,37086.14052981742,0.0,37086.14052981742,37086.14052981742,0.5177279692571628,0.0,0.5177279692571628,0.5177279692571628,0.6414211130362013,0.0,0.6414211130362013,0.6414211130362013,739.4887198309144,0.0,739.4887198309144,739.4887198309144,37086.84010249017,0.0,37086.84010249017,37086.84010249017,0.1258437987416982,0.0,0.1258437987416982,0.1258437987416982
300.0,probabilistic_grid_pattern_retrieval,0.75,1,0.5494858156113993,0.0,0.5494858156113993,0.5494858156113993,0.6311723554067882,0.0,0.6311723554067882,0.6311723554067882,0.6734458388702039,0.0,0.6734458388702039,0.6734458388702039,0.4361463581972424,0.0,0.4361463581972424,0.4361463581972424,0.49836277087519454,0.0,0.49836277087519454,0.49836277087519454,0.5308950474266275,0.0,0.5308950474266275,0.5308950474266275,0.518096168487161,0.0,0.518096168487161,0.518096168487161,0.518096168487161,0.0,0.518096168487161,0.518096168487161,0.6571210692420466,0.0,0.6571210692420466,0.6571210692420466,692.4988517296166,0.0,692.4988517296166,692.4988517296166,34351.92300220731,0.0,34351.92300220731,34351.92300220731,0.531285309761656,0.0,0.531285309761656,0.531285309761656,0.6583303952070624,0.0,0.6583303952070624,0.6583303952070624,656.8848942401092,0.0,656.8848942401092,656.8848942401092,34354.66115288462,0.0,34354.66115288462,34354.66115288462,0.12559862807393074,0.0,0.12559862807393074,0.12559862807393074
300.0,tsmini,0.25,5,0.5494858156113993,0.0,0.5494858156113993,0.5494858156113993,0.6311723554067882,0.0,0.6311723554067882,0.6311723554067882,0.6734458388702039,0.0,0.6734458388702039,0.6734458388702039,0.33328285602835,0.007984958970981832,0.32228283453503825,0.3424512320504443,0.38129325034086525,0.00904231773619335,0.3701274971907387,0.3953105175616537,0.4071865979123965,0.010085058299448973,0.39518260068241734,0.423148253645892,0.3983544843062913,0.011869646906089564,0.3833166760234291,0.41640642500375297,0.3983544843062913,0.011869646906089564,0.3833166760234291,0.41640642500375297,0.5304561983363771,0.01840794152685779,0.5116755435350578,0.561280044115202,1870.750203298166,142.97754149586487,1721.004301477385,2108.2457185481558,109521.4935892669,9318.43240429481,100867.1459176368,125456.42675026812,0.37885904442063323,0.014004251705017963,0.3650989929548318,0.4025359347909645,0.531341836709052,0.019254242341784987,0.510171310209883,0.5628425071175753,1873.7801923543054,140.54102223688272,1720.5148136496266,2104.333838593053,109526.20410550156,9320.542441023917,100869.59464372181,125464.54803715771,0.024373410269617996,0.00022747285782610563,0.02412591129541395,0.024664448574185323
300.0,tsmini,0.5,5,0.5494858156113993,0.0,0.5494858156113993,0.5494858156113993,0.6311723554067882,0.0,0.6311723554067882,0.6311723554067882,0.6734458388702039,0.0,0.6734458388702039,0.6734458388702039,0.37156042092506036,0.00976676158761587,0.3599591279270414,0.38685511932786576,0.4208364793625473,0.01051036052675932,0.40847313910905525,0.43642960531013214,0.4458749430368004,0.007689020292299703,0.43818233780720106,0.45693041622831104,0.4404505119457395,0.007423737495407274,0.4306914067317749,0.449971792111053,0.4404505119457395,0.007423737495407274,0.4306914067317749,0.449971792111053,0.5814289877937188,0.009311527317885109,0.5707472590842908,0.5914591992457354,1246.1877513571148,155.14920275649519,1068.7074150039407,1462.3522022283264,111769.24632433619,11359.929042356507,99883.59863463795,125030.51885064262,0.42631237919485976,0.010257041506579885,0.41508870849812357,0.43488902088794673,0.5838419829210978,0.009472247859506913,0.5732442458977465,0.5940796827632338,1250.1668838317487,157.88536198733942,1069.2057372104662,1472.7085155957723,111761.97915867742,11356.160118014772,99882.46609009709,125023.92503917265,0.024562980979680977,0.00022210807220065382,0.024389009922742826,0.024934997782111147
300.0,tsmini,0.66,5,0.5494858156113993,0.0,0.5494858156113993,0.5494858156113993,0.6311723554067882,0.0,0.6311723554067882,0.6311723554067882,0.6734458388702039,0.0,0.6734458388702039,0.6734458388702039,0.3935401779047961,0.009469005133548867,0.3786230180614497,0.40393291433914824,0.44841175560931096,0.01021145179960009,0.43232913901325554,0.46054370302175335,0.4765280091516412,0.008731182987697286,0.46409628822278803,0.48864849600688837,0.46382099065994914,0.010264852620831757,0.4491838528660392,0.47366509226577624,0.46382099065994914,0.010264852620831757,0.4491838528660392,0.47366509226577624,0.6040395733128627,0.013803326970645055,0.5911616472128941,0.6259735546606177,1048.468451407513,118.39326043356749,880.3254425829033,1150.624215916229,93913.37776256466,9095.062465180301,84783.34000732526,109155.76256597054,0.4487970618016834,0.01216147231621037,0.4334873122022215,0.4654134032274917,0.6057395434118804,0.013687720805351782,0.5916104093264424,0.6266546275346533,1060.0224664583495,118.13305828822403,889.139482025597,1158.5622262741558,93916.82965005194,9099.122530597917,84790.4598357733,109169.68959773274,0.0248820055276155,0.0003068429021544121,0.02460274845361705,0.025226967409253075
300.0,tsmini,0.75,5,0.5494858156113993,0.0,0.5494858156113993,0.5494858156113993,0.6311723554067882,0.0,0.6311723554067882,0.6311723554067882,0.6734458388702039,0.0,0.6734458388702039,0.6734458388702039,0.3984760139231667,0.007091485683288737,0.3921580281196811,0.4103105155919913,0.45506698594660905,0.007973731869434158,0.4463716618953837,0.4681618888150937,0.4837637685210213,0.008600661189669671,0.4759816512026516,0.4984219955460706,0.47096858621056825,0.00796926181945054,0.45912357982543744,0.4814835966924588,0.47145167799800786,0.008377558490099513,0.45912357982543744,0.4826913261610578,0.6200171276550781,0.008894104638813962,0.6098067503507909,0.6331844049486639,950.4775919698084,115.33582644978918,799.1421934615829,1078.543055477744,101963.08420756561,48453.31982335413,72144.98176813571,188134.0823893564,0.4579801697795169,0.007874303574629196,0.4475502690666676,0.46824903651099686,0.6211758361781066,0.009293214923289682,0.6084394440802017,0.6335354276188218,962.9934787199018,113.66285474479946,811.9601461594485,1082.8567930002737,101972.67390804693,48458.11240554962,72155.09491452284,188152.41526008327,0.024928851053118668,0.00032594496434697434,0.024359906092286075,0.025147804990410777
